ISO-10303-21;
HEADER;
FILE_DESCRIPTION(('Open CASCADE Model'),'2;1');
FILE_NAME('C1_1000uF_leads_trimmed_to_3mm_for_assembly',
  '2026-09-25T10:00:09',('Author'),('Open CASCADE'),
  'Open CASCADE STEP processor 7.9','build123d','Unknown');
FILE_SCHEMA(('AUTOMOTIVE_DESIGN { 1 0 10303 214 1 1 1 1 }'));
ENDSEC;
DATA;
#1 = APPLICATION_PROTOCOL_DEFINITION('international standard',
  'automotive_design',2000,#2);
#2 = APPLICATION_CONTEXT(
  'core data for automotive mechanical design processes');
#3 = SHAPE_DEFINITION_REPRESENTATION(#4,#10);
#4 = PRODUCT_DEFINITION_SHAPE('','',#5);
#5 = PRODUCT_DEFINITION('design','',#6,#9);
#6 = PRODUCT_DEFINITION_FORMATION('','',#7);
#7 = PRODUCT('C1_1000uF_leads_trimmed_to_3mm_for_assembly',
  'C1_1000uF_leads_trimmed_to_3mm_for_assembly','',(#8));
#8 = PRODUCT_CONTEXT('',#2,'mechanical');
#9 = PRODUCT_DEFINITION_CONTEXT('part definition',#2,'design');
#10 = SHAPE_REPRESENTATION('',(#11,#15,#1061,#1163,#1265,#4075),#5145);
#11 = AXIS2_PLACEMENT_3D('',#12,#13,#14);
#12 = CARTESIAN_POINT('',(0.,0.,0.));
#13 = DIRECTION('',(0.,0.,1.));
#14 = DIRECTION('',(1.,0.,-0.));
#15 = MANIFOLD_SOLID_BREP('',#16);
#16 = CLOSED_SHELL('',(#17,#545,#616,#642,#669,#740,#766,#793,#797,#868,
    #894,#921,#992,#1018,#1045));
#17 = ADVANCED_FACE('',(#18),#33,.T.);
#18 = FACE_BOUND('',#19,.T.);
#19 = EDGE_LOOP('',(#20,#60,#88,#117,#145,#169,#197,#226,#254,#278,#301,
    #328,#329,#353,#381,#410,#438,#462,#490,#519));
#20 = ORIENTED_EDGE('',*,*,#21,.T.);
#21 = EDGE_CURVE('',#22,#24,#26,.T.);
#22 = VERTEX_POINT('',#23);
#23 = CARTESIAN_POINT('',(-3.861683577675,19.75,0.25));
#24 = VERTEX_POINT('',#25);
#25 = CARTESIAN_POINT('',(-3.861683577675,19.75,-0.25));
#26 = SURFACE_CURVE('',#27,(#32,#44),.PCURVE_S1.);
#27 = CIRCLE('',#28,3.86976744186);
#28 = AXIS2_PLACEMENT_3D('',#29,#30,#31);
#29 = CARTESIAN_POINT('',(5.565215277266E-16,19.75,0.));
#30 = DIRECTION('',(-0.,-1.,0.));
#31 = DIRECTION('',(-0.997911020673,0.,6.460336538462E-02));
#32 = PCURVE('',#33,#38);
#33 = CYLINDRICAL_SURFACE('',#34,3.86976744186);
#34 = AXIS2_PLACEMENT_3D('',#35,#36,#37);
#35 = CARTESIAN_POINT('',(5.565935657737E-16,19.9,0.));
#36 = DIRECTION('',(-4.802536467244E-19,-1.,-0.));
#37 = DIRECTION('',(1.,-4.802536467244E-19,0.));
#38 = DEFINITIONAL_REPRESENTATION('',(#39),#43);
#39 = LINE('',#40,#41);
#40 = CARTESIAN_POINT('',(3.076944265551,0.15));
#41 = VECTOR('',#42,1.);
#42 = DIRECTION('',(1.,-0.));
#43 = ( GEOMETRIC_REPRESENTATION_CONTEXT(2) 
PARAMETRIC_REPRESENTATION_CONTEXT() REPRESENTATION_CONTEXT('2D SPACE',''
  ) );
#44 = PCURVE('',#45,#50);
#45 = PLANE('',#46);
#46 = AXIS2_PLACEMENT_3D('',#47,#48,#49);
#47 = CARTESIAN_POINT('',(-7.203804700866E-20,19.75,0.));
#48 = DIRECTION('',(-0.,1.,0.));
#49 = DIRECTION('',(0.,0.,1.));
#50 = DEFINITIONAL_REPRESENTATION('',(#51),#59);
#51 = ( BOUNDED_CURVE() B_SPLINE_CURVE(2,(#52,#53,#54,#55,#56,#57,#58),
.UNSPECIFIED.,.T.,.F.) B_SPLINE_CURVE_WITH_KNOTS((1,2,2,2,2,1),(
    -2.094395102393,0.,2.094395102393,4.188790204786,6.28318530718,
8.377580409573),.UNSPECIFIED.) CURVE() GEOMETRIC_REPRESENTATION_ITEM() 
RATIONAL_B_SPLINE_CURVE((1.,0.5,1.,0.5,1.,0.5,1.)) REPRESENTATION_ITEM(
  '') );
#52 = CARTESIAN_POINT('',(0.25,-3.861683577675));
#53 = CARTESIAN_POINT('',(-6.438632159287,-4.294696279567));
#54 = CARTESIAN_POINT('',(-3.469316079644,1.714335437891));
#55 = CARTESIAN_POINT('',(-0.5,7.72336715535));
#56 = CARTESIAN_POINT('',(3.219316079644,2.147348139784));
#57 = CARTESIAN_POINT('',(6.938632159287,-3.428670875783));
#58 = CARTESIAN_POINT('',(0.25,-3.861683577675));
#59 = ( GEOMETRIC_REPRESENTATION_CONTEXT(2) 
PARAMETRIC_REPRESENTATION_CONTEXT() REPRESENTATION_CONTEXT('2D SPACE',''
  ) );
#60 = ORIENTED_EDGE('',*,*,#61,.T.);
#61 = EDGE_CURVE('',#24,#62,#64,.T.);
#62 = VERTEX_POINT('',#63);
#63 = CARTESIAN_POINT('',(-3.861683577675,19.9,-0.25));
#64 = SURFACE_CURVE('',#65,(#69,#76),.PCURVE_S1.);
#65 = LINE('',#66,#67);
#66 = CARTESIAN_POINT('',(-3.861683577675,19.9,-0.25));
#67 = VECTOR('',#68,1.);
#68 = DIRECTION('',(4.802536467244E-19,1.,0.));
#69 = PCURVE('',#33,#70);
#70 = DEFINITIONAL_REPRESENTATION('',(#71),#75);
#71 = LINE('',#72,#73);
#72 = CARTESIAN_POINT('',(3.206241041629,0.));
#73 = VECTOR('',#74,1.);
#74 = DIRECTION('',(0.,-1.));
#75 = ( GEOMETRIC_REPRESENTATION_CONTEXT(2) 
PARAMETRIC_REPRESENTATION_CONTEXT() REPRESENTATION_CONTEXT('2D SPACE',''
  ) );
#76 = PCURVE('',#77,#82);
#77 = PLANE('',#78);
#78 = AXIS2_PLACEMENT_3D('',#79,#80,#81);
#79 = CARTESIAN_POINT('',(-4.459664910182,19.75,-0.25));
#80 = DIRECTION('',(0.,0.,-1.));
#81 = DIRECTION('',(-1.,0.,-0.));
#82 = DEFINITIONAL_REPRESENTATION('',(#83),#87);
#83 = LINE('',#84,#85);
#84 = CARTESIAN_POINT('',(-0.597981332507,0.15));
#85 = VECTOR('',#86,1.);
#86 = DIRECTION('',(-4.802536467244E-19,1.));
#87 = ( GEOMETRIC_REPRESENTATION_CONTEXT(2) 
PARAMETRIC_REPRESENTATION_CONTEXT() REPRESENTATION_CONTEXT('2D SPACE',''
  ) );
#88 = ORIENTED_EDGE('',*,*,#89,.F.);
#89 = EDGE_CURVE('',#90,#62,#92,.T.);
#90 = VERTEX_POINT('',#91);
#91 = CARTESIAN_POINT('',(-0.25,19.9,-3.861683577675));
#92 = SURFACE_CURVE('',#93,(#98,#105),.PCURVE_S1.);
#93 = CIRCLE('',#94,3.86976744186);
#94 = AXIS2_PLACEMENT_3D('',#95,#96,#97);
#95 = CARTESIAN_POINT('',(5.565935657737E-16,19.9,0.));
#96 = DIRECTION('',(4.802536467244E-19,1.,0.));
#97 = DIRECTION('',(-1.,4.802536467244E-19,0.));
#98 = PCURVE('',#33,#99);
#99 = DEFINITIONAL_REPRESENTATION('',(#100),#104);
#100 = LINE('',#101,#102);
#101 = CARTESIAN_POINT('',(9.424777960769,0.));
#102 = VECTOR('',#103,1.);
#103 = DIRECTION('',(-1.,0.));
#104 = ( GEOMETRIC_REPRESENTATION_CONTEXT(2) 
PARAMETRIC_REPRESENTATION_CONTEXT() REPRESENTATION_CONTEXT('2D SPACE',''
  ) );
#105 = PCURVE('',#106,#111);
#106 = PLANE('',#107);
#107 = AXIS2_PLACEMENT_3D('',#108,#109,#110);
#108 = CARTESIAN_POINT('',(5.565935657737E-16,19.9,0.));
#109 = DIRECTION('',(4.802536467244E-19,1.,0.));
#110 = DIRECTION('',(-1.,4.802536467244E-19,0.));
#111 = DEFINITIONAL_REPRESENTATION('',(#112),#116);
#112 = CIRCLE('',#113,3.86976744186);
#113 = AXIS2_PLACEMENT_2D('',#114,#115);
#114 = CARTESIAN_POINT('',(0.,0.));
#115 = DIRECTION('',(1.,0.));
#116 = ( GEOMETRIC_REPRESENTATION_CONTEXT(2) 
PARAMETRIC_REPRESENTATION_CONTEXT() REPRESENTATION_CONTEXT('2D SPACE',''
  ) );
#117 = ORIENTED_EDGE('',*,*,#118,.T.);
#118 = EDGE_CURVE('',#90,#119,#121,.T.);
#119 = VERTEX_POINT('',#120);
#120 = CARTESIAN_POINT('',(-0.25,19.75,-3.861683577675));
#121 = SURFACE_CURVE('',#122,(#126,#133),.PCURVE_S1.);
#122 = LINE('',#123,#124);
#123 = CARTESIAN_POINT('',(-0.25,19.9,-3.861683577675));
#124 = VECTOR('',#125,1.);
#125 = DIRECTION('',(-4.802536467244E-19,-1.,-0.));
#126 = PCURVE('',#33,#127);
#127 = DEFINITIONAL_REPRESENTATION('',(#128),#132);
#128 = LINE('',#129,#130);
#129 = CARTESIAN_POINT('',(4.647740592346,0.));
#130 = VECTOR('',#131,1.);
#131 = DIRECTION('',(0.,1.));
#132 = ( GEOMETRIC_REPRESENTATION_CONTEXT(2) 
PARAMETRIC_REPRESENTATION_CONTEXT() REPRESENTATION_CONTEXT('2D SPACE',''
  ) );
#133 = PCURVE('',#134,#139);
#134 = PLANE('',#135);
#135 = AXIS2_PLACEMENT_3D('',#136,#137,#138);
#136 = CARTESIAN_POINT('',(-0.25,19.75,-0.25));
#137 = DIRECTION('',(-1.,4.802536467244E-19,-1.261998462711E-15));
#138 = DIRECTION('',(-1.261998462711E-15,-1.299730214674E-50,1.));
#139 = DEFINITIONAL_REPRESENTATION('',(#140),#144);
#140 = LINE('',#141,#142);
#141 = CARTESIAN_POINT('',(-3.611683577675,0.15));
#142 = VECTOR('',#143,1.);
#143 = DIRECTION('',(6.060793638776E-34,-1.));
#144 = ( GEOMETRIC_REPRESENTATION_CONTEXT(2) 
PARAMETRIC_REPRESENTATION_CONTEXT() REPRESENTATION_CONTEXT('2D SPACE',''
  ) );
#145 = ORIENTED_EDGE('',*,*,#146,.F.);
#146 = EDGE_CURVE('',#147,#119,#149,.T.);
#147 = VERTEX_POINT('',#148);
#148 = CARTESIAN_POINT('',(0.25,19.75,-3.861683577675));
#149 = SURFACE_CURVE('',#150,(#155,#162),.PCURVE_S1.);
#150 = CIRCLE('',#151,3.86976744186);
#151 = AXIS2_PLACEMENT_3D('',#152,#153,#154);
#152 = CARTESIAN_POINT('',(5.565215277266E-16,19.75,0.));
#153 = DIRECTION('',(-0.,1.,0.));
#154 = DIRECTION('',(0.,0.,1.));
#155 = PCURVE('',#33,#156);
#156 = DEFINITIONAL_REPRESENTATION('',(#157),#161);
#157 = LINE('',#158,#159);
#158 = CARTESIAN_POINT('',(7.853981633974,0.15));
#159 = VECTOR('',#160,1.);
#160 = DIRECTION('',(-1.,0.));
#161 = ( GEOMETRIC_REPRESENTATION_CONTEXT(2) 
PARAMETRIC_REPRESENTATION_CONTEXT() REPRESENTATION_CONTEXT('2D SPACE',''
  ) );
#162 = PCURVE('',#45,#163);
#163 = DEFINITIONAL_REPRESENTATION('',(#164),#168);
#164 = CIRCLE('',#165,3.86976744186);
#165 = AXIS2_PLACEMENT_2D('',#166,#167);
#166 = CARTESIAN_POINT('',(0.,5.565935657737E-16));
#167 = DIRECTION('',(1.,0.));
#168 = ( GEOMETRIC_REPRESENTATION_CONTEXT(2) 
PARAMETRIC_REPRESENTATION_CONTEXT() REPRESENTATION_CONTEXT('2D SPACE',''
  ) );
#169 = ORIENTED_EDGE('',*,*,#170,.T.);
#170 = EDGE_CURVE('',#147,#171,#173,.T.);
#171 = VERTEX_POINT('',#172);
#172 = CARTESIAN_POINT('',(0.25,19.9,-3.861683577675));
#173 = SURFACE_CURVE('',#174,(#178,#185),.PCURVE_S1.);
#174 = LINE('',#175,#176);
#175 = CARTESIAN_POINT('',(0.25,19.9,-3.861683577675));
#176 = VECTOR('',#177,1.);
#177 = DIRECTION('',(4.802536467244E-19,1.,0.));
#178 = PCURVE('',#33,#179);
#179 = DEFINITIONAL_REPRESENTATION('',(#180),#184);
#180 = LINE('',#181,#182);
#181 = CARTESIAN_POINT('',(4.777037368424,0.));
#182 = VECTOR('',#183,1.);
#183 = DIRECTION('',(0.,-1.));
#184 = ( GEOMETRIC_REPRESENTATION_CONTEXT(2) 
PARAMETRIC_REPRESENTATION_CONTEXT() REPRESENTATION_CONTEXT('2D SPACE',''
  ) );
#185 = PCURVE('',#186,#191);
#186 = PLANE('',#187);
#187 = AXIS2_PLACEMENT_3D('',#188,#189,#190);
#188 = CARTESIAN_POINT('',(0.25,19.75,-0.25));
#189 = DIRECTION('',(1.,-4.802536467244E-19,1.043080362037E-15));
#190 = DIRECTION('',(1.043080362037E-15,-2.661576657625E-50,-1.));
#191 = DEFINITIONAL_REPRESENTATION('',(#192),#196);
#192 = LINE('',#193,#194);
#193 = CARTESIAN_POINT('',(3.611683577675,0.15));
#194 = VECTOR('',#195,1.);
#195 = DIRECTION('',(5.009431476948E-34,1.));
#196 = ( GEOMETRIC_REPRESENTATION_CONTEXT(2) 
PARAMETRIC_REPRESENTATION_CONTEXT() REPRESENTATION_CONTEXT('2D SPACE',''
  ) );
#197 = ORIENTED_EDGE('',*,*,#198,.F.);
#198 = EDGE_CURVE('',#199,#171,#201,.T.);
#199 = VERTEX_POINT('',#200);
#200 = CARTESIAN_POINT('',(3.861683577675,19.9,-0.25));
#201 = SURFACE_CURVE('',#202,(#207,#214),.PCURVE_S1.);
#202 = CIRCLE('',#203,3.86976744186);
#203 = AXIS2_PLACEMENT_3D('',#204,#205,#206);
#204 = CARTESIAN_POINT('',(5.565935657737E-16,19.9,0.));
#205 = DIRECTION('',(4.802536467244E-19,1.,0.));
#206 = DIRECTION('',(-1.,4.802536467244E-19,0.));
#207 = PCURVE('',#33,#208);
#208 = DEFINITIONAL_REPRESENTATION('',(#209),#213);
#209 = LINE('',#210,#211);
#210 = CARTESIAN_POINT('',(9.424777960769,0.));
#211 = VECTOR('',#212,1.);
#212 = DIRECTION('',(-1.,0.));
#213 = ( GEOMETRIC_REPRESENTATION_CONTEXT(2) 
PARAMETRIC_REPRESENTATION_CONTEXT() REPRESENTATION_CONTEXT('2D SPACE',''
  ) );
#214 = PCURVE('',#215,#220);
#215 = PLANE('',#216);
#216 = AXIS2_PLACEMENT_3D('',#217,#218,#219);
#217 = CARTESIAN_POINT('',(5.565935657737E-16,19.9,0.));
#218 = DIRECTION('',(4.802536467244E-19,1.,0.));
#219 = DIRECTION('',(-1.,4.802536467244E-19,0.));
#220 = DEFINITIONAL_REPRESENTATION('',(#221),#225);
#221 = CIRCLE('',#222,3.86976744186);
#222 = AXIS2_PLACEMENT_2D('',#223,#224);
#223 = CARTESIAN_POINT('',(0.,0.));
#224 = DIRECTION('',(1.,0.));
#225 = ( GEOMETRIC_REPRESENTATION_CONTEXT(2) 
PARAMETRIC_REPRESENTATION_CONTEXT() REPRESENTATION_CONTEXT('2D SPACE',''
  ) );
#226 = ORIENTED_EDGE('',*,*,#227,.T.);
#227 = EDGE_CURVE('',#199,#228,#230,.T.);
#228 = VERTEX_POINT('',#229);
#229 = CARTESIAN_POINT('',(3.861683577675,19.75,-0.25));
#230 = SURFACE_CURVE('',#231,(#235,#242),.PCURVE_S1.);
#231 = LINE('',#232,#233);
#232 = CARTESIAN_POINT('',(3.861683577675,19.9,-0.25));
#233 = VECTOR('',#234,1.);
#234 = DIRECTION('',(-4.802536467244E-19,-1.,-0.));
#235 = PCURVE('',#33,#236);
#236 = DEFINITIONAL_REPRESENTATION('',(#237),#241);
#237 = LINE('',#238,#239);
#238 = CARTESIAN_POINT('',(6.218536919141,0.));
#239 = VECTOR('',#240,1.);
#240 = DIRECTION('',(0.,1.));
#241 = ( GEOMETRIC_REPRESENTATION_CONTEXT(2) 
PARAMETRIC_REPRESENTATION_CONTEXT() REPRESENTATION_CONTEXT('2D SPACE',''
  ) );
#242 = PCURVE('',#243,#248);
#243 = PLANE('',#244);
#244 = AXIS2_PLACEMENT_3D('',#245,#246,#247);
#245 = CARTESIAN_POINT('',(0.25,19.75,-0.25));
#246 = DIRECTION('',(0.,0.,-1.));
#247 = DIRECTION('',(-1.,0.,-0.));
#248 = DEFINITIONAL_REPRESENTATION('',(#249),#253);
#249 = LINE('',#250,#251);
#250 = CARTESIAN_POINT('',(-3.611683577675,0.15));
#251 = VECTOR('',#252,1.);
#252 = DIRECTION('',(4.802536467244E-19,-1.));
#253 = ( GEOMETRIC_REPRESENTATION_CONTEXT(2) 
PARAMETRIC_REPRESENTATION_CONTEXT() REPRESENTATION_CONTEXT('2D SPACE',''
  ) );
#254 = ORIENTED_EDGE('',*,*,#255,.F.);
#255 = EDGE_CURVE('',#256,#228,#258,.T.);
#256 = VERTEX_POINT('',#257);
#257 = CARTESIAN_POINT('',(3.86976744186,19.75,0.));
#258 = SURFACE_CURVE('',#259,(#264,#271),.PCURVE_S1.);
#259 = CIRCLE('',#260,3.86976744186);
#260 = AXIS2_PLACEMENT_3D('',#261,#262,#263);
#261 = CARTESIAN_POINT('',(5.565215277266E-16,19.75,0.));
#262 = DIRECTION('',(-0.,1.,0.));
#263 = DIRECTION('',(0.,0.,1.));
#264 = PCURVE('',#33,#265);
#265 = DEFINITIONAL_REPRESENTATION('',(#266),#270);
#266 = LINE('',#267,#268);
#267 = CARTESIAN_POINT('',(7.853981633974,0.15));
#268 = VECTOR('',#269,1.);
#269 = DIRECTION('',(-1.,0.));
#270 = ( GEOMETRIC_REPRESENTATION_CONTEXT(2) 
PARAMETRIC_REPRESENTATION_CONTEXT() REPRESENTATION_CONTEXT('2D SPACE',''
  ) );
#271 = PCURVE('',#45,#272);
#272 = DEFINITIONAL_REPRESENTATION('',(#273),#277);
#273 = CIRCLE('',#274,3.86976744186);
#274 = AXIS2_PLACEMENT_2D('',#275,#276);
#275 = CARTESIAN_POINT('',(0.,5.565935657737E-16));
#276 = DIRECTION('',(1.,0.));
#277 = ( GEOMETRIC_REPRESENTATION_CONTEXT(2) 
PARAMETRIC_REPRESENTATION_CONTEXT() REPRESENTATION_CONTEXT('2D SPACE',''
  ) );
#278 = ORIENTED_EDGE('',*,*,#279,.T.);
#279 = EDGE_CURVE('',#256,#280,#282,.T.);
#280 = VERTEX_POINT('',#281);
#281 = CARTESIAN_POINT('',(3.86976744186,19.7,0.));
#282 = SEAM_CURVE('',#283,(#287,#294),.PCURVE_S1.);
#283 = LINE('',#284,#285);
#284 = CARTESIAN_POINT('',(3.86976744186,19.9,0.));
#285 = VECTOR('',#286,1.);
#286 = DIRECTION('',(-4.802536467244E-19,-1.,-0.));
#287 = PCURVE('',#33,#288);
#288 = DEFINITIONAL_REPRESENTATION('',(#289),#293);
#289 = LINE('',#290,#291);
#290 = CARTESIAN_POINT('',(6.28318530718,0.));
#291 = VECTOR('',#292,1.);
#292 = DIRECTION('',(0.,1.));
#293 = ( GEOMETRIC_REPRESENTATION_CONTEXT(2) 
PARAMETRIC_REPRESENTATION_CONTEXT() REPRESENTATION_CONTEXT('2D SPACE',''
  ) );
#294 = PCURVE('',#33,#295);
#295 = DEFINITIONAL_REPRESENTATION('',(#296),#300);
#296 = LINE('',#297,#298);
#297 = CARTESIAN_POINT('',(0.,0.));
#298 = VECTOR('',#299,1.);
#299 = DIRECTION('',(0.,1.));
#300 = ( GEOMETRIC_REPRESENTATION_CONTEXT(2) 
PARAMETRIC_REPRESENTATION_CONTEXT() REPRESENTATION_CONTEXT('2D SPACE',''
  ) );
#301 = ORIENTED_EDGE('',*,*,#302,.T.);
#302 = EDGE_CURVE('',#280,#280,#303,.T.);
#303 = SURFACE_CURVE('',#304,(#309,#316),.PCURVE_S1.);
#304 = CIRCLE('',#305,3.86976744186);
#305 = AXIS2_PLACEMENT_3D('',#306,#307,#308);
#306 = CARTESIAN_POINT('',(2.754772230324E-16,19.7,-8.536865396199E-18)
  );
#307 = DIRECTION('',(0.,1.,0.));
#308 = DIRECTION('',(1.,-0.,1.246707208525E-16));
#309 = PCURVE('',#33,#310);
#310 = DEFINITIONAL_REPRESENTATION('',(#311),#315);
#311 = LINE('',#312,#313);
#312 = CARTESIAN_POINT('',(6.28318530718,0.2));
#313 = VECTOR('',#314,1.);
#314 = DIRECTION('',(-1.,0.));
#315 = ( GEOMETRIC_REPRESENTATION_CONTEXT(2) 
PARAMETRIC_REPRESENTATION_CONTEXT() REPRESENTATION_CONTEXT('2D SPACE',''
  ) );
#316 = PCURVE('',#317,#322);
#317 = PLANE('',#318);
#318 = AXIS2_PLACEMENT_3D('',#319,#320,#321);
#319 = CARTESIAN_POINT('',(5.564975150443E-16,19.7,0.));
#320 = DIRECTION('',(4.802536467244E-19,1.,0.));
#321 = DIRECTION('',(-1.,4.802536467244E-19,0.));
#322 = DEFINITIONAL_REPRESENTATION('',(#323),#327);
#323 = CIRCLE('',#324,3.86976744186);
#324 = AXIS2_PLACEMENT_2D('',#325,#326);
#325 = CARTESIAN_POINT('',(2.810202920119E-16,-8.536865396199E-18));
#326 = DIRECTION('',(-1.,1.246707208525E-16));
#327 = ( GEOMETRIC_REPRESENTATION_CONTEXT(2) 
PARAMETRIC_REPRESENTATION_CONTEXT() REPRESENTATION_CONTEXT('2D SPACE',''
  ) );
#328 = ORIENTED_EDGE('',*,*,#279,.F.);
#329 = ORIENTED_EDGE('',*,*,#330,.F.);
#330 = EDGE_CURVE('',#331,#256,#333,.T.);
#331 = VERTEX_POINT('',#332);
#332 = CARTESIAN_POINT('',(3.861683577675,19.75,0.25));
#333 = SURFACE_CURVE('',#334,(#339,#346),.PCURVE_S1.);
#334 = CIRCLE('',#335,3.86976744186);
#335 = AXIS2_PLACEMENT_3D('',#336,#337,#338);
#336 = CARTESIAN_POINT('',(5.565215277266E-16,19.75,0.));
#337 = DIRECTION('',(-0.,1.,0.));
#338 = DIRECTION('',(0.,0.,1.));
#339 = PCURVE('',#33,#340);
#340 = DEFINITIONAL_REPRESENTATION('',(#341),#345);
#341 = LINE('',#342,#343);
#342 = CARTESIAN_POINT('',(1.570796326795,0.15));
#343 = VECTOR('',#344,1.);
#344 = DIRECTION('',(-1.,0.));
#345 = ( GEOMETRIC_REPRESENTATION_CONTEXT(2) 
PARAMETRIC_REPRESENTATION_CONTEXT() REPRESENTATION_CONTEXT('2D SPACE',''
  ) );
#346 = PCURVE('',#45,#347);
#347 = DEFINITIONAL_REPRESENTATION('',(#348),#352);
#348 = CIRCLE('',#349,3.86976744186);
#349 = AXIS2_PLACEMENT_2D('',#350,#351);
#350 = CARTESIAN_POINT('',(0.,5.565935657737E-16));
#351 = DIRECTION('',(1.,0.));
#352 = ( GEOMETRIC_REPRESENTATION_CONTEXT(2) 
PARAMETRIC_REPRESENTATION_CONTEXT() REPRESENTATION_CONTEXT('2D SPACE',''
  ) );
#353 = ORIENTED_EDGE('',*,*,#354,.T.);
#354 = EDGE_CURVE('',#331,#355,#357,.T.);
#355 = VERTEX_POINT('',#356);
#356 = CARTESIAN_POINT('',(3.861683577675,19.9,0.25));
#357 = SURFACE_CURVE('',#358,(#362,#369),.PCURVE_S1.);
#358 = LINE('',#359,#360);
#359 = CARTESIAN_POINT('',(3.861683577675,19.9,0.25));
#360 = VECTOR('',#361,1.);
#361 = DIRECTION('',(4.802536467244E-19,1.,0.));
#362 = PCURVE('',#33,#363);
#363 = DEFINITIONAL_REPRESENTATION('',(#364),#368);
#364 = LINE('',#365,#366);
#365 = CARTESIAN_POINT('',(6.4648388039E-02,0.));
#366 = VECTOR('',#367,1.);
#367 = DIRECTION('',(0.,-1.));
#368 = ( GEOMETRIC_REPRESENTATION_CONTEXT(2) 
PARAMETRIC_REPRESENTATION_CONTEXT() REPRESENTATION_CONTEXT('2D SPACE',''
  ) );
#369 = PCURVE('',#370,#375);
#370 = PLANE('',#371);
#371 = AXIS2_PLACEMENT_3D('',#372,#373,#374);
#372 = CARTESIAN_POINT('',(0.25,19.75,0.25));
#373 = DIRECTION('',(-0.,0.,1.));
#374 = DIRECTION('',(1.,0.,0.));
#375 = DEFINITIONAL_REPRESENTATION('',(#376),#380);
#376 = LINE('',#377,#378);
#377 = CARTESIAN_POINT('',(3.611683577675,0.15));
#378 = VECTOR('',#379,1.);
#379 = DIRECTION('',(4.802536467244E-19,1.));
#380 = ( GEOMETRIC_REPRESENTATION_CONTEXT(2) 
PARAMETRIC_REPRESENTATION_CONTEXT() REPRESENTATION_CONTEXT('2D SPACE',''
  ) );
#381 = ORIENTED_EDGE('',*,*,#382,.F.);
#382 = EDGE_CURVE('',#383,#355,#385,.T.);
#383 = VERTEX_POINT('',#384);
#384 = CARTESIAN_POINT('',(0.25,19.9,3.861683577675));
#385 = SURFACE_CURVE('',#386,(#391,#398),.PCURVE_S1.);
#386 = CIRCLE('',#387,3.86976744186);
#387 = AXIS2_PLACEMENT_3D('',#388,#389,#390);
#388 = CARTESIAN_POINT('',(5.565935657737E-16,19.9,0.));
#389 = DIRECTION('',(4.802536467244E-19,1.,0.));
#390 = DIRECTION('',(-1.,4.802536467244E-19,0.));
#391 = PCURVE('',#33,#392);
#392 = DEFINITIONAL_REPRESENTATION('',(#393),#397);
#393 = LINE('',#394,#395);
#394 = CARTESIAN_POINT('',(3.14159265359,0.));
#395 = VECTOR('',#396,1.);
#396 = DIRECTION('',(-1.,0.));
#397 = ( GEOMETRIC_REPRESENTATION_CONTEXT(2) 
PARAMETRIC_REPRESENTATION_CONTEXT() REPRESENTATION_CONTEXT('2D SPACE',''
  ) );
#398 = PCURVE('',#399,#404);
#399 = PLANE('',#400);
#400 = AXIS2_PLACEMENT_3D('',#401,#402,#403);
#401 = CARTESIAN_POINT('',(5.565935657737E-16,19.9,0.));
#402 = DIRECTION('',(4.802536467244E-19,1.,0.));
#403 = DIRECTION('',(-1.,4.802536467244E-19,0.));
#404 = DEFINITIONAL_REPRESENTATION('',(#405),#409);
#405 = CIRCLE('',#406,3.86976744186);
#406 = AXIS2_PLACEMENT_2D('',#407,#408);
#407 = CARTESIAN_POINT('',(0.,0.));
#408 = DIRECTION('',(1.,0.));
#409 = ( GEOMETRIC_REPRESENTATION_CONTEXT(2) 
PARAMETRIC_REPRESENTATION_CONTEXT() REPRESENTATION_CONTEXT('2D SPACE',''
  ) );
#410 = ORIENTED_EDGE('',*,*,#411,.T.);
#411 = EDGE_CURVE('',#383,#412,#414,.T.);
#412 = VERTEX_POINT('',#413);
#413 = CARTESIAN_POINT('',(0.25,19.75,3.861683577675));
#414 = SURFACE_CURVE('',#415,(#419,#426),.PCURVE_S1.);
#415 = LINE('',#416,#417);
#416 = CARTESIAN_POINT('',(0.25,19.9,3.861683577675));
#417 = VECTOR('',#418,1.);
#418 = DIRECTION('',(-4.802536467244E-19,-1.,-0.));
#419 = PCURVE('',#33,#420);
#420 = DEFINITIONAL_REPRESENTATION('',(#421),#425);
#421 = LINE('',#422,#423);
#422 = CARTESIAN_POINT('',(1.506147938756,0.));
#423 = VECTOR('',#424,1.);
#424 = DIRECTION('',(0.,1.));
#425 = ( GEOMETRIC_REPRESENTATION_CONTEXT(2) 
PARAMETRIC_REPRESENTATION_CONTEXT() REPRESENTATION_CONTEXT('2D SPACE',''
  ) );
#426 = PCURVE('',#427,#432);
#427 = PLANE('',#428);
#428 = AXIS2_PLACEMENT_3D('',#429,#430,#431);
#429 = CARTESIAN_POINT('',(0.25,19.75,4.459664910182));
#430 = DIRECTION('',(1.,-4.802536467244E-19,-1.043080362037E-15));
#431 = DIRECTION('',(-1.043080362037E-15,2.661576657625E-50,-1.));
#432 = DEFINITIONAL_REPRESENTATION('',(#433),#437);
#433 = LINE('',#434,#435);
#434 = CARTESIAN_POINT('',(0.597981332507,0.15));
#435 = VECTOR('',#436,1.);
#436 = DIRECTION('',(5.009431476948E-34,-1.));
#437 = ( GEOMETRIC_REPRESENTATION_CONTEXT(2) 
PARAMETRIC_REPRESENTATION_CONTEXT() REPRESENTATION_CONTEXT('2D SPACE',''
  ) );
#438 = ORIENTED_EDGE('',*,*,#439,.F.);
#439 = EDGE_CURVE('',#440,#412,#442,.T.);
#440 = VERTEX_POINT('',#441);
#441 = CARTESIAN_POINT('',(-0.25,19.75,3.861683577675));
#442 = SURFACE_CURVE('',#443,(#448,#455),.PCURVE_S1.);
#443 = CIRCLE('',#444,3.86976744186);
#444 = AXIS2_PLACEMENT_3D('',#445,#446,#447);
#445 = CARTESIAN_POINT('',(5.565215277266E-16,19.75,0.));
#446 = DIRECTION('',(-0.,1.,0.));
#447 = DIRECTION('',(0.,0.,1.));
#448 = PCURVE('',#33,#449);
#449 = DEFINITIONAL_REPRESENTATION('',(#450),#454);
#450 = LINE('',#451,#452);
#451 = CARTESIAN_POINT('',(7.853981633974,0.15));
#452 = VECTOR('',#453,1.);
#453 = DIRECTION('',(-1.,0.));
#454 = ( GEOMETRIC_REPRESENTATION_CONTEXT(2) 
PARAMETRIC_REPRESENTATION_CONTEXT() REPRESENTATION_CONTEXT('2D SPACE',''
  ) );
#455 = PCURVE('',#45,#456);
#456 = DEFINITIONAL_REPRESENTATION('',(#457),#461);
#457 = CIRCLE('',#458,3.86976744186);
#458 = AXIS2_PLACEMENT_2D('',#459,#460);
#459 = CARTESIAN_POINT('',(0.,5.565935657737E-16));
#460 = DIRECTION('',(1.,0.));
#461 = ( GEOMETRIC_REPRESENTATION_CONTEXT(2) 
PARAMETRIC_REPRESENTATION_CONTEXT() REPRESENTATION_CONTEXT('2D SPACE',''
  ) );
#462 = ORIENTED_EDGE('',*,*,#463,.T.);
#463 = EDGE_CURVE('',#440,#464,#466,.T.);
#464 = VERTEX_POINT('',#465);
#465 = CARTESIAN_POINT('',(-0.25,19.9,3.861683577675));
#466 = SURFACE_CURVE('',#467,(#471,#478),.PCURVE_S1.);
#467 = LINE('',#468,#469);
#468 = CARTESIAN_POINT('',(-0.25,19.9,3.861683577675));
#469 = VECTOR('',#470,1.);
#470 = DIRECTION('',(4.802536467244E-19,1.,0.));
#471 = PCURVE('',#33,#472);
#472 = DEFINITIONAL_REPRESENTATION('',(#473),#477);
#473 = LINE('',#474,#475);
#474 = CARTESIAN_POINT('',(1.635444714834,0.));
#475 = VECTOR('',#476,1.);
#476 = DIRECTION('',(0.,-1.));
#477 = ( GEOMETRIC_REPRESENTATION_CONTEXT(2) 
PARAMETRIC_REPRESENTATION_CONTEXT() REPRESENTATION_CONTEXT('2D SPACE',''
  ) );
#478 = PCURVE('',#479,#484);
#479 = PLANE('',#480);
#480 = AXIS2_PLACEMENT_3D('',#481,#482,#483);
#481 = CARTESIAN_POINT('',(-0.25,19.75,4.459664910182));
#482 = DIRECTION('',(-1.,4.802536467244E-19,1.236243392044E-15));
#483 = DIRECTION('',(1.236243392044E-15,-4.629921326176E-51,1.));
#484 = DEFINITIONAL_REPRESENTATION('',(#485),#489);
#485 = LINE('',#486,#487);
#486 = CARTESIAN_POINT('',(-0.597981332507,0.15));
#487 = VECTOR('',#488,1.);
#488 = DIRECTION('',(5.937103972679E-34,1.));
#489 = ( GEOMETRIC_REPRESENTATION_CONTEXT(2) 
PARAMETRIC_REPRESENTATION_CONTEXT() REPRESENTATION_CONTEXT('2D SPACE',''
  ) );
#490 = ORIENTED_EDGE('',*,*,#491,.F.);
#491 = EDGE_CURVE('',#492,#464,#494,.T.);
#492 = VERTEX_POINT('',#493);
#493 = CARTESIAN_POINT('',(-3.861683577675,19.9,0.25));
#494 = SURFACE_CURVE('',#495,(#500,#507),.PCURVE_S1.);
#495 = CIRCLE('',#496,3.86976744186);
#496 = AXIS2_PLACEMENT_3D('',#497,#498,#499);
#497 = CARTESIAN_POINT('',(5.565935657737E-16,19.9,0.));
#498 = DIRECTION('',(4.802536467244E-19,1.,0.));
#499 = DIRECTION('',(-1.,4.802536467244E-19,0.));
#500 = PCURVE('',#33,#501);
#501 = DEFINITIONAL_REPRESENTATION('',(#502),#506);
#502 = LINE('',#503,#504);
#503 = CARTESIAN_POINT('',(3.14159265359,0.));
#504 = VECTOR('',#505,1.);
#505 = DIRECTION('',(-1.,0.));
#506 = ( GEOMETRIC_REPRESENTATION_CONTEXT(2) 
PARAMETRIC_REPRESENTATION_CONTEXT() REPRESENTATION_CONTEXT('2D SPACE',''
  ) );
#507 = PCURVE('',#508,#513);
#508 = PLANE('',#509);
#509 = AXIS2_PLACEMENT_3D('',#510,#511,#512);
#510 = CARTESIAN_POINT('',(5.565935657737E-16,19.9,0.));
#511 = DIRECTION('',(4.802536467244E-19,1.,0.));
#512 = DIRECTION('',(-1.,4.802536467244E-19,0.));
#513 = DEFINITIONAL_REPRESENTATION('',(#514),#518);
#514 = CIRCLE('',#515,3.86976744186);
#515 = AXIS2_PLACEMENT_2D('',#516,#517);
#516 = CARTESIAN_POINT('',(0.,0.));
#517 = DIRECTION('',(1.,0.));
#518 = ( GEOMETRIC_REPRESENTATION_CONTEXT(2) 
PARAMETRIC_REPRESENTATION_CONTEXT() REPRESENTATION_CONTEXT('2D SPACE',''
  ) );
#519 = ORIENTED_EDGE('',*,*,#520,.T.);
#520 = EDGE_CURVE('',#492,#22,#521,.T.);
#521 = SURFACE_CURVE('',#522,(#526,#533),.PCURVE_S1.);
#522 = LINE('',#523,#524);
#523 = CARTESIAN_POINT('',(-3.861683577675,19.9,0.25));
#524 = VECTOR('',#525,1.);
#525 = DIRECTION('',(-4.802536467244E-19,-1.,-0.));
#526 = PCURVE('',#33,#527);
#527 = DEFINITIONAL_REPRESENTATION('',(#528),#532);
#528 = LINE('',#529,#530);
#529 = CARTESIAN_POINT('',(3.076944265551,0.));
#530 = VECTOR('',#531,1.);
#531 = DIRECTION('',(0.,1.));
#532 = ( GEOMETRIC_REPRESENTATION_CONTEXT(2) 
PARAMETRIC_REPRESENTATION_CONTEXT() REPRESENTATION_CONTEXT('2D SPACE',''
  ) );
#533 = PCURVE('',#534,#539);
#534 = PLANE('',#535);
#535 = AXIS2_PLACEMENT_3D('',#536,#537,#538);
#536 = CARTESIAN_POINT('',(-4.459664910182,19.75,0.25));
#537 = DIRECTION('',(-0.,0.,1.));
#538 = DIRECTION('',(1.,0.,0.));
#539 = DEFINITIONAL_REPRESENTATION('',(#540),#544);
#540 = LINE('',#541,#542);
#541 = CARTESIAN_POINT('',(0.597981332507,0.15));
#542 = VECTOR('',#543,1.);
#543 = DIRECTION('',(-4.802536467244E-19,-1.));
#544 = ( GEOMETRIC_REPRESENTATION_CONTEXT(2) 
PARAMETRIC_REPRESENTATION_CONTEXT() REPRESENTATION_CONTEXT('2D SPACE',''
  ) );
#545 = ADVANCED_FACE('',(#546),#534,.F.);
#546 = FACE_BOUND('',#547,.T.);
#547 = EDGE_LOOP('',(#548,#571,#594,#615));
#548 = ORIENTED_EDGE('',*,*,#549,.T.);
#549 = EDGE_CURVE('',#492,#550,#552,.T.);
#550 = VERTEX_POINT('',#551);
#551 = CARTESIAN_POINT('',(-0.25,19.9,0.25));
#552 = SURFACE_CURVE('',#553,(#557,#564),.PCURVE_S1.);
#553 = LINE('',#554,#555);
#554 = CARTESIAN_POINT('',(5.565935657737E-16,19.9,0.25));
#555 = VECTOR('',#556,1.);
#556 = DIRECTION('',(1.,-4.802536467244E-19,0.));
#557 = PCURVE('',#534,#558);
#558 = DEFINITIONAL_REPRESENTATION('',(#559),#563);
#559 = LINE('',#560,#561);
#560 = CARTESIAN_POINT('',(4.459664910182,0.15));
#561 = VECTOR('',#562,1.);
#562 = DIRECTION('',(1.,-4.802536467244E-19));
#563 = ( GEOMETRIC_REPRESENTATION_CONTEXT(2) 
PARAMETRIC_REPRESENTATION_CONTEXT() REPRESENTATION_CONTEXT('2D SPACE',''
  ) );
#564 = PCURVE('',#508,#565);
#565 = DEFINITIONAL_REPRESENTATION('',(#566),#570);
#566 = LINE('',#567,#568);
#567 = CARTESIAN_POINT('',(0.,0.25));
#568 = VECTOR('',#569,1.);
#569 = DIRECTION('',(-1.,0.));
#570 = ( GEOMETRIC_REPRESENTATION_CONTEXT(2) 
PARAMETRIC_REPRESENTATION_CONTEXT() REPRESENTATION_CONTEXT('2D SPACE',''
  ) );
#571 = ORIENTED_EDGE('',*,*,#572,.F.);
#572 = EDGE_CURVE('',#573,#550,#575,.T.);
#573 = VERTEX_POINT('',#574);
#574 = CARTESIAN_POINT('',(-0.25,19.75,0.25));
#575 = SURFACE_CURVE('',#576,(#580,#587),.PCURVE_S1.);
#576 = LINE('',#577,#578);
#577 = CARTESIAN_POINT('',(-0.25,19.75,0.25));
#578 = VECTOR('',#579,1.);
#579 = DIRECTION('',(4.802536467244E-19,1.,-0.));
#580 = PCURVE('',#534,#581);
#581 = DEFINITIONAL_REPRESENTATION('',(#582),#586);
#582 = LINE('',#583,#584);
#583 = CARTESIAN_POINT('',(4.209664910182,0.));
#584 = VECTOR('',#585,1.);
#585 = DIRECTION('',(4.802536467244E-19,1.));
#586 = ( GEOMETRIC_REPRESENTATION_CONTEXT(2) 
PARAMETRIC_REPRESENTATION_CONTEXT() REPRESENTATION_CONTEXT('2D SPACE',''
  ) );
#587 = PCURVE('',#479,#588);
#588 = DEFINITIONAL_REPRESENTATION('',(#589),#593);
#589 = LINE('',#590,#591);
#590 = CARTESIAN_POINT('',(-4.209664910182,-6.66485820317E-36));
#591 = VECTOR('',#592,1.);
#592 = DIRECTION('',(5.937103972679E-34,1.));
#593 = ( GEOMETRIC_REPRESENTATION_CONTEXT(2) 
PARAMETRIC_REPRESENTATION_CONTEXT() REPRESENTATION_CONTEXT('2D SPACE',''
  ) );
#594 = ORIENTED_EDGE('',*,*,#595,.F.);
#595 = EDGE_CURVE('',#22,#573,#596,.T.);
#596 = SURFACE_CURVE('',#597,(#601,#608),.PCURVE_S1.);
#597 = LINE('',#598,#599);
#598 = CARTESIAN_POINT('',(-4.459664910182,19.75,0.25));
#599 = VECTOR('',#600,1.);
#600 = DIRECTION('',(1.,0.,0.));
#601 = PCURVE('',#534,#602);
#602 = DEFINITIONAL_REPRESENTATION('',(#603),#607);
#603 = LINE('',#604,#605);
#604 = CARTESIAN_POINT('',(0.,0.));
#605 = VECTOR('',#606,1.);
#606 = DIRECTION('',(1.,0.));
#607 = ( GEOMETRIC_REPRESENTATION_CONTEXT(2) 
PARAMETRIC_REPRESENTATION_CONTEXT() REPRESENTATION_CONTEXT('2D SPACE',''
  ) );
#608 = PCURVE('',#45,#609);
#609 = DEFINITIONAL_REPRESENTATION('',(#610),#614);
#610 = LINE('',#611,#612);
#611 = CARTESIAN_POINT('',(0.25,-4.459664910182));
#612 = VECTOR('',#613,1.);
#613 = DIRECTION('',(0.,1.));
#614 = ( GEOMETRIC_REPRESENTATION_CONTEXT(2) 
PARAMETRIC_REPRESENTATION_CONTEXT() REPRESENTATION_CONTEXT('2D SPACE',''
  ) );
#615 = ORIENTED_EDGE('',*,*,#520,.F.);
#616 = ADVANCED_FACE('',(#617),#508,.T.);
#617 = FACE_BOUND('',#618,.T.);
#618 = EDGE_LOOP('',(#619,#640,#641));
#619 = ORIENTED_EDGE('',*,*,#620,.F.);
#620 = EDGE_CURVE('',#550,#464,#621,.T.);
#621 = SURFACE_CURVE('',#622,(#626,#633),.PCURVE_S1.);
#622 = LINE('',#623,#624);
#623 = CARTESIAN_POINT('',(-0.25,19.9,4.459664910182));
#624 = VECTOR('',#625,1.);
#625 = DIRECTION('',(1.236243392044E-15,-0.,1.));
#626 = PCURVE('',#508,#627);
#627 = DEFINITIONAL_REPRESENTATION('',(#628),#632);
#628 = LINE('',#629,#630);
#629 = CARTESIAN_POINT('',(0.25,4.459664910182));
#630 = VECTOR('',#631,1.);
#631 = DIRECTION('',(-1.236243392044E-15,1.));
#632 = ( GEOMETRIC_REPRESENTATION_CONTEXT(2) 
PARAMETRIC_REPRESENTATION_CONTEXT() REPRESENTATION_CONTEXT('2D SPACE',''
  ) );
#633 = PCURVE('',#479,#634);
#634 = DEFINITIONAL_REPRESENTATION('',(#635),#639);
#635 = LINE('',#636,#637);
#636 = CARTESIAN_POINT('',(-6.944881989264E-52,0.15));
#637 = VECTOR('',#638,1.);
#638 = DIRECTION('',(1.,0.));
#639 = ( GEOMETRIC_REPRESENTATION_CONTEXT(2) 
PARAMETRIC_REPRESENTATION_CONTEXT() REPRESENTATION_CONTEXT('2D SPACE',''
  ) );
#640 = ORIENTED_EDGE('',*,*,#549,.F.);
#641 = ORIENTED_EDGE('',*,*,#491,.T.);
#642 = ADVANCED_FACE('',(#643),#479,.F.);
#643 = FACE_BOUND('',#644,.T.);
#644 = EDGE_LOOP('',(#645,#666,#667,#668));
#645 = ORIENTED_EDGE('',*,*,#646,.F.);
#646 = EDGE_CURVE('',#573,#440,#647,.T.);
#647 = SURFACE_CURVE('',#648,(#652,#659),.PCURVE_S1.);
#648 = LINE('',#649,#650);
#649 = CARTESIAN_POINT('',(-0.25,19.75,4.459664910182));
#650 = VECTOR('',#651,1.);
#651 = DIRECTION('',(1.236243392044E-15,-0.,1.));
#652 = PCURVE('',#479,#653);
#653 = DEFINITIONAL_REPRESENTATION('',(#654),#658);
#654 = LINE('',#655,#656);
#655 = CARTESIAN_POINT('',(0.,0.));
#656 = VECTOR('',#657,1.);
#657 = DIRECTION('',(1.,0.));
#658 = ( GEOMETRIC_REPRESENTATION_CONTEXT(2) 
PARAMETRIC_REPRESENTATION_CONTEXT() REPRESENTATION_CONTEXT('2D SPACE',''
  ) );
#659 = PCURVE('',#45,#660);
#660 = DEFINITIONAL_REPRESENTATION('',(#661),#665);
#661 = LINE('',#662,#663);
#662 = CARTESIAN_POINT('',(4.459664910182,-0.25));
#663 = VECTOR('',#664,1.);
#664 = DIRECTION('',(1.,1.236243392044E-15));
#665 = ( GEOMETRIC_REPRESENTATION_CONTEXT(2) 
PARAMETRIC_REPRESENTATION_CONTEXT() REPRESENTATION_CONTEXT('2D SPACE',''
  ) );
#666 = ORIENTED_EDGE('',*,*,#572,.T.);
#667 = ORIENTED_EDGE('',*,*,#620,.T.);
#668 = ORIENTED_EDGE('',*,*,#463,.F.);
#669 = ADVANCED_FACE('',(#670),#427,.F.);
#670 = FACE_BOUND('',#671,.T.);
#671 = EDGE_LOOP('',(#672,#695,#718,#739));
#672 = ORIENTED_EDGE('',*,*,#673,.T.);
#673 = EDGE_CURVE('',#383,#674,#676,.T.);
#674 = VERTEX_POINT('',#675);
#675 = CARTESIAN_POINT('',(0.25,19.9,0.25));
#676 = SURFACE_CURVE('',#677,(#681,#688),.PCURVE_S1.);
#677 = LINE('',#678,#679);
#678 = CARTESIAN_POINT('',(0.25,19.9,-2.607700905092E-16));
#679 = VECTOR('',#680,1.);
#680 = DIRECTION('',(-1.043080362037E-15,5.009431476948E-34,-1.));
#681 = PCURVE('',#427,#682);
#682 = DEFINITIONAL_REPRESENTATION('',(#683),#687);
#683 = LINE('',#684,#685);
#684 = CARTESIAN_POINT('',(4.459664910182,0.15));
#685 = VECTOR('',#686,1.);
#686 = DIRECTION('',(1.,5.009431476948E-34));
#687 = ( GEOMETRIC_REPRESENTATION_CONTEXT(2) 
PARAMETRIC_REPRESENTATION_CONTEXT() REPRESENTATION_CONTEXT('2D SPACE',''
  ) );
#688 = PCURVE('',#399,#689);
#689 = DEFINITIONAL_REPRESENTATION('',(#690),#694);
#690 = LINE('',#691,#692);
#691 = CARTESIAN_POINT('',(-0.25,-2.607700905092E-16));
#692 = VECTOR('',#693,1.);
#693 = DIRECTION('',(1.043080362037E-15,-1.));
#694 = ( GEOMETRIC_REPRESENTATION_CONTEXT(2) 
PARAMETRIC_REPRESENTATION_CONTEXT() REPRESENTATION_CONTEXT('2D SPACE',''
  ) );
#695 = ORIENTED_EDGE('',*,*,#696,.F.);
#696 = EDGE_CURVE('',#697,#674,#699,.T.);
#697 = VERTEX_POINT('',#698);
#698 = CARTESIAN_POINT('',(0.25,19.75,0.25));
#699 = SURFACE_CURVE('',#700,(#704,#711),.PCURVE_S1.);
#700 = LINE('',#701,#702);
#701 = CARTESIAN_POINT('',(0.25,19.75,0.25));
#702 = VECTOR('',#703,1.);
#703 = DIRECTION('',(4.802536467244E-19,1.,-0.));
#704 = PCURVE('',#427,#705);
#705 = DEFINITIONAL_REPRESENTATION('',(#706),#710);
#706 = LINE('',#707,#708);
#707 = CARTESIAN_POINT('',(4.209664910182,2.707598645038E-36));
#708 = VECTOR('',#709,1.);
#709 = DIRECTION('',(-5.009431476948E-34,1.));
#710 = ( GEOMETRIC_REPRESENTATION_CONTEXT(2) 
PARAMETRIC_REPRESENTATION_CONTEXT() REPRESENTATION_CONTEXT('2D SPACE',''
  ) );
#711 = PCURVE('',#370,#712);
#712 = DEFINITIONAL_REPRESENTATION('',(#713),#717);
#713 = LINE('',#714,#715);
#714 = CARTESIAN_POINT('',(0.,0.));
#715 = VECTOR('',#716,1.);
#716 = DIRECTION('',(4.802536467244E-19,1.));
#717 = ( GEOMETRIC_REPRESENTATION_CONTEXT(2) 
PARAMETRIC_REPRESENTATION_CONTEXT() REPRESENTATION_CONTEXT('2D SPACE',''
  ) );
#718 = ORIENTED_EDGE('',*,*,#719,.F.);
#719 = EDGE_CURVE('',#412,#697,#720,.T.);
#720 = SURFACE_CURVE('',#721,(#725,#732),.PCURVE_S1.);
#721 = LINE('',#722,#723);
#722 = CARTESIAN_POINT('',(0.25,19.75,4.459664910182));
#723 = VECTOR('',#724,1.);
#724 = DIRECTION('',(-1.043080362037E-15,0.,-1.));
#725 = PCURVE('',#427,#726);
#726 = DEFINITIONAL_REPRESENTATION('',(#727),#731);
#727 = LINE('',#728,#729);
#728 = CARTESIAN_POINT('',(0.,0.));
#729 = VECTOR('',#730,1.);
#730 = DIRECTION('',(1.,0.));
#731 = ( GEOMETRIC_REPRESENTATION_CONTEXT(2) 
PARAMETRIC_REPRESENTATION_CONTEXT() REPRESENTATION_CONTEXT('2D SPACE',''
  ) );
#732 = PCURVE('',#45,#733);
#733 = DEFINITIONAL_REPRESENTATION('',(#734),#738);
#734 = LINE('',#735,#736);
#735 = CARTESIAN_POINT('',(4.459664910182,0.25));
#736 = VECTOR('',#737,1.);
#737 = DIRECTION('',(-1.,-1.043080362037E-15));
#738 = ( GEOMETRIC_REPRESENTATION_CONTEXT(2) 
PARAMETRIC_REPRESENTATION_CONTEXT() REPRESENTATION_CONTEXT('2D SPACE',''
  ) );
#739 = ORIENTED_EDGE('',*,*,#411,.F.);
#740 = ADVANCED_FACE('',(#741),#399,.T.);
#741 = FACE_BOUND('',#742,.T.);
#742 = EDGE_LOOP('',(#743,#764,#765));
#743 = ORIENTED_EDGE('',*,*,#744,.F.);
#744 = EDGE_CURVE('',#674,#355,#745,.T.);
#745 = SURFACE_CURVE('',#746,(#750,#757),.PCURVE_S1.);
#746 = LINE('',#747,#748);
#747 = CARTESIAN_POINT('',(0.25,19.9,0.25));
#748 = VECTOR('',#749,1.);
#749 = DIRECTION('',(1.,0.,0.));
#750 = PCURVE('',#399,#751);
#751 = DEFINITIONAL_REPRESENTATION('',(#752),#756);
#752 = LINE('',#753,#754);
#753 = CARTESIAN_POINT('',(-0.25,0.25));
#754 = VECTOR('',#755,1.);
#755 = DIRECTION('',(-1.,0.));
#756 = ( GEOMETRIC_REPRESENTATION_CONTEXT(2) 
PARAMETRIC_REPRESENTATION_CONTEXT() REPRESENTATION_CONTEXT('2D SPACE',''
  ) );
#757 = PCURVE('',#370,#758);
#758 = DEFINITIONAL_REPRESENTATION('',(#759),#763);
#759 = LINE('',#760,#761);
#760 = CARTESIAN_POINT('',(0.,0.15));
#761 = VECTOR('',#762,1.);
#762 = DIRECTION('',(1.,0.));
#763 = ( GEOMETRIC_REPRESENTATION_CONTEXT(2) 
PARAMETRIC_REPRESENTATION_CONTEXT() REPRESENTATION_CONTEXT('2D SPACE',''
  ) );
#764 = ORIENTED_EDGE('',*,*,#673,.F.);
#765 = ORIENTED_EDGE('',*,*,#382,.T.);
#766 = ADVANCED_FACE('',(#767),#370,.F.);
#767 = FACE_BOUND('',#768,.T.);
#768 = EDGE_LOOP('',(#769,#790,#791,#792));
#769 = ORIENTED_EDGE('',*,*,#770,.F.);
#770 = EDGE_CURVE('',#697,#331,#771,.T.);
#771 = SURFACE_CURVE('',#772,(#776,#783),.PCURVE_S1.);
#772 = LINE('',#773,#774);
#773 = CARTESIAN_POINT('',(0.25,19.75,0.25));
#774 = VECTOR('',#775,1.);
#775 = DIRECTION('',(1.,0.,0.));
#776 = PCURVE('',#370,#777);
#777 = DEFINITIONAL_REPRESENTATION('',(#778),#782);
#778 = LINE('',#779,#780);
#779 = CARTESIAN_POINT('',(0.,0.));
#780 = VECTOR('',#781,1.);
#781 = DIRECTION('',(1.,0.));
#782 = ( GEOMETRIC_REPRESENTATION_CONTEXT(2) 
PARAMETRIC_REPRESENTATION_CONTEXT() REPRESENTATION_CONTEXT('2D SPACE',''
  ) );
#783 = PCURVE('',#45,#784);
#784 = DEFINITIONAL_REPRESENTATION('',(#785),#789);
#785 = LINE('',#786,#787);
#786 = CARTESIAN_POINT('',(0.25,0.25));
#787 = VECTOR('',#788,1.);
#788 = DIRECTION('',(0.,1.));
#789 = ( GEOMETRIC_REPRESENTATION_CONTEXT(2) 
PARAMETRIC_REPRESENTATION_CONTEXT() REPRESENTATION_CONTEXT('2D SPACE',''
  ) );
#790 = ORIENTED_EDGE('',*,*,#696,.T.);
#791 = ORIENTED_EDGE('',*,*,#744,.T.);
#792 = ORIENTED_EDGE('',*,*,#354,.F.);
#793 = ADVANCED_FACE('',(#794),#317,.F.);
#794 = FACE_BOUND('',#795,.T.);
#795 = EDGE_LOOP('',(#796));
#796 = ORIENTED_EDGE('',*,*,#302,.F.);
#797 = ADVANCED_FACE('',(#798),#243,.F.);
#798 = FACE_BOUND('',#799,.T.);
#799 = EDGE_LOOP('',(#800,#823,#846,#867));
#800 = ORIENTED_EDGE('',*,*,#801,.T.);
#801 = EDGE_CURVE('',#199,#802,#804,.T.);
#802 = VERTEX_POINT('',#803);
#803 = CARTESIAN_POINT('',(0.25,19.9,-0.25));
#804 = SURFACE_CURVE('',#805,(#809,#816),.PCURVE_S1.);
#805 = LINE('',#806,#807);
#806 = CARTESIAN_POINT('',(5.565935657737E-16,19.9,-0.25));
#807 = VECTOR('',#808,1.);
#808 = DIRECTION('',(-1.,4.802536467244E-19,0.));
#809 = PCURVE('',#243,#810);
#810 = DEFINITIONAL_REPRESENTATION('',(#811),#815);
#811 = LINE('',#812,#813);
#812 = CARTESIAN_POINT('',(0.25,0.15));
#813 = VECTOR('',#814,1.);
#814 = DIRECTION('',(1.,4.802536467244E-19));
#815 = ( GEOMETRIC_REPRESENTATION_CONTEXT(2) 
PARAMETRIC_REPRESENTATION_CONTEXT() REPRESENTATION_CONTEXT('2D SPACE',''
  ) );
#816 = PCURVE('',#215,#817);
#817 = DEFINITIONAL_REPRESENTATION('',(#818),#822);
#818 = LINE('',#819,#820);
#819 = CARTESIAN_POINT('',(0.,-0.25));
#820 = VECTOR('',#821,1.);
#821 = DIRECTION('',(1.,0.));
#822 = ( GEOMETRIC_REPRESENTATION_CONTEXT(2) 
PARAMETRIC_REPRESENTATION_CONTEXT() REPRESENTATION_CONTEXT('2D SPACE',''
  ) );
#823 = ORIENTED_EDGE('',*,*,#824,.F.);
#824 = EDGE_CURVE('',#825,#802,#827,.T.);
#825 = VERTEX_POINT('',#826);
#826 = CARTESIAN_POINT('',(0.25,19.75,-0.25));
#827 = SURFACE_CURVE('',#828,(#832,#839),.PCURVE_S1.);
#828 = LINE('',#829,#830);
#829 = CARTESIAN_POINT('',(0.25,19.75,-0.25));
#830 = VECTOR('',#831,1.);
#831 = DIRECTION('',(4.802536467244E-19,1.,-0.));
#832 = PCURVE('',#243,#833);
#833 = DEFINITIONAL_REPRESENTATION('',(#834),#838);
#834 = LINE('',#835,#836);
#835 = CARTESIAN_POINT('',(0.,0.));
#836 = VECTOR('',#837,1.);
#837 = DIRECTION('',(-4.802536467244E-19,1.));
#838 = ( GEOMETRIC_REPRESENTATION_CONTEXT(2) 
PARAMETRIC_REPRESENTATION_CONTEXT() REPRESENTATION_CONTEXT('2D SPACE',''
  ) );
#839 = PCURVE('',#186,#840);
#840 = DEFINITIONAL_REPRESENTATION('',(#841),#845);
#841 = LINE('',#842,#843);
#842 = CARTESIAN_POINT('',(0.,0.));
#843 = VECTOR('',#844,1.);
#844 = DIRECTION('',(5.009431476948E-34,1.));
#845 = ( GEOMETRIC_REPRESENTATION_CONTEXT(2) 
PARAMETRIC_REPRESENTATION_CONTEXT() REPRESENTATION_CONTEXT('2D SPACE',''
  ) );
#846 = ORIENTED_EDGE('',*,*,#847,.F.);
#847 = EDGE_CURVE('',#228,#825,#848,.T.);
#848 = SURFACE_CURVE('',#849,(#853,#860),.PCURVE_S1.);
#849 = LINE('',#850,#851);
#850 = CARTESIAN_POINT('',(0.25,19.75,-0.25));
#851 = VECTOR('',#852,1.);
#852 = DIRECTION('',(-1.,-0.,-0.));
#853 = PCURVE('',#243,#854);
#854 = DEFINITIONAL_REPRESENTATION('',(#855),#859);
#855 = LINE('',#856,#857);
#856 = CARTESIAN_POINT('',(0.,0.));
#857 = VECTOR('',#858,1.);
#858 = DIRECTION('',(1.,0.));
#859 = ( GEOMETRIC_REPRESENTATION_CONTEXT(2) 
PARAMETRIC_REPRESENTATION_CONTEXT() REPRESENTATION_CONTEXT('2D SPACE',''
  ) );
#860 = PCURVE('',#45,#861);
#861 = DEFINITIONAL_REPRESENTATION('',(#862),#866);
#862 = LINE('',#863,#864);
#863 = CARTESIAN_POINT('',(-0.25,0.25));
#864 = VECTOR('',#865,1.);
#865 = DIRECTION('',(-0.,-1.));
#866 = ( GEOMETRIC_REPRESENTATION_CONTEXT(2) 
PARAMETRIC_REPRESENTATION_CONTEXT() REPRESENTATION_CONTEXT('2D SPACE',''
  ) );
#867 = ORIENTED_EDGE('',*,*,#227,.F.);
#868 = ADVANCED_FACE('',(#869),#215,.T.);
#869 = FACE_BOUND('',#870,.T.);
#870 = EDGE_LOOP('',(#871,#872,#873));
#871 = ORIENTED_EDGE('',*,*,#801,.F.);
#872 = ORIENTED_EDGE('',*,*,#198,.T.);
#873 = ORIENTED_EDGE('',*,*,#874,.F.);
#874 = EDGE_CURVE('',#802,#171,#875,.T.);
#875 = SURFACE_CURVE('',#876,(#880,#887),.PCURVE_S1.);
#876 = LINE('',#877,#878);
#877 = CARTESIAN_POINT('',(0.25,19.9,-0.25));
#878 = VECTOR('',#879,1.);
#879 = DIRECTION('',(1.043080362037E-15,0.,-1.));
#880 = PCURVE('',#215,#881);
#881 = DEFINITIONAL_REPRESENTATION('',(#882),#886);
#882 = LINE('',#883,#884);
#883 = CARTESIAN_POINT('',(-0.25,-0.25));
#884 = VECTOR('',#885,1.);
#885 = DIRECTION('',(-1.043080362037E-15,-1.));
#886 = ( GEOMETRIC_REPRESENTATION_CONTEXT(2) 
PARAMETRIC_REPRESENTATION_CONTEXT() REPRESENTATION_CONTEXT('2D SPACE',''
  ) );
#887 = PCURVE('',#186,#888);
#888 = DEFINITIONAL_REPRESENTATION('',(#889),#893);
#889 = LINE('',#890,#891);
#890 = CARTESIAN_POINT('',(-3.992364986438E-51,0.15));
#891 = VECTOR('',#892,1.);
#892 = DIRECTION('',(1.,0.));
#893 = ( GEOMETRIC_REPRESENTATION_CONTEXT(2) 
PARAMETRIC_REPRESENTATION_CONTEXT() REPRESENTATION_CONTEXT('2D SPACE',''
  ) );
#894 = ADVANCED_FACE('',(#895),#186,.F.);
#895 = FACE_BOUND('',#896,.T.);
#896 = EDGE_LOOP('',(#897,#918,#919,#920));
#897 = ORIENTED_EDGE('',*,*,#898,.F.);
#898 = EDGE_CURVE('',#825,#147,#899,.T.);
#899 = SURFACE_CURVE('',#900,(#904,#911),.PCURVE_S1.);
#900 = LINE('',#901,#902);
#901 = CARTESIAN_POINT('',(0.25,19.75,-0.25));
#902 = VECTOR('',#903,1.);
#903 = DIRECTION('',(1.043080362037E-15,0.,-1.));
#904 = PCURVE('',#186,#905);
#905 = DEFINITIONAL_REPRESENTATION('',(#906),#910);
#906 = LINE('',#907,#908);
#907 = CARTESIAN_POINT('',(0.,0.));
#908 = VECTOR('',#909,1.);
#909 = DIRECTION('',(1.,0.));
#910 = ( GEOMETRIC_REPRESENTATION_CONTEXT(2) 
PARAMETRIC_REPRESENTATION_CONTEXT() REPRESENTATION_CONTEXT('2D SPACE',''
  ) );
#911 = PCURVE('',#45,#912);
#912 = DEFINITIONAL_REPRESENTATION('',(#913),#917);
#913 = LINE('',#914,#915);
#914 = CARTESIAN_POINT('',(-0.25,0.25));
#915 = VECTOR('',#916,1.);
#916 = DIRECTION('',(-1.,1.043080362037E-15));
#917 = ( GEOMETRIC_REPRESENTATION_CONTEXT(2) 
PARAMETRIC_REPRESENTATION_CONTEXT() REPRESENTATION_CONTEXT('2D SPACE',''
  ) );
#918 = ORIENTED_EDGE('',*,*,#824,.T.);
#919 = ORIENTED_EDGE('',*,*,#874,.T.);
#920 = ORIENTED_EDGE('',*,*,#170,.F.);
#921 = ADVANCED_FACE('',(#922),#134,.F.);
#922 = FACE_BOUND('',#923,.T.);
#923 = EDGE_LOOP('',(#924,#947,#970,#991));
#924 = ORIENTED_EDGE('',*,*,#925,.T.);
#925 = EDGE_CURVE('',#90,#926,#928,.T.);
#926 = VERTEX_POINT('',#927);
#927 = CARTESIAN_POINT('',(-0.25,19.9,-0.25));
#928 = SURFACE_CURVE('',#929,(#933,#940),.PCURVE_S1.);
#929 = LINE('',#930,#931);
#930 = CARTESIAN_POINT('',(-0.25,19.9,-3.154996156778E-16));
#931 = VECTOR('',#932,1.);
#932 = DIRECTION('',(-1.261998462711E-15,6.060793638776E-34,1.));
#933 = PCURVE('',#134,#934);
#934 = DEFINITIONAL_REPRESENTATION('',(#935),#939);
#935 = LINE('',#936,#937);
#936 = CARTESIAN_POINT('',(0.25,0.15));
#937 = VECTOR('',#938,1.);
#938 = DIRECTION('',(1.,6.060793638776E-34));
#939 = ( GEOMETRIC_REPRESENTATION_CONTEXT(2) 
PARAMETRIC_REPRESENTATION_CONTEXT() REPRESENTATION_CONTEXT('2D SPACE',''
  ) );
#940 = PCURVE('',#106,#941);
#941 = DEFINITIONAL_REPRESENTATION('',(#942),#946);
#942 = LINE('',#943,#944);
#943 = CARTESIAN_POINT('',(0.25,-3.154996156778E-16));
#944 = VECTOR('',#945,1.);
#945 = DIRECTION('',(1.261998462711E-15,1.));
#946 = ( GEOMETRIC_REPRESENTATION_CONTEXT(2) 
PARAMETRIC_REPRESENTATION_CONTEXT() REPRESENTATION_CONTEXT('2D SPACE',''
  ) );
#947 = ORIENTED_EDGE('',*,*,#948,.F.);
#948 = EDGE_CURVE('',#949,#926,#951,.T.);
#949 = VERTEX_POINT('',#950);
#950 = CARTESIAN_POINT('',(-0.25,19.75,-0.25));
#951 = SURFACE_CURVE('',#952,(#956,#963),.PCURVE_S1.);
#952 = LINE('',#953,#954);
#953 = CARTESIAN_POINT('',(-0.25,19.75,-0.25));
#954 = VECTOR('',#955,1.);
#955 = DIRECTION('',(4.802536467244E-19,1.,-0.));
#956 = PCURVE('',#134,#957);
#957 = DEFINITIONAL_REPRESENTATION('',(#958),#962);
#958 = LINE('',#959,#960);
#959 = CARTESIAN_POINT('',(0.,0.));
#960 = VECTOR('',#961,1.);
#961 = DIRECTION('',(-6.060793638776E-34,1.));
#962 = ( GEOMETRIC_REPRESENTATION_CONTEXT(2) 
PARAMETRIC_REPRESENTATION_CONTEXT() REPRESENTATION_CONTEXT('2D SPACE',''
  ) );
#963 = PCURVE('',#77,#964);
#964 = DEFINITIONAL_REPRESENTATION('',(#965),#969);
#965 = LINE('',#966,#967);
#966 = CARTESIAN_POINT('',(-4.209664910182,0.));
#967 = VECTOR('',#968,1.);
#968 = DIRECTION('',(-4.802536467244E-19,1.));
#969 = ( GEOMETRIC_REPRESENTATION_CONTEXT(2) 
PARAMETRIC_REPRESENTATION_CONTEXT() REPRESENTATION_CONTEXT('2D SPACE',''
  ) );
#970 = ORIENTED_EDGE('',*,*,#971,.F.);
#971 = EDGE_CURVE('',#119,#949,#972,.T.);
#972 = SURFACE_CURVE('',#973,(#977,#984),.PCURVE_S1.);
#973 = LINE('',#974,#975);
#974 = CARTESIAN_POINT('',(-0.25,19.75,-0.25));
#975 = VECTOR('',#976,1.);
#976 = DIRECTION('',(-1.261998462711E-15,-0.,1.));
#977 = PCURVE('',#134,#978);
#978 = DEFINITIONAL_REPRESENTATION('',(#979),#983);
#979 = LINE('',#980,#981);
#980 = CARTESIAN_POINT('',(0.,0.));
#981 = VECTOR('',#982,1.);
#982 = DIRECTION('',(1.,-8.552847072295E-50));
#983 = ( GEOMETRIC_REPRESENTATION_CONTEXT(2) 
PARAMETRIC_REPRESENTATION_CONTEXT() REPRESENTATION_CONTEXT('2D SPACE',''
  ) );
#984 = PCURVE('',#45,#985);
#985 = DEFINITIONAL_REPRESENTATION('',(#986),#990);
#986 = LINE('',#987,#988);
#987 = CARTESIAN_POINT('',(-0.25,-0.25));
#988 = VECTOR('',#989,1.);
#989 = DIRECTION('',(1.,-1.261998462711E-15));
#990 = ( GEOMETRIC_REPRESENTATION_CONTEXT(2) 
PARAMETRIC_REPRESENTATION_CONTEXT() REPRESENTATION_CONTEXT('2D SPACE',''
  ) );
#991 = ORIENTED_EDGE('',*,*,#118,.F.);
#992 = ADVANCED_FACE('',(#993),#106,.T.);
#993 = FACE_BOUND('',#994,.T.);
#994 = EDGE_LOOP('',(#995,#1016,#1017));
#995 = ORIENTED_EDGE('',*,*,#996,.F.);
#996 = EDGE_CURVE('',#926,#62,#997,.T.);
#997 = SURFACE_CURVE('',#998,(#1002,#1009),.PCURVE_S1.);
#998 = LINE('',#999,#1000);
#999 = CARTESIAN_POINT('',(-4.459664910182,19.9,-0.25));
#1000 = VECTOR('',#1001,1.);
#1001 = DIRECTION('',(-1.,-0.,-0.));
#1002 = PCURVE('',#106,#1003);
#1003 = DEFINITIONAL_REPRESENTATION('',(#1004),#1008);
#1004 = LINE('',#1005,#1006);
#1005 = CARTESIAN_POINT('',(4.459664910182,-0.25));
#1006 = VECTOR('',#1007,1.);
#1007 = DIRECTION('',(1.,0.));
#1008 = ( GEOMETRIC_REPRESENTATION_CONTEXT(2) 
PARAMETRIC_REPRESENTATION_CONTEXT() REPRESENTATION_CONTEXT('2D SPACE',''
  ) );
#1009 = PCURVE('',#77,#1010);
#1010 = DEFINITIONAL_REPRESENTATION('',(#1011),#1015);
#1011 = LINE('',#1012,#1013);
#1012 = CARTESIAN_POINT('',(0.,0.15));
#1013 = VECTOR('',#1014,1.);
#1014 = DIRECTION('',(1.,0.));
#1015 = ( GEOMETRIC_REPRESENTATION_CONTEXT(2) 
PARAMETRIC_REPRESENTATION_CONTEXT() REPRESENTATION_CONTEXT('2D SPACE',''
  ) );
#1016 = ORIENTED_EDGE('',*,*,#925,.F.);
#1017 = ORIENTED_EDGE('',*,*,#89,.T.);
#1018 = ADVANCED_FACE('',(#1019),#77,.F.);
#1019 = FACE_BOUND('',#1020,.T.);
#1020 = EDGE_LOOP('',(#1021,#1042,#1043,#1044));
#1021 = ORIENTED_EDGE('',*,*,#1022,.F.);
#1022 = EDGE_CURVE('',#949,#24,#1023,.T.);
#1023 = SURFACE_CURVE('',#1024,(#1028,#1035),.PCURVE_S1.);
#1024 = LINE('',#1025,#1026);
#1025 = CARTESIAN_POINT('',(-4.459664910182,19.75,-0.25));
#1026 = VECTOR('',#1027,1.);
#1027 = DIRECTION('',(-1.,-0.,-0.));
#1028 = PCURVE('',#77,#1029);
#1029 = DEFINITIONAL_REPRESENTATION('',(#1030),#1034);
#1030 = LINE('',#1031,#1032);
#1031 = CARTESIAN_POINT('',(0.,0.));
#1032 = VECTOR('',#1033,1.);
#1033 = DIRECTION('',(1.,0.));
#1034 = ( GEOMETRIC_REPRESENTATION_CONTEXT(2) 
PARAMETRIC_REPRESENTATION_CONTEXT() REPRESENTATION_CONTEXT('2D SPACE',''
  ) );
#1035 = PCURVE('',#45,#1036);
#1036 = DEFINITIONAL_REPRESENTATION('',(#1037),#1041);
#1037 = LINE('',#1038,#1039);
#1038 = CARTESIAN_POINT('',(-0.25,-4.459664910182));
#1039 = VECTOR('',#1040,1.);
#1040 = DIRECTION('',(-0.,-1.));
#1041 = ( GEOMETRIC_REPRESENTATION_CONTEXT(2) 
PARAMETRIC_REPRESENTATION_CONTEXT() REPRESENTATION_CONTEXT('2D SPACE',''
  ) );
#1042 = ORIENTED_EDGE('',*,*,#948,.T.);
#1043 = ORIENTED_EDGE('',*,*,#996,.T.);
#1044 = ORIENTED_EDGE('',*,*,#61,.F.);
#1045 = ADVANCED_FACE('',(#1046),#45,.T.);
#1046 = FACE_BOUND('',#1047,.T.);
#1047 = EDGE_LOOP('',(#1048,#1049,#1050,#1051,#1052,#1053,#1054,#1055,
    #1056,#1057,#1058,#1059,#1060));
#1048 = ORIENTED_EDGE('',*,*,#330,.T.);
#1049 = ORIENTED_EDGE('',*,*,#255,.T.);
#1050 = ORIENTED_EDGE('',*,*,#847,.T.);
#1051 = ORIENTED_EDGE('',*,*,#898,.T.);
#1052 = ORIENTED_EDGE('',*,*,#146,.T.);
#1053 = ORIENTED_EDGE('',*,*,#971,.T.);
#1054 = ORIENTED_EDGE('',*,*,#1022,.T.);
#1055 = ORIENTED_EDGE('',*,*,#21,.F.);
#1056 = ORIENTED_EDGE('',*,*,#595,.T.);
#1057 = ORIENTED_EDGE('',*,*,#646,.T.);
#1058 = ORIENTED_EDGE('',*,*,#439,.T.);
#1059 = ORIENTED_EDGE('',*,*,#719,.T.);
#1060 = ORIENTED_EDGE('',*,*,#770,.T.);
#1061 = MANIFOLD_SOLID_BREP('',#1062);
#1062 = CLOSED_SHELL('',(#1063,#1155,#1159));
#1063 = ADVANCED_FACE('',(#1064),#1077,.T.);
#1064 = FACE_BOUND('',#1065,.T.);
#1065 = EDGE_LOOP('',(#1066,#1104,#1127,#1154));
#1066 = ORIENTED_EDGE('',*,*,#1067,.T.);
#1067 = EDGE_CURVE('',#1068,#1068,#1070,.T.);
#1068 = VERTEX_POINT('',#1069);
#1069 = CARTESIAN_POINT('',(-2.5,0.95,-0.3));
#1070 = SURFACE_CURVE('',#1071,(#1076,#1088),.PCURVE_S1.);
#1071 = CIRCLE('',#1072,0.3);
#1072 = AXIS2_PLACEMENT_3D('',#1073,#1074,#1075);
#1073 = CARTESIAN_POINT('',(-2.5,0.95,0.));
#1074 = DIRECTION('',(0.,-1.,0.));
#1075 = DIRECTION('',(-1.480297366167E-15,-0.,-1.));
#1076 = PCURVE('',#1077,#1082);
#1077 = CYLINDRICAL_SURFACE('',#1078,0.3);
#1078 = AXIS2_PLACEMENT_3D('',#1079,#1080,#1081);
#1079 = CARTESIAN_POINT('',(-2.5,1.2,0.));
#1080 = DIRECTION('',(-0.,-1.,-0.));
#1081 = DIRECTION('',(0.,0.,-1.));
#1082 = DEFINITIONAL_REPRESENTATION('',(#1083),#1087);
#1083 = LINE('',#1084,#1085);
#1084 = CARTESIAN_POINT('',(0.,0.25));
#1085 = VECTOR('',#1086,1.);
#1086 = DIRECTION('',(1.,-0.));
#1087 = ( GEOMETRIC_REPRESENTATION_CONTEXT(2) 
PARAMETRIC_REPRESENTATION_CONTEXT() REPRESENTATION_CONTEXT('2D SPACE',''
  ) );
#1088 = PCURVE('',#1089,#1094);
#1089 = PLANE('',#1090);
#1090 = AXIS2_PLACEMENT_3D('',#1091,#1092,#1093);
#1091 = CARTESIAN_POINT('',(-2.5,0.95,0.));
#1092 = DIRECTION('',(0.,1.,0.));
#1093 = DIRECTION('',(0.,-0.,1.));
#1094 = DEFINITIONAL_REPRESENTATION('',(#1095),#1103);
#1095 = ( BOUNDED_CURVE() B_SPLINE_CURVE(2,(#1096,#1097,#1098,#1099,
#1100,#1101,#1102),.UNSPECIFIED.,.T.,.F.) B_SPLINE_CURVE_WITH_KNOTS((1,2
    ,2,2,2,1),(-2.094395102393,0.,2.094395102393,4.188790204786,
6.28318530718,8.377580409573),.UNSPECIFIED.) CURVE() 
GEOMETRIC_REPRESENTATION_ITEM() RATIONAL_B_SPLINE_CURVE((1.,0.5,1.,0.5,
1.,0.5,1.)) REPRESENTATION_ITEM('') );
#1096 = CARTESIAN_POINT('',(-0.3,1.972152263053E-31));
#1097 = CARTESIAN_POINT('',(-0.3,0.519615242271));
#1098 = CARTESIAN_POINT('',(0.15,0.259807621135));
#1099 = CARTESIAN_POINT('',(0.6,1.405746437499E-15));
#1100 = CARTESIAN_POINT('',(0.15,-0.259807621135));
#1101 = CARTESIAN_POINT('',(-0.3,-0.519615242271));
#1102 = CARTESIAN_POINT('',(-0.3,1.972152263053E-31));
#1103 = ( GEOMETRIC_REPRESENTATION_CONTEXT(2) 
PARAMETRIC_REPRESENTATION_CONTEXT() REPRESENTATION_CONTEXT('2D SPACE',''
  ) );
#1104 = ORIENTED_EDGE('',*,*,#1105,.T.);
#1105 = EDGE_CURVE('',#1068,#1106,#1108,.T.);
#1106 = VERTEX_POINT('',#1107);
#1107 = CARTESIAN_POINT('',(-2.5,-3.,-0.3));
#1108 = SEAM_CURVE('',#1109,(#1113,#1120),.PCURVE_S1.);
#1109 = LINE('',#1110,#1111);
#1110 = CARTESIAN_POINT('',(-2.5,1.2,-0.3));
#1111 = VECTOR('',#1112,1.);
#1112 = DIRECTION('',(-0.,-1.,-0.));
#1113 = PCURVE('',#1077,#1114);
#1114 = DEFINITIONAL_REPRESENTATION('',(#1115),#1119);
#1115 = LINE('',#1116,#1117);
#1116 = CARTESIAN_POINT('',(6.28318530718,0.));
#1117 = VECTOR('',#1118,1.);
#1118 = DIRECTION('',(0.,1.));
#1119 = ( GEOMETRIC_REPRESENTATION_CONTEXT(2) 
PARAMETRIC_REPRESENTATION_CONTEXT() REPRESENTATION_CONTEXT('2D SPACE',''
  ) );
#1120 = PCURVE('',#1077,#1121);
#1121 = DEFINITIONAL_REPRESENTATION('',(#1122),#1126);
#1122 = LINE('',#1123,#1124);
#1123 = CARTESIAN_POINT('',(0.,0.));
#1124 = VECTOR('',#1125,1.);
#1125 = DIRECTION('',(0.,1.));
#1126 = ( GEOMETRIC_REPRESENTATION_CONTEXT(2) 
PARAMETRIC_REPRESENTATION_CONTEXT() REPRESENTATION_CONTEXT('2D SPACE',''
  ) );
#1127 = ORIENTED_EDGE('',*,*,#1128,.T.);
#1128 = EDGE_CURVE('',#1106,#1106,#1129,.T.);
#1129 = SURFACE_CURVE('',#1130,(#1135,#1142),.PCURVE_S1.);
#1130 = CIRCLE('',#1131,0.3);
#1131 = AXIS2_PLACEMENT_3D('',#1132,#1133,#1134);
#1132 = CARTESIAN_POINT('',(-2.5,-3.,-3.646273558047E-18));
#1133 = DIRECTION('',(0.,1.,0.));
#1134 = DIRECTION('',(1.480297366167E-15,-0.,-1.));
#1135 = PCURVE('',#1077,#1136);
#1136 = DEFINITIONAL_REPRESENTATION('',(#1137),#1141);
#1137 = LINE('',#1138,#1139);
#1138 = CARTESIAN_POINT('',(6.28318530718,4.2));
#1139 = VECTOR('',#1140,1.);
#1140 = DIRECTION('',(-1.,-0.));
#1141 = ( GEOMETRIC_REPRESENTATION_CONTEXT(2) 
PARAMETRIC_REPRESENTATION_CONTEXT() REPRESENTATION_CONTEXT('2D SPACE',''
  ) );
#1142 = PCURVE('',#1143,#1148);
#1143 = PLANE('',#1144);
#1144 = AXIS2_PLACEMENT_3D('',#1145,#1146,#1147);
#1145 = CARTESIAN_POINT('',(-50.,-3.,-50.));
#1146 = DIRECTION('',(-0.,1.,0.));
#1147 = DIRECTION('',(0.,0.,1.));
#1148 = DEFINITIONAL_REPRESENTATION('',(#1149),#1153);
#1149 = CIRCLE('',#1150,0.3);
#1150 = AXIS2_PLACEMENT_2D('',#1151,#1152);
#1151 = CARTESIAN_POINT('',(50.,47.5));
#1152 = DIRECTION('',(-1.,1.480297366167E-15));
#1153 = ( GEOMETRIC_REPRESENTATION_CONTEXT(2) 
PARAMETRIC_REPRESENTATION_CONTEXT() REPRESENTATION_CONTEXT('2D SPACE',''
  ) );
#1154 = ORIENTED_EDGE('',*,*,#1105,.F.);
#1155 = ADVANCED_FACE('',(#1156),#1143,.F.);
#1156 = FACE_BOUND('',#1157,.F.);
#1157 = EDGE_LOOP('',(#1158));
#1158 = ORIENTED_EDGE('',*,*,#1128,.T.);
#1159 = ADVANCED_FACE('',(#1160),#1089,.T.);
#1160 = FACE_BOUND('',#1161,.T.);
#1161 = EDGE_LOOP('',(#1162));
#1162 = ORIENTED_EDGE('',*,*,#1067,.F.);
#1163 = MANIFOLD_SOLID_BREP('',#1164);
#1164 = CLOSED_SHELL('',(#1165,#1257,#1261));
#1165 = ADVANCED_FACE('',(#1166),#1179,.T.);
#1166 = FACE_BOUND('',#1167,.T.);
#1167 = EDGE_LOOP('',(#1168,#1206,#1229,#1256));
#1168 = ORIENTED_EDGE('',*,*,#1169,.T.);
#1169 = EDGE_CURVE('',#1170,#1170,#1172,.T.);
#1170 = VERTEX_POINT('',#1171);
#1171 = CARTESIAN_POINT('',(2.5,0.95,-0.3));
#1172 = SURFACE_CURVE('',#1173,(#1178,#1190),.PCURVE_S1.);
#1173 = CIRCLE('',#1174,0.3);
#1174 = AXIS2_PLACEMENT_3D('',#1175,#1176,#1177);
#1175 = CARTESIAN_POINT('',(2.5,0.95,0.));
#1176 = DIRECTION('',(0.,-1.,0.));
#1177 = DIRECTION('',(0.,0.,-1.));
#1178 = PCURVE('',#1179,#1184);
#1179 = CYLINDRICAL_SURFACE('',#1180,0.3);
#1180 = AXIS2_PLACEMENT_3D('',#1181,#1182,#1183);
#1181 = CARTESIAN_POINT('',(2.5,1.2,0.));
#1182 = DIRECTION('',(-0.,-1.,-0.));
#1183 = DIRECTION('',(0.,0.,-1.));
#1184 = DEFINITIONAL_REPRESENTATION('',(#1185),#1189);
#1185 = LINE('',#1186,#1187);
#1186 = CARTESIAN_POINT('',(0.,0.25));
#1187 = VECTOR('',#1188,1.);
#1188 = DIRECTION('',(1.,-0.));
#1189 = ( GEOMETRIC_REPRESENTATION_CONTEXT(2) 
PARAMETRIC_REPRESENTATION_CONTEXT() REPRESENTATION_CONTEXT('2D SPACE',''
  ) );
#1190 = PCURVE('',#1191,#1196);
#1191 = PLANE('',#1192);
#1192 = AXIS2_PLACEMENT_3D('',#1193,#1194,#1195);
#1193 = CARTESIAN_POINT('',(2.5,0.95,0.));
#1194 = DIRECTION('',(0.,1.,0.));
#1195 = DIRECTION('',(0.,-0.,1.));
#1196 = DEFINITIONAL_REPRESENTATION('',(#1197),#1205);
#1197 = ( BOUNDED_CURVE() B_SPLINE_CURVE(2,(#1198,#1199,#1200,#1201,
#1202,#1203,#1204),.UNSPECIFIED.,.T.,.F.) B_SPLINE_CURVE_WITH_KNOTS((1,2
    ,2,2,2,1),(-2.094395102393,0.,2.094395102393,4.188790204786,
6.28318530718,8.377580409573),.UNSPECIFIED.) CURVE() 
GEOMETRIC_REPRESENTATION_ITEM() RATIONAL_B_SPLINE_CURVE((1.,0.5,1.,0.5,
1.,0.5,1.)) REPRESENTATION_ITEM('') );
#1198 = CARTESIAN_POINT('',(-0.3,0.));
#1199 = CARTESIAN_POINT('',(-0.3,0.519615242271));
#1200 = CARTESIAN_POINT('',(0.15,0.259807621135));
#1201 = CARTESIAN_POINT('',(0.6,7.347880794884E-17));
#1202 = CARTESIAN_POINT('',(0.15,-0.259807621135));
#1203 = CARTESIAN_POINT('',(-0.3,-0.519615242271));
#1204 = CARTESIAN_POINT('',(-0.3,0.));
#1205 = ( GEOMETRIC_REPRESENTATION_CONTEXT(2) 
PARAMETRIC_REPRESENTATION_CONTEXT() REPRESENTATION_CONTEXT('2D SPACE',''
  ) );
#1206 = ORIENTED_EDGE('',*,*,#1207,.T.);
#1207 = EDGE_CURVE('',#1170,#1208,#1210,.T.);
#1208 = VERTEX_POINT('',#1209);
#1209 = CARTESIAN_POINT('',(2.5,-3.,-0.3));
#1210 = SEAM_CURVE('',#1211,(#1215,#1222),.PCURVE_S1.);
#1211 = LINE('',#1212,#1213);
#1212 = CARTESIAN_POINT('',(2.5,1.2,-0.3));
#1213 = VECTOR('',#1214,1.);
#1214 = DIRECTION('',(-0.,-1.,-0.));
#1215 = PCURVE('',#1179,#1216);
#1216 = DEFINITIONAL_REPRESENTATION('',(#1217),#1221);
#1217 = LINE('',#1218,#1219);
#1218 = CARTESIAN_POINT('',(6.28318530718,0.));
#1219 = VECTOR('',#1220,1.);
#1220 = DIRECTION('',(0.,1.));
#1221 = ( GEOMETRIC_REPRESENTATION_CONTEXT(2) 
PARAMETRIC_REPRESENTATION_CONTEXT() REPRESENTATION_CONTEXT('2D SPACE',''
  ) );
#1222 = PCURVE('',#1179,#1223);
#1223 = DEFINITIONAL_REPRESENTATION('',(#1224),#1228);
#1224 = LINE('',#1225,#1226);
#1225 = CARTESIAN_POINT('',(0.,0.));
#1226 = VECTOR('',#1227,1.);
#1227 = DIRECTION('',(0.,1.));
#1228 = ( GEOMETRIC_REPRESENTATION_CONTEXT(2) 
PARAMETRIC_REPRESENTATION_CONTEXT() REPRESENTATION_CONTEXT('2D SPACE',''
  ) );
#1229 = ORIENTED_EDGE('',*,*,#1230,.T.);
#1230 = EDGE_CURVE('',#1208,#1208,#1231,.T.);
#1231 = SURFACE_CURVE('',#1232,(#1237,#1244),.PCURVE_S1.);
#1232 = CIRCLE('',#1233,0.3);
#1233 = AXIS2_PLACEMENT_3D('',#1234,#1235,#1236);
#1234 = CARTESIAN_POINT('',(2.5,-3.,6.166804308727E-18));
#1235 = DIRECTION('',(0.,1.,0.));
#1236 = DIRECTION('',(0.,-0.,-1.));
#1237 = PCURVE('',#1179,#1238);
#1238 = DEFINITIONAL_REPRESENTATION('',(#1239),#1243);
#1239 = LINE('',#1240,#1241);
#1240 = CARTESIAN_POINT('',(6.28318530718,4.2));
#1241 = VECTOR('',#1242,1.);
#1242 = DIRECTION('',(-1.,-0.));
#1243 = ( GEOMETRIC_REPRESENTATION_CONTEXT(2) 
PARAMETRIC_REPRESENTATION_CONTEXT() REPRESENTATION_CONTEXT('2D SPACE',''
  ) );
#1244 = PCURVE('',#1245,#1250);
#1245 = PLANE('',#1246);
#1246 = AXIS2_PLACEMENT_3D('',#1247,#1248,#1249);
#1247 = CARTESIAN_POINT('',(-50.,-3.,-50.));
#1248 = DIRECTION('',(-0.,1.,0.));
#1249 = DIRECTION('',(0.,0.,1.));
#1250 = DEFINITIONAL_REPRESENTATION('',(#1251),#1255);
#1251 = CIRCLE('',#1252,0.3);
#1252 = AXIS2_PLACEMENT_2D('',#1253,#1254);
#1253 = CARTESIAN_POINT('',(50.,52.5));
#1254 = DIRECTION('',(-1.,0.));
#1255 = ( GEOMETRIC_REPRESENTATION_CONTEXT(2) 
PARAMETRIC_REPRESENTATION_CONTEXT() REPRESENTATION_CONTEXT('2D SPACE',''
  ) );
#1256 = ORIENTED_EDGE('',*,*,#1207,.F.);
#1257 = ADVANCED_FACE('',(#1258),#1245,.F.);
#1258 = FACE_BOUND('',#1259,.F.);
#1259 = EDGE_LOOP('',(#1260));
#1260 = ORIENTED_EDGE('',*,*,#1230,.T.);
#1261 = ADVANCED_FACE('',(#1262),#1191,.T.);
#1262 = FACE_BOUND('',#1263,.T.);
#1263 = EDGE_LOOP('',(#1264));
#1264 = ORIENTED_EDGE('',*,*,#1169,.F.);
#1265 = MANIFOLD_SOLID_BREP('',#1266);
#1266 = CLOSED_SHELL('',(#1267,#1399,#1789,#1863,#1913,#1963,#1989,#2038
    ,#2092,#2252,#2443,#2525,#2602,#2736,#2813,#2838,#2915,#2991,#3047,
    #3101,#3363,#3436,#3486,#3512,#3540,#3593,#3643,#3671,#3701,#3731,
    #3742,#3792,#3842,#3897,#3947,#3997,#4029,#4068));
#1267 = ADVANCED_FACE('',(#1268),#1283,.F.);
#1268 = FACE_BOUND('',#1269,.F.);
#1269 = EDGE_LOOP('',(#1270,#1306,#1339,#1368));
#1270 = ORIENTED_EDGE('',*,*,#1271,.T.);
#1271 = EDGE_CURVE('',#1272,#1274,#1276,.T.);
#1272 = VERTEX_POINT('',#1273);
#1273 = CARTESIAN_POINT('',(4.092685537346,3.906657926613,2.362913096695
    ));
#1274 = VERTEX_POINT('',#1275);
#1275 = CARTESIAN_POINT('',(4.092685537346,3.906657926613,
    -2.362913096695));
#1276 = SURFACE_CURVE('',#1277,(#1282,#1294),.PCURVE_S1.);
#1277 = CIRCLE('',#1278,4.72582619339);
#1278 = AXIS2_PLACEMENT_3D('',#1279,#1280,#1281);
#1279 = CARTESIAN_POINT('',(3.659971235771E-16,3.906657926613,0.));
#1280 = DIRECTION('',(-9.368548013477E-17,-1.,0.));
#1281 = DIRECTION('',(1.,-9.368548013477E-17,0.));
#1282 = PCURVE('',#1283,#1288);
#1283 = TOROIDAL_SURFACE('',#1284,5.372093023256,1.023255813953);
#1284 = AXIS2_PLACEMENT_3D('',#1285,#1286,#1287);
#1285 = CARTESIAN_POINT('',(8.673617379884E-16,4.7,0.));
#1286 = DIRECTION('',(-9.368548013477E-17,-1.,-0.));
#1287 = DIRECTION('',(1.,-9.368548013477E-17,0.));
#1288 = DEFINITIONAL_REPRESENTATION('',(#1289),#1293);
#1289 = LINE('',#1290,#1291);
#1290 = CARTESIAN_POINT('',(-1.110223024625E-16,2.254384385967));
#1291 = VECTOR('',#1292,1.);
#1292 = DIRECTION('',(1.,0.));
#1293 = ( GEOMETRIC_REPRESENTATION_CONTEXT(2) 
PARAMETRIC_REPRESENTATION_CONTEXT() REPRESENTATION_CONTEXT('2D SPACE',''
  ) );
#1294 = PCURVE('',#1295,#1300);
#1295 = TOROIDAL_SURFACE('',#1296,4.255813953488,0.744186046512);
#1296 = AXIS2_PLACEMENT_3D('',#1297,#1298,#1299);
#1297 = CARTESIAN_POINT('',(0.,3.329681873241,0.));
#1298 = DIRECTION('',(-9.368548013477E-17,-1.,-0.));
#1299 = DIRECTION('',(1.,-9.368548013477E-17,0.));
#1300 = DEFINITIONAL_REPRESENTATION('',(#1301),#1305);
#1301 = LINE('',#1302,#1303);
#1302 = CARTESIAN_POINT('',(-1.110223024625E-16,5.395977039557));
#1303 = VECTOR('',#1304,1.);
#1304 = DIRECTION('',(1.,0.));
#1305 = ( GEOMETRIC_REPRESENTATION_CONTEXT(2) 
PARAMETRIC_REPRESENTATION_CONTEXT() REPRESENTATION_CONTEXT('2D SPACE',''
  ) );
#1306 = ORIENTED_EDGE('',*,*,#1307,.F.);
#1307 = EDGE_CURVE('',#1308,#1274,#1310,.T.);
#1308 = VERTEX_POINT('',#1309);
#1309 = CARTESIAN_POINT('',(4.092685537346,5.493342073387,
    -2.362913096695));
#1310 = SURFACE_CURVE('',#1311,(#1316,#1323),.PCURVE_S1.);
#1311 = CIRCLE('',#1312,1.023255813953);
#1312 = AXIS2_PLACEMENT_3D('',#1313,#1314,#1315);
#1313 = CARTESIAN_POINT('',(4.652369029633,4.7,-2.686046511628));
#1314 = DIRECTION('',(0.5,-1.606065073281E-16,0.866025403784));
#1315 = DIRECTION('',(-0.546963412916,0.775311571719,0.315789473684));
#1316 = PCURVE('',#1283,#1317);
#1317 = DEFINITIONAL_REPRESENTATION('',(#1318),#1322);
#1318 = LINE('',#1319,#1320);
#1319 = CARTESIAN_POINT('',(5.759586531581,4.028800921212));
#1320 = VECTOR('',#1321,1.);
#1321 = DIRECTION('',(0.,-1.));
#1322 = ( GEOMETRIC_REPRESENTATION_CONTEXT(2) 
PARAMETRIC_REPRESENTATION_CONTEXT() REPRESENTATION_CONTEXT('2D SPACE',''
  ) );
#1323 = PCURVE('',#1324,#1329);
#1324 = PLANE('',#1325);
#1325 = AXIS2_PLACEMENT_3D('',#1326,#1327,#1328);
#1326 = CARTESIAN_POINT('',(2.19838340526E-15,-17.,0.));
#1327 = DIRECTION('',(-0.5,-4.272023717956E-18,-0.866025403784));
#1328 = DIRECTION('',(-0.866025403784,1.617862711815E-34,0.5));
#1329 = DEFINITIONAL_REPRESENTATION('',(#1330),#1338);
#1330 = ( BOUNDED_CURVE() B_SPLINE_CURVE(2,(#1331,#1332,#1333,#1334,
#1335,#1336,#1337),.UNSPECIFIED.,.T.,.F.) B_SPLINE_CURVE_WITH_KNOTS((1,2
    ,2,2,2,1),(-2.094395102393,0.,2.094395102393,4.188790204786,
6.28318530718,8.377580409573),.UNSPECIFIED.) CURVE() 
GEOMETRIC_REPRESENTATION_ITEM() RATIONAL_B_SPLINE_CURVE((1.,0.5,1.,0.5,
1.,0.5,1.)) REPRESENTATION_ITEM('') );
#1331 = CARTESIAN_POINT('',(-4.72582619339,22.493342073387));
#1332 = CARTESIAN_POINT('',(-3.351717414503,21.373975088813));
#1333 = CARTESIAN_POINT('',(-5.008172048745,20.74364547102));
#1334 = CARTESIAN_POINT('',(-6.664626682987,20.113315853227));
#1335 = CARTESIAN_POINT('',(-6.382280827632,21.863012455593));
#1336 = CARTESIAN_POINT('',(-6.099934972278,23.61270905796));
#1337 = CARTESIAN_POINT('',(-4.72582619339,22.493342073387));
#1338 = ( GEOMETRIC_REPRESENTATION_CONTEXT(2) 
PARAMETRIC_REPRESENTATION_CONTEXT() REPRESENTATION_CONTEXT('2D SPACE',''
  ) );
#1339 = ORIENTED_EDGE('',*,*,#1340,.F.);
#1340 = EDGE_CURVE('',#1341,#1308,#1343,.T.);
#1341 = VERTEX_POINT('',#1342);
#1342 = CARTESIAN_POINT('',(4.092685537346,5.493342073387,2.362913096695
    ));
#1343 = SURFACE_CURVE('',#1344,(#1349,#1356),.PCURVE_S1.);
#1344 = CIRCLE('',#1345,4.72582619339);
#1345 = AXIS2_PLACEMENT_3D('',#1346,#1347,#1348);
#1346 = CARTESIAN_POINT('',(5.146463896898E-16,5.493342073387,0.));
#1347 = DIRECTION('',(-9.368548013477E-17,-1.,0.));
#1348 = DIRECTION('',(1.,-9.368548013477E-17,0.));
#1349 = PCURVE('',#1283,#1350);
#1350 = DEFINITIONAL_REPRESENTATION('',(#1351),#1355);
#1351 = LINE('',#1352,#1353);
#1352 = CARTESIAN_POINT('',(-1.110223024625E-16,4.028800921212));
#1353 = VECTOR('',#1354,1.);
#1354 = DIRECTION('',(1.,0.));
#1355 = ( GEOMETRIC_REPRESENTATION_CONTEXT(2) 
PARAMETRIC_REPRESENTATION_CONTEXT() REPRESENTATION_CONTEXT('2D SPACE',''
  ) );
#1356 = PCURVE('',#1357,#1362);
#1357 = TOROIDAL_SURFACE('',#1358,4.255813953488,0.744186046512);
#1358 = AXIS2_PLACEMENT_3D('',#1359,#1360,#1361);
#1359 = CARTESIAN_POINT('',(8.673617379884E-16,6.070318126759,0.));
#1360 = DIRECTION('',(-9.368548013477E-17,-1.,-0.));
#1361 = DIRECTION('',(1.,-9.368548013477E-17,0.));
#1362 = DEFINITIONAL_REPRESENTATION('',(#1363),#1367);
#1363 = LINE('',#1364,#1365);
#1364 = CARTESIAN_POINT('',(-1.110223024625E-16,0.887208267622));
#1365 = VECTOR('',#1366,1.);
#1366 = DIRECTION('',(1.,2.120369787642E-17));
#1367 = ( GEOMETRIC_REPRESENTATION_CONTEXT(2) 
PARAMETRIC_REPRESENTATION_CONTEXT() REPRESENTATION_CONTEXT('2D SPACE',''
  ) );
#1368 = ORIENTED_EDGE('',*,*,#1369,.F.);
#1369 = EDGE_CURVE('',#1272,#1341,#1370,.T.);
#1370 = SURFACE_CURVE('',#1371,(#1376,#1383),.PCURVE_S1.);
#1371 = CIRCLE('',#1372,1.023255813953);
#1372 = AXIS2_PLACEMENT_3D('',#1373,#1374,#1375);
#1373 = CARTESIAN_POINT('',(4.652369029633,4.7,2.686046511628));
#1374 = DIRECTION('',(0.5,-9.701538998773E-16,-0.866025403784));
#1375 = DIRECTION('',(-0.546963412916,-0.775311571719,-0.315789473684));
#1376 = PCURVE('',#1283,#1377);
#1377 = DEFINITIONAL_REPRESENTATION('',(#1378),#1382);
#1378 = LINE('',#1379,#1380);
#1379 = CARTESIAN_POINT('',(0.523598775598,2.254384385967));
#1380 = VECTOR('',#1381,1.);
#1381 = DIRECTION('',(1.251366860681E-16,1.));
#1382 = ( GEOMETRIC_REPRESENTATION_CONTEXT(2) 
PARAMETRIC_REPRESENTATION_CONTEXT() REPRESENTATION_CONTEXT('2D SPACE',''
  ) );
#1383 = PCURVE('',#1384,#1389);
#1384 = PLANE('',#1385);
#1385 = AXIS2_PLACEMENT_3D('',#1386,#1387,#1388);
#1386 = CARTESIAN_POINT('',(2.19838340526E-15,-17.,0.));
#1387 = DIRECTION('',(-0.5,-4.272023717956E-18,0.866025403784));
#1388 = DIRECTION('',(0.866025403784,-1.617862711815E-34,0.5));
#1389 = DEFINITIONAL_REPRESENTATION('',(#1390),#1398);
#1390 = ( BOUNDED_CURVE() B_SPLINE_CURVE(2,(#1391,#1392,#1393,#1394,
#1395,#1396,#1397),.UNSPECIFIED.,.T.,.F.) B_SPLINE_CURVE_WITH_KNOTS((1,2
    ,2,2,2,1),(-2.094395102393,0.,2.094395102393,4.188790204786,
6.28318530718,8.377580409573),.UNSPECIFIED.) CURVE() 
GEOMETRIC_REPRESENTATION_ITEM() RATIONAL_B_SPLINE_CURVE((1.,0.5,1.,0.5,
1.,0.5,1.)) REPRESENTATION_ITEM('') );
#1391 = CARTESIAN_POINT('',(4.72582619339,20.906657926613));
#1392 = CARTESIAN_POINT('',(3.351717414503,22.026024911187));
#1393 = CARTESIAN_POINT('',(5.008172048745,22.65635452898));
#1394 = CARTESIAN_POINT('',(6.664626682987,23.286684146773));
#1395 = CARTESIAN_POINT('',(6.382280827632,21.536987544407));
#1396 = CARTESIAN_POINT('',(6.099934972278,19.78729094204));
#1397 = CARTESIAN_POINT('',(4.72582619339,20.906657926613));
#1398 = ( GEOMETRIC_REPRESENTATION_CONTEXT(2) 
PARAMETRIC_REPRESENTATION_CONTEXT() REPRESENTATION_CONTEXT('2D SPACE',''
  ) );
#1399 = ADVANCED_FACE('',(#1400),#1384,.F.);
#1400 = FACE_BOUND('',#1401,.T.);
#1401 = EDGE_LOOP('',(#1402,#1432,#1458,#1459,#1483,#1511,#1544,#1572,
    #1600,#1627,#1655,#1678,#1706,#1734,#1762));
#1402 = ORIENTED_EDGE('',*,*,#1403,.F.);
#1403 = EDGE_CURVE('',#1404,#1406,#1408,.T.);
#1404 = VERTEX_POINT('',#1405);
#1405 = CARTESIAN_POINT('',(4.330127018922,6.070318126759,2.5));
#1406 = VERTEX_POINT('',#1407);
#1407 = CARTESIAN_POINT('',(4.330127018922,19.466666666667,2.5));
#1408 = SURFACE_CURVE('',#1409,(#1413,#1420),.PCURVE_S1.);
#1409 = LINE('',#1410,#1411);
#1410 = CARTESIAN_POINT('',(4.330127018922,-17.,2.5));
#1411 = VECTOR('',#1412,1.);
#1412 = DIRECTION('',(-8.544047435912E-18,1.,-0.));
#1413 = PCURVE('',#1384,#1414);
#1414 = DEFINITIONAL_REPRESENTATION('',(#1415),#1419);
#1415 = LINE('',#1416,#1417);
#1416 = CARTESIAN_POINT('',(5.,-2.115656442027E-34));
#1417 = VECTOR('',#1418,1.);
#1418 = DIRECTION('',(-7.399362130639E-18,1.));
#1419 = ( GEOMETRIC_REPRESENTATION_CONTEXT(2) 
PARAMETRIC_REPRESENTATION_CONTEXT() REPRESENTATION_CONTEXT('2D SPACE',''
  ) );
#1420 = PCURVE('',#1421,#1426);
#1421 = CYLINDRICAL_SURFACE('',#1422,5.);
#1422 = AXIS2_PLACEMENT_3D('',#1423,#1424,#1425);
#1423 = CARTESIAN_POINT('',(0.,0.,0.));
#1424 = DIRECTION('',(-9.368548013477E-17,-1.,-0.));
#1425 = DIRECTION('',(1.,-9.368548013477E-17,0.));
#1426 = DEFINITIONAL_REPRESENTATION('',(#1427),#1431);
#1427 = LINE('',#1428,#1429);
#1428 = CARTESIAN_POINT('',(0.523598775598,17.));
#1429 = VECTOR('',#1430,1.);
#1430 = DIRECTION('',(8.287504772795E-18,-1.));
#1431 = ( GEOMETRIC_REPRESENTATION_CONTEXT(2) 
PARAMETRIC_REPRESENTATION_CONTEXT() REPRESENTATION_CONTEXT('2D SPACE',''
  ) );
#1432 = ORIENTED_EDGE('',*,*,#1433,.T.);
#1433 = EDGE_CURVE('',#1404,#1341,#1434,.T.);
#1434 = SURFACE_CURVE('',#1435,(#1440,#1451),.PCURVE_S1.);
#1435 = CIRCLE('',#1436,0.744186046512);
#1436 = AXIS2_PLACEMENT_3D('',#1437,#1438,#1439);
#1437 = CARTESIAN_POINT('',(3.685642997501,6.070318126759,2.127906976744
    ));
#1438 = DIRECTION('',(0.5,4.272023717956E-18,-0.866025403784));
#1439 = DIRECTION('',(0.866025403784,-1.165517335422E-15,0.5));
#1440 = PCURVE('',#1384,#1441);
#1441 = DEFINITIONAL_REPRESENTATION('',(#1442),#1450);
#1442 = ( BOUNDED_CURVE() B_SPLINE_CURVE(2,(#1443,#1444,#1445,#1446,
#1447,#1448,#1449),.UNSPECIFIED.,.T.,.F.) B_SPLINE_CURVE_WITH_KNOTS((1,2
    ,2,2,2,1),(-2.094395102393,0.,2.094395102393,4.188790204786,
6.28318530718,8.377580409573),.UNSPECIFIED.) CURVE() 
GEOMETRIC_REPRESENTATION_ITEM() RATIONAL_B_SPLINE_CURVE((1.,0.5,1.,0.5,
1.,0.5,1.)) REPRESENTATION_ITEM('') );
#1443 = CARTESIAN_POINT('',(5.,23.070318126759));
#1444 = CARTESIAN_POINT('',(5.,21.781350083917));
#1445 = CARTESIAN_POINT('',(3.883720930233,22.425834105338));
#1446 = CARTESIAN_POINT('',(2.767441860465,23.070318126759));
#1447 = CARTESIAN_POINT('',(3.883720930233,23.71480214818));
#1448 = CARTESIAN_POINT('',(5.,24.359286169601));
#1449 = CARTESIAN_POINT('',(5.,23.070318126759));
#1450 = ( GEOMETRIC_REPRESENTATION_CONTEXT(2) 
PARAMETRIC_REPRESENTATION_CONTEXT() REPRESENTATION_CONTEXT('2D SPACE',''
  ) );
#1451 = PCURVE('',#1357,#1452);
#1452 = DEFINITIONAL_REPRESENTATION('',(#1453),#1457);
#1453 = LINE('',#1454,#1455);
#1454 = CARTESIAN_POINT('',(0.523598775598,0.));
#1455 = VECTOR('',#1456,1.);
#1456 = DIRECTION('',(-1.251366860681E-16,1.));
#1457 = ( GEOMETRIC_REPRESENTATION_CONTEXT(2) 
PARAMETRIC_REPRESENTATION_CONTEXT() REPRESENTATION_CONTEXT('2D SPACE',''
  ) );
#1458 = ORIENTED_EDGE('',*,*,#1369,.F.);
#1459 = ORIENTED_EDGE('',*,*,#1460,.F.);
#1460 = EDGE_CURVE('',#1461,#1272,#1463,.T.);
#1461 = VERTEX_POINT('',#1462);
#1462 = CARTESIAN_POINT('',(4.330127018922,3.329681873241,2.5));
#1463 = SURFACE_CURVE('',#1464,(#1469,#1476),.PCURVE_S1.);
#1464 = CIRCLE('',#1465,0.744186046512);
#1465 = AXIS2_PLACEMENT_3D('',#1466,#1467,#1468);
#1466 = CARTESIAN_POINT('',(3.685642997501,3.329681873241,2.127906976744
    ));
#1467 = DIRECTION('',(-0.5,-4.272023717956E-18,0.866025403784));
#1468 = DIRECTION('',(0.866025403784,-4.437619854034E-34,0.5));
#1469 = PCURVE('',#1384,#1470);
#1470 = DEFINITIONAL_REPRESENTATION('',(#1471),#1475);
#1471 = CIRCLE('',#1472,0.744186046512);
#1472 = AXIS2_PLACEMENT_2D('',#1473,#1474);
#1473 = CARTESIAN_POINT('',(4.255813953488,20.329681873241));
#1474 = DIRECTION('',(1.,-5.403218854133E-34));
#1475 = ( GEOMETRIC_REPRESENTATION_CONTEXT(2) 
PARAMETRIC_REPRESENTATION_CONTEXT() REPRESENTATION_CONTEXT('2D SPACE',''
  ) );
#1476 = PCURVE('',#1295,#1477);
#1477 = DEFINITIONAL_REPRESENTATION('',(#1478),#1482);
#1478 = LINE('',#1479,#1480);
#1479 = CARTESIAN_POINT('',(0.523598775598,6.28318530718));
#1480 = VECTOR('',#1481,1.);
#1481 = DIRECTION('',(0.,-1.));
#1482 = ( GEOMETRIC_REPRESENTATION_CONTEXT(2) 
PARAMETRIC_REPRESENTATION_CONTEXT() REPRESENTATION_CONTEXT('2D SPACE',''
  ) );
#1483 = ORIENTED_EDGE('',*,*,#1484,.F.);
#1484 = EDGE_CURVE('',#1485,#1461,#1487,.T.);
#1485 = VERTEX_POINT('',#1486);
#1486 = CARTESIAN_POINT('',(4.330127018922,1.233333333333,2.5));
#1487 = SURFACE_CURVE('',#1488,(#1492,#1499),.PCURVE_S1.);
#1488 = LINE('',#1489,#1490);
#1489 = CARTESIAN_POINT('',(4.330127018922,-17.,2.5));
#1490 = VECTOR('',#1491,1.);
#1491 = DIRECTION('',(-8.544047435912E-18,1.,-0.));
#1492 = PCURVE('',#1384,#1493);
#1493 = DEFINITIONAL_REPRESENTATION('',(#1494),#1498);
#1494 = LINE('',#1495,#1496);
#1495 = CARTESIAN_POINT('',(5.,-2.115656442027E-34));
#1496 = VECTOR('',#1497,1.);
#1497 = DIRECTION('',(-7.399362130639E-18,1.));
#1498 = ( GEOMETRIC_REPRESENTATION_CONTEXT(2) 
PARAMETRIC_REPRESENTATION_CONTEXT() REPRESENTATION_CONTEXT('2D SPACE',''
  ) );
#1499 = PCURVE('',#1500,#1505);
#1500 = CYLINDRICAL_SURFACE('',#1501,5.);
#1501 = AXIS2_PLACEMENT_3D('',#1502,#1503,#1504);
#1502 = CARTESIAN_POINT('',(0.,0.,0.));
#1503 = DIRECTION('',(-9.368548013477E-17,-1.,-0.));
#1504 = DIRECTION('',(1.,-9.368548013477E-17,0.));
#1505 = DEFINITIONAL_REPRESENTATION('',(#1506),#1510);
#1506 = LINE('',#1507,#1508);
#1507 = CARTESIAN_POINT('',(0.523598775598,17.));
#1508 = VECTOR('',#1509,1.);
#1509 = DIRECTION('',(0.,-1.));
#1510 = ( GEOMETRIC_REPRESENTATION_CONTEXT(2) 
PARAMETRIC_REPRESENTATION_CONTEXT() REPRESENTATION_CONTEXT('2D SPACE',''
  ) );
#1511 = ORIENTED_EDGE('',*,*,#1512,.T.);
#1512 = EDGE_CURVE('',#1485,#1513,#1515,.T.);
#1513 = VERTEX_POINT('',#1514);
#1514 = CARTESIAN_POINT('',(3.86824680357,0.7,2.233333333333));
#1515 = SURFACE_CURVE('',#1516,(#1521,#1532),.PCURVE_S1.);
#1516 = CIRCLE('',#1517,0.533333333333);
#1517 = AXIS2_PLACEMENT_3D('',#1518,#1519,#1520);
#1518 = CARTESIAN_POINT('',(3.86824680357,1.233333333333,2.233333333333)
  );
#1519 = DIRECTION('',(0.5,4.272023717956E-18,-0.866025403784));
#1520 = DIRECTION('',(0.866025403784,-8.131516293641E-16,0.5));
#1521 = PCURVE('',#1384,#1522);
#1522 = DEFINITIONAL_REPRESENTATION('',(#1523),#1531);
#1523 = ( BOUNDED_CURVE() B_SPLINE_CURVE(2,(#1524,#1525,#1526,#1527,
#1528,#1529,#1530),.UNSPECIFIED.,.T.,.F.) B_SPLINE_CURVE_WITH_KNOTS((1,2
    ,2,2,2,1),(-2.094395102393,0.,2.094395102393,4.188790204786,
6.28318530718,8.377580409573),.UNSPECIFIED.) CURVE() 
GEOMETRIC_REPRESENTATION_ITEM() RATIONAL_B_SPLINE_CURVE((1.,0.5,1.,0.5,
1.,0.5,1.)) REPRESENTATION_ITEM('') );
#1524 = CARTESIAN_POINT('',(5.,18.233333333333));
#1525 = CARTESIAN_POINT('',(5.,17.30957290263));
#1526 = CARTESIAN_POINT('',(4.2,17.771453117982));
#1527 = CARTESIAN_POINT('',(3.4,18.233333333333));
#1528 = CARTESIAN_POINT('',(4.2,18.695213548685));
#1529 = CARTESIAN_POINT('',(5.,19.157093764037));
#1530 = CARTESIAN_POINT('',(5.,18.233333333333));
#1531 = ( GEOMETRIC_REPRESENTATION_CONTEXT(2) 
PARAMETRIC_REPRESENTATION_CONTEXT() REPRESENTATION_CONTEXT('2D SPACE',''
  ) );
#1532 = PCURVE('',#1533,#1538);
#1533 = TOROIDAL_SURFACE('',#1534,4.466666666667,0.533333333333);
#1534 = AXIS2_PLACEMENT_3D('',#1535,#1536,#1537);
#1535 = CARTESIAN_POINT('',(0.,1.233333333333,0.));
#1536 = DIRECTION('',(-9.368548013477E-17,-1.,-0.));
#1537 = DIRECTION('',(1.,-9.368548013477E-17,0.));
#1538 = DEFINITIONAL_REPRESENTATION('',(#1539),#1543);
#1539 = LINE('',#1540,#1541);
#1540 = CARTESIAN_POINT('',(0.523598775598,0.));
#1541 = VECTOR('',#1542,1.);
#1542 = DIRECTION('',(0.,1.));
#1543 = ( GEOMETRIC_REPRESENTATION_CONTEXT(2) 
PARAMETRIC_REPRESENTATION_CONTEXT() REPRESENTATION_CONTEXT('2D SPACE',''
  ) );
#1544 = ORIENTED_EDGE('',*,*,#1545,.T.);
#1545 = EDGE_CURVE('',#1513,#1546,#1548,.T.);
#1546 = VERTEX_POINT('',#1547);
#1547 = CARTESIAN_POINT('',(3.524521992146,0.7,2.03488372093));
#1548 = SURFACE_CURVE('',#1549,(#1553,#1560),.PCURVE_S1.);
#1549 = LINE('',#1550,#1551);
#1550 = CARTESIAN_POINT('',(5.117884414111E-16,0.7,-8.864435832505E-16)
  );
#1551 = VECTOR('',#1552,1.);
#1552 = DIRECTION('',(-0.866025403784,8.113400576246E-17,-0.5));
#1553 = PCURVE('',#1384,#1554);
#1554 = DEFINITIONAL_REPRESENTATION('',(#1555),#1559);
#1555 = LINE('',#1556,#1557);
#1556 = CARTESIAN_POINT('',(-1.903855876213E-15,17.7));
#1557 = VECTOR('',#1558,1.);
#1558 = DIRECTION('',(-1.,8.113400576246E-17));
#1559 = ( GEOMETRIC_REPRESENTATION_CONTEXT(2) 
PARAMETRIC_REPRESENTATION_CONTEXT() REPRESENTATION_CONTEXT('2D SPACE',''
  ) );
#1560 = PCURVE('',#1561,#1566);
#1561 = PLANE('',#1562);
#1562 = AXIS2_PLACEMENT_3D('',#1563,#1564,#1565);
#1563 = CARTESIAN_POINT('',(3.746200957332E-32,0.7,0.));
#1564 = DIRECTION('',(-9.368548013477E-17,-1.,0.));
#1565 = DIRECTION('',(1.,-9.368548013477E-17,0.));
#1566 = DEFINITIONAL_REPRESENTATION('',(#1567),#1571);
#1567 = LINE('',#1568,#1569);
#1568 = CARTESIAN_POINT('',(5.117884414111E-16,-8.864435832505E-16));
#1569 = VECTOR('',#1570,1.);
#1570 = DIRECTION('',(-0.866025403784,-0.5));
#1571 = ( GEOMETRIC_REPRESENTATION_CONTEXT(2) 
PARAMETRIC_REPRESENTATION_CONTEXT() REPRESENTATION_CONTEXT('2D SPACE',''
  ) );
#1572 = ORIENTED_EDGE('',*,*,#1573,.T.);
#1573 = EDGE_CURVE('',#1546,#1574,#1576,.T.);
#1574 = VERTEX_POINT('',#1575);
#1575 = CARTESIAN_POINT('',(3.524521992146,0.95,2.03488372093));
#1576 = SURFACE_CURVE('',#1577,(#1581,#1588),.PCURVE_S1.);
#1577 = LINE('',#1578,#1579);
#1578 = CARTESIAN_POINT('',(3.524521992146,-3.301965350798E-16,
    2.03488372093));
#1579 = VECTOR('',#1580,1.);
#1580 = DIRECTION('',(9.368548013477E-17,1.,0.));
#1581 = PCURVE('',#1384,#1582);
#1582 = DEFINITIONAL_REPRESENTATION('',(#1583),#1587);
#1583 = LINE('',#1584,#1585);
#1584 = CARTESIAN_POINT('',(4.06976744186,17.));
#1585 = VECTOR('',#1586,1.);
#1586 = DIRECTION('',(8.113400576246E-17,1.));
#1587 = ( GEOMETRIC_REPRESENTATION_CONTEXT(2) 
PARAMETRIC_REPRESENTATION_CONTEXT() REPRESENTATION_CONTEXT('2D SPACE',''
  ) );
#1588 = PCURVE('',#1589,#1594);
#1589 = CYLINDRICAL_SURFACE('',#1590,4.06976744186);
#1590 = AXIS2_PLACEMENT_3D('',#1591,#1592,#1593);
#1591 = CARTESIAN_POINT('',(0.,0.,0.));
#1592 = DIRECTION('',(-9.368548013477E-17,-1.,-0.));
#1593 = DIRECTION('',(1.,-9.368548013477E-17,0.));
#1594 = DEFINITIONAL_REPRESENTATION('',(#1595),#1599);
#1595 = LINE('',#1596,#1597);
#1596 = CARTESIAN_POINT('',(0.523598775598,0.));
#1597 = VECTOR('',#1598,1.);
#1598 = DIRECTION('',(0.,-1.));
#1599 = ( GEOMETRIC_REPRESENTATION_CONTEXT(2) 
PARAMETRIC_REPRESENTATION_CONTEXT() REPRESENTATION_CONTEXT('2D SPACE',''
  ) );
#1600 = ORIENTED_EDGE('',*,*,#1601,.F.);
#1601 = EDGE_CURVE('',#1602,#1574,#1604,.T.);
#1602 = VERTEX_POINT('',#1603);
#1603 = CARTESIAN_POINT('',(3.524521992146,1.2,2.03488372093));
#1604 = SURFACE_CURVE('',#1605,(#1609,#1616),.PCURVE_S1.);
#1605 = LINE('',#1606,#1607);
#1606 = CARTESIAN_POINT('',(3.524521992146,-3.301965350798E-16,
    2.03488372093));
#1607 = VECTOR('',#1608,1.);
#1608 = DIRECTION('',(-9.368548013477E-17,-1.,-0.));
#1609 = PCURVE('',#1384,#1610);
#1610 = DEFINITIONAL_REPRESENTATION('',(#1611),#1615);
#1611 = LINE('',#1612,#1613);
#1612 = CARTESIAN_POINT('',(4.06976744186,17.));
#1613 = VECTOR('',#1614,1.);
#1614 = DIRECTION('',(-8.113400576246E-17,-1.));
#1615 = ( GEOMETRIC_REPRESENTATION_CONTEXT(2) 
PARAMETRIC_REPRESENTATION_CONTEXT() REPRESENTATION_CONTEXT('2D SPACE',''
  ) );
#1616 = PCURVE('',#1617,#1622);
#1617 = CYLINDRICAL_SURFACE('',#1618,4.06976744186);
#1618 = AXIS2_PLACEMENT_3D('',#1619,#1620,#1621);
#1619 = CARTESIAN_POINT('',(0.,0.,0.));
#1620 = DIRECTION('',(-9.368548013477E-17,-1.,-0.));
#1621 = DIRECTION('',(1.,-9.368548013477E-17,0.));
#1622 = DEFINITIONAL_REPRESENTATION('',(#1623),#1626);
#1623 = B_SPLINE_CURVE_WITH_KNOTS('',1,(#1624,#1625),.UNSPECIFIED.,.F.,
  .F.,(2,2),(-1.2,-0.95),.PIECEWISE_BEZIER_KNOTS.);
#1624 = CARTESIAN_POINT('',(6.806784082778,-1.2));
#1625 = CARTESIAN_POINT('',(6.806784082778,-0.95));
#1626 = ( GEOMETRIC_REPRESENTATION_CONTEXT(2) 
PARAMETRIC_REPRESENTATION_CONTEXT() REPRESENTATION_CONTEXT('2D SPACE',''
  ) );
#1627 = ORIENTED_EDGE('',*,*,#1628,.T.);
#1628 = EDGE_CURVE('',#1602,#1629,#1631,.T.);
#1629 = VERTEX_POINT('',#1630);
#1630 = CARTESIAN_POINT('',(1.884812015529E-15,1.2,9.126159908654E-17));
#1631 = SURFACE_CURVE('',#1632,(#1636,#1643),.PCURVE_S1.);
#1632 = LINE('',#1633,#1634);
#1633 = CARTESIAN_POINT('',(5.586731487104E-16,1.2,-8.569082308269E-16)
  );
#1634 = VECTOR('',#1635,1.);
#1635 = DIRECTION('',(-0.866025403784,8.113400576246E-17,-0.5));
#1636 = PCURVE('',#1384,#1637);
#1637 = DEFINITIONAL_REPRESENTATION('',(#1638),#1642);
#1638 = LINE('',#1639,#1640);
#1639 = CARTESIAN_POINT('',(-1.848484852431E-15,18.2));
#1640 = VECTOR('',#1641,1.);
#1641 = DIRECTION('',(-1.,8.113400576246E-17));
#1642 = ( GEOMETRIC_REPRESENTATION_CONTEXT(2) 
PARAMETRIC_REPRESENTATION_CONTEXT() REPRESENTATION_CONTEXT('2D SPACE',''
  ) );
#1643 = PCURVE('',#1644,#1649);
#1644 = PLANE('',#1645);
#1645 = AXIS2_PLACEMENT_3D('',#1646,#1647,#1648);
#1646 = CARTESIAN_POINT('',(6.393695097172E-17,1.2,0.));
#1647 = DIRECTION('',(-9.368548013477E-17,-1.,0.));
#1648 = DIRECTION('',(1.,-9.368548013477E-17,0.));
#1649 = DEFINITIONAL_REPRESENTATION('',(#1650),#1654);
#1650 = LINE('',#1651,#1652);
#1651 = CARTESIAN_POINT('',(4.947361977387E-16,-8.569082308269E-16));
#1652 = VECTOR('',#1653,1.);
#1653 = DIRECTION('',(-0.866025403784,-0.5));
#1654 = ( GEOMETRIC_REPRESENTATION_CONTEXT(2) 
PARAMETRIC_REPRESENTATION_CONTEXT() REPRESENTATION_CONTEXT('2D SPACE',''
  ) );
#1655 = ORIENTED_EDGE('',*,*,#1656,.T.);
#1656 = EDGE_CURVE('',#1629,#1657,#1659,.T.);
#1657 = VERTEX_POINT('',#1658);
#1658 = CARTESIAN_POINT('',(1.884816864362E-15,19.7,0.));
#1659 = SURFACE_CURVE('',#1660,(#1664,#1671),.PCURVE_S1.);
#1660 = LINE('',#1661,#1662);
#1661 = CARTESIAN_POINT('',(2.19838340526E-15,-17.,0.));
#1662 = VECTOR('',#1663,1.);
#1663 = DIRECTION('',(-8.544047435912E-18,1.,-0.));
#1664 = PCURVE('',#1384,#1665);
#1665 = DEFINITIONAL_REPRESENTATION('',(#1666),#1670);
#1666 = LINE('',#1667,#1668);
#1667 = CARTESIAN_POINT('',(0.,0.));
#1668 = VECTOR('',#1669,1.);
#1669 = DIRECTION('',(-7.399362130639E-18,1.));
#1670 = ( GEOMETRIC_REPRESENTATION_CONTEXT(2) 
PARAMETRIC_REPRESENTATION_CONTEXT() REPRESENTATION_CONTEXT('2D SPACE',''
  ) );
#1671 = PCURVE('',#1324,#1672);
#1672 = DEFINITIONAL_REPRESENTATION('',(#1673),#1677);
#1673 = LINE('',#1674,#1675);
#1674 = CARTESIAN_POINT('',(0.,0.));
#1675 = VECTOR('',#1676,1.);
#1676 = DIRECTION('',(7.399362130639E-18,1.));
#1677 = ( GEOMETRIC_REPRESENTATION_CONTEXT(2) 
PARAMETRIC_REPRESENTATION_CONTEXT() REPRESENTATION_CONTEXT('2D SPACE',''
  ) );
#1678 = ORIENTED_EDGE('',*,*,#1679,.F.);
#1679 = EDGE_CURVE('',#1680,#1657,#1682,.T.);
#1680 = VERTEX_POINT('',#1681);
#1681 = CARTESIAN_POINT('',(3.351316911389,19.7,1.93488372093));
#1682 = SURFACE_CURVE('',#1683,(#1687,#1694),.PCURVE_S1.);
#1683 = LINE('',#1684,#1685);
#1684 = CARTESIAN_POINT('',(4.712042160905E-16,19.7,-8.161496430095E-16)
  );
#1685 = VECTOR('',#1686,1.);
#1686 = DIRECTION('',(-0.866025403784,8.113400576246E-17,-0.5));
#1687 = PCURVE('',#1384,#1688);
#1688 = DEFINITIONAL_REPRESENTATION('',(#1689),#1693);
#1689 = LINE('',#1690,#1691);
#1690 = CARTESIAN_POINT('',(-1.903855876213E-15,36.7));
#1691 = VECTOR('',#1692,1.);
#1692 = DIRECTION('',(-1.,8.113400576246E-17));
#1693 = ( GEOMETRIC_REPRESENTATION_CONTEXT(2) 
PARAMETRIC_REPRESENTATION_CONTEXT() REPRESENTATION_CONTEXT('2D SPACE',''
  ) );
#1694 = PCURVE('',#1695,#1700);
#1695 = PLANE('',#1696);
#1696 = AXIS2_PLACEMENT_3D('',#1697,#1698,#1699);
#1697 = CARTESIAN_POINT('',(1.698241480113E-32,19.7,0.));
#1698 = DIRECTION('',(-9.368548013477E-17,-1.,0.));
#1699 = DIRECTION('',(1.,-9.368548013477E-17,0.));
#1700 = DEFINITIONAL_REPRESENTATION('',(#1701),#1705);
#1701 = LINE('',#1702,#1703);
#1702 = CARTESIAN_POINT('',(4.712042160905E-16,-8.161496430095E-16));
#1703 = VECTOR('',#1704,1.);
#1704 = DIRECTION('',(-0.866025403784,-0.5));
#1705 = ( GEOMETRIC_REPRESENTATION_CONTEXT(2) 
PARAMETRIC_REPRESENTATION_CONTEXT() REPRESENTATION_CONTEXT('2D SPACE',''
  ) );
#1706 = ORIENTED_EDGE('',*,*,#1707,.T.);
#1707 = EDGE_CURVE('',#1680,#1708,#1710,.T.);
#1708 = VERTEX_POINT('',#1709);
#1709 = CARTESIAN_POINT('',(3.351316911389,20.,1.93488372093));
#1710 = SURFACE_CURVE('',#1711,(#1715,#1722),.PCURVE_S1.);
#1711 = LINE('',#1712,#1713);
#1712 = CARTESIAN_POINT('',(3.351316911389,-3.139697339273E-16,
    1.93488372093));
#1713 = VECTOR('',#1714,1.);
#1714 = DIRECTION('',(9.368548013477E-17,1.,0.));
#1715 = PCURVE('',#1384,#1716);
#1716 = DEFINITIONAL_REPRESENTATION('',(#1717),#1721);
#1717 = LINE('',#1718,#1719);
#1718 = CARTESIAN_POINT('',(3.86976744186,17.));
#1719 = VECTOR('',#1720,1.);
#1720 = DIRECTION('',(8.113400576246E-17,1.));
#1721 = ( GEOMETRIC_REPRESENTATION_CONTEXT(2) 
PARAMETRIC_REPRESENTATION_CONTEXT() REPRESENTATION_CONTEXT('2D SPACE',''
  ) );
#1722 = PCURVE('',#1723,#1728);
#1723 = CYLINDRICAL_SURFACE('',#1724,3.86976744186);
#1724 = AXIS2_PLACEMENT_3D('',#1725,#1726,#1727);
#1725 = CARTESIAN_POINT('',(0.,0.,0.));
#1726 = DIRECTION('',(-9.368548013477E-17,-1.,-0.));
#1727 = DIRECTION('',(1.,-9.368548013477E-17,0.));
#1728 = DEFINITIONAL_REPRESENTATION('',(#1729),#1733);
#1729 = LINE('',#1730,#1731);
#1730 = CARTESIAN_POINT('',(0.523598775598,0.));
#1731 = VECTOR('',#1732,1.);
#1732 = DIRECTION('',(0.,-1.));
#1733 = ( GEOMETRIC_REPRESENTATION_CONTEXT(2) 
PARAMETRIC_REPRESENTATION_CONTEXT() REPRESENTATION_CONTEXT('2D SPACE',''
  ) );
#1734 = ORIENTED_EDGE('',*,*,#1735,.T.);
#1735 = EDGE_CURVE('',#1708,#1736,#1738,.T.);
#1736 = VERTEX_POINT('',#1737);
#1737 = CARTESIAN_POINT('',(3.86824680357,20.,2.233333333333));
#1738 = SURFACE_CURVE('',#1739,(#1743,#1750),.PCURVE_S1.);
#1739 = LINE('',#1740,#1741);
#1740 = CARTESIAN_POINT('',(1.882253650131E-15,20.,0.));
#1741 = VECTOR('',#1742,1.);
#1742 = DIRECTION('',(0.866025403784,0.,0.5));
#1743 = PCURVE('',#1384,#1744);
#1744 = DEFINITIONAL_REPRESENTATION('',(#1745),#1749);
#1745 = LINE('',#1746,#1747);
#1746 = CARTESIAN_POINT('',(-2.737763988336E-16,37.));
#1747 = VECTOR('',#1748,1.);
#1748 = DIRECTION('',(1.,2.300500923416E-34));
#1749 = ( GEOMETRIC_REPRESENTATION_CONTEXT(2) 
PARAMETRIC_REPRESENTATION_CONTEXT() REPRESENTATION_CONTEXT('2D SPACE',''
  ) );
#1750 = PCURVE('',#1751,#1756);
#1751 = PLANE('',#1752);
#1752 = AXIS2_PLACEMENT_3D('',#1753,#1754,#1755);
#1753 = CARTESIAN_POINT('',(3.658431265451E-32,20.,0.));
#1754 = DIRECTION('',(-9.368548013477E-17,-1.,0.));
#1755 = DIRECTION('',(1.,-9.368548013477E-17,0.));
#1756 = DEFINITIONAL_REPRESENTATION('',(#1757),#1761);
#1757 = LINE('',#1758,#1759);
#1758 = CARTESIAN_POINT('',(1.882253650131E-15,0.));
#1759 = VECTOR('',#1760,1.);
#1760 = DIRECTION('',(0.866025403784,0.5));
#1761 = ( GEOMETRIC_REPRESENTATION_CONTEXT(2) 
PARAMETRIC_REPRESENTATION_CONTEXT() REPRESENTATION_CONTEXT('2D SPACE',''
  ) );
#1762 = ORIENTED_EDGE('',*,*,#1763,.F.);
#1763 = EDGE_CURVE('',#1406,#1736,#1764,.T.);
#1764 = SURFACE_CURVE('',#1765,(#1770,#1777),.PCURVE_S1.);
#1765 = CIRCLE('',#1766,0.533333333333);
#1766 = AXIS2_PLACEMENT_3D('',#1767,#1768,#1769);
#1767 = CARTESIAN_POINT('',(3.86824680357,19.466666666667,2.233333333333
    ));
#1768 = DIRECTION('',(-0.5,-4.272023717956E-18,0.866025403784));
#1769 = DIRECTION('',(0.866025403784,5.569805692457E-34,0.5));
#1770 = PCURVE('',#1384,#1771);
#1771 = DEFINITIONAL_REPRESENTATION('',(#1772),#1776);
#1772 = CIRCLE('',#1773,0.533333333333);
#1773 = AXIS2_PLACEMENT_2D('',#1774,#1775);
#1774 = CARTESIAN_POINT('',(4.466666666667,36.466666666667));
#1775 = DIRECTION('',(1.,2.300500923416E-34));
#1776 = ( GEOMETRIC_REPRESENTATION_CONTEXT(2) 
PARAMETRIC_REPRESENTATION_CONTEXT() REPRESENTATION_CONTEXT('2D SPACE',''
  ) );
#1777 = PCURVE('',#1778,#1783);
#1778 = TOROIDAL_SURFACE('',#1779,4.466666666667,0.533333333333);
#1779 = AXIS2_PLACEMENT_3D('',#1780,#1781,#1782);
#1780 = CARTESIAN_POINT('',(1.734723475977E-15,19.466666666667,0.));
#1781 = DIRECTION('',(-9.368548013477E-17,-1.,-0.));
#1782 = DIRECTION('',(1.,-9.368548013477E-17,0.));
#1783 = DEFINITIONAL_REPRESENTATION('',(#1784),#1788);
#1784 = LINE('',#1785,#1786);
#1785 = CARTESIAN_POINT('',(0.523598775598,6.28318530718));
#1786 = VECTOR('',#1787,1.);
#1787 = DIRECTION('',(7.067899292141E-17,-1.));
#1788 = ( GEOMETRIC_REPRESENTATION_CONTEXT(2) 
PARAMETRIC_REPRESENTATION_CONTEXT() REPRESENTATION_CONTEXT('2D SPACE',''
  ) );
#1789 = ADVANCED_FACE('',(#1790),#1778,.T.);
#1790 = FACE_BOUND('',#1791,.T.);
#1791 = EDGE_LOOP('',(#1792,#1816,#1817,#1841));
#1792 = ORIENTED_EDGE('',*,*,#1793,.F.);
#1793 = EDGE_CURVE('',#1406,#1794,#1796,.T.);
#1794 = VERTEX_POINT('',#1795);
#1795 = CARTESIAN_POINT('',(4.330127018922,19.466666666667,-2.5));
#1796 = SURFACE_CURVE('',#1797,(#1802,#1809),.PCURVE_S1.);
#1797 = CIRCLE('',#1798,5.);
#1798 = AXIS2_PLACEMENT_3D('',#1799,#1800,#1801);
#1799 = CARTESIAN_POINT('',(1.82374401329E-15,19.466666666667,0.));
#1800 = DIRECTION('',(-9.368548013477E-17,-1.,0.));
#1801 = DIRECTION('',(1.,-9.368548013477E-17,0.));
#1802 = PCURVE('',#1778,#1803);
#1803 = DEFINITIONAL_REPRESENTATION('',(#1804),#1808);
#1804 = LINE('',#1805,#1806);
#1805 = CARTESIAN_POINT('',(-1.110223024625E-16,6.28318530718));
#1806 = VECTOR('',#1807,1.);
#1807 = DIRECTION('',(1.,0.));
#1808 = ( GEOMETRIC_REPRESENTATION_CONTEXT(2) 
PARAMETRIC_REPRESENTATION_CONTEXT() REPRESENTATION_CONTEXT('2D SPACE',''
  ) );
#1809 = PCURVE('',#1421,#1810);
#1810 = DEFINITIONAL_REPRESENTATION('',(#1811),#1815);
#1811 = LINE('',#1812,#1813);
#1812 = CARTESIAN_POINT('',(-1.110223024625E-16,-19.46666666666));
#1813 = VECTOR('',#1814,1.);
#1814 = DIRECTION('',(1.,0.));
#1815 = ( GEOMETRIC_REPRESENTATION_CONTEXT(2) 
PARAMETRIC_REPRESENTATION_CONTEXT() REPRESENTATION_CONTEXT('2D SPACE',''
  ) );
#1816 = ORIENTED_EDGE('',*,*,#1763,.T.);
#1817 = ORIENTED_EDGE('',*,*,#1818,.T.);
#1818 = EDGE_CURVE('',#1736,#1819,#1821,.T.);
#1819 = VERTEX_POINT('',#1820);
#1820 = CARTESIAN_POINT('',(3.86824680357,20.,-2.233333333333));
#1821 = SURFACE_CURVE('',#1822,(#1827,#1834),.PCURVE_S1.);
#1822 = CIRCLE('',#1823,4.466666666667);
#1823 = AXIS2_PLACEMENT_3D('',#1824,#1825,#1826);
#1824 = CARTESIAN_POINT('',(1.873709602695E-15,20.,0.));
#1825 = DIRECTION('',(-9.368548013477E-17,-1.,0.));
#1826 = DIRECTION('',(1.,-9.368548013477E-17,0.));
#1827 = PCURVE('',#1778,#1828);
#1828 = DEFINITIONAL_REPRESENTATION('',(#1829),#1833);
#1829 = LINE('',#1830,#1831);
#1830 = CARTESIAN_POINT('',(0.,4.712388980385));
#1831 = VECTOR('',#1832,1.);
#1832 = DIRECTION('',(1.,0.));
#1833 = ( GEOMETRIC_REPRESENTATION_CONTEXT(2) 
PARAMETRIC_REPRESENTATION_CONTEXT() REPRESENTATION_CONTEXT('2D SPACE',''
  ) );
#1834 = PCURVE('',#1751,#1835);
#1835 = DEFINITIONAL_REPRESENTATION('',(#1836),#1840);
#1836 = CIRCLE('',#1837,4.466666666667);
#1837 = AXIS2_PLACEMENT_2D('',#1838,#1839);
#1838 = CARTESIAN_POINT('',(1.873709602695E-15,0.));
#1839 = DIRECTION('',(1.,0.));
#1840 = ( GEOMETRIC_REPRESENTATION_CONTEXT(2) 
PARAMETRIC_REPRESENTATION_CONTEXT() REPRESENTATION_CONTEXT('2D SPACE',''
  ) );
#1841 = ORIENTED_EDGE('',*,*,#1842,.T.);
#1842 = EDGE_CURVE('',#1819,#1794,#1843,.T.);
#1843 = SURFACE_CURVE('',#1844,(#1849,#1856),.PCURVE_S1.);
#1844 = CIRCLE('',#1845,0.533333333333);
#1845 = AXIS2_PLACEMENT_3D('',#1846,#1847,#1848);
#1846 = CARTESIAN_POINT('',(3.86824680357,19.466666666667,
    -2.233333333333));
#1847 = DIRECTION('',(-0.5,-4.272023717956E-18,-0.866025403784));
#1848 = DIRECTION('',(-0.866025403784,-5.569805692457E-34,0.5));
#1849 = PCURVE('',#1778,#1850);
#1850 = DEFINITIONAL_REPRESENTATION('',(#1851),#1855);
#1851 = LINE('',#1852,#1853);
#1852 = CARTESIAN_POINT('',(5.759586531581,3.14159265359));
#1853 = VECTOR('',#1854,1.);
#1854 = DIRECTION('',(0.,1.));
#1855 = ( GEOMETRIC_REPRESENTATION_CONTEXT(2) 
PARAMETRIC_REPRESENTATION_CONTEXT() REPRESENTATION_CONTEXT('2D SPACE',''
  ) );
#1856 = PCURVE('',#1324,#1857);
#1857 = DEFINITIONAL_REPRESENTATION('',(#1858),#1862);
#1858 = CIRCLE('',#1859,0.533333333333);
#1859 = AXIS2_PLACEMENT_2D('',#1860,#1861);
#1860 = CARTESIAN_POINT('',(-4.466666666667,36.466666666667));
#1861 = DIRECTION('',(1.,-2.300500923416E-34));
#1862 = ( GEOMETRIC_REPRESENTATION_CONTEXT(2) 
PARAMETRIC_REPRESENTATION_CONTEXT() REPRESENTATION_CONTEXT('2D SPACE',''
  ) );
#1863 = ADVANCED_FACE('',(#1864),#1751,.F.);
#1864 = FACE_BOUND('',#1865,.T.);
#1865 = EDGE_LOOP('',(#1866,#1867,#1868,#1892));
#1866 = ORIENTED_EDGE('',*,*,#1818,.F.);
#1867 = ORIENTED_EDGE('',*,*,#1735,.F.);
#1868 = ORIENTED_EDGE('',*,*,#1869,.T.);
#1869 = EDGE_CURVE('',#1708,#1870,#1872,.T.);
#1870 = VERTEX_POINT('',#1871);
#1871 = CARTESIAN_POINT('',(3.351316911389,20.,-1.93488372093));
#1872 = SURFACE_CURVE('',#1873,(#1878,#1885),.PCURVE_S1.);
#1873 = CIRCLE('',#1874,3.86976744186);
#1874 = AXIS2_PLACEMENT_3D('',#1875,#1876,#1877);
#1875 = CARTESIAN_POINT('',(1.873709602695E-15,20.,0.));
#1876 = DIRECTION('',(-9.368548013477E-17,-1.,0.));
#1877 = DIRECTION('',(1.,-9.368548013477E-17,0.));
#1878 = PCURVE('',#1751,#1879);
#1879 = DEFINITIONAL_REPRESENTATION('',(#1880),#1884);
#1880 = CIRCLE('',#1881,3.86976744186);
#1881 = AXIS2_PLACEMENT_2D('',#1882,#1883);
#1882 = CARTESIAN_POINT('',(1.873709602695E-15,0.));
#1883 = DIRECTION('',(1.,0.));
#1884 = ( GEOMETRIC_REPRESENTATION_CONTEXT(2) 
PARAMETRIC_REPRESENTATION_CONTEXT() REPRESENTATION_CONTEXT('2D SPACE',''
  ) );
#1885 = PCURVE('',#1723,#1886);
#1886 = DEFINITIONAL_REPRESENTATION('',(#1887),#1891);
#1887 = LINE('',#1888,#1889);
#1888 = CARTESIAN_POINT('',(-1.110223024625E-16,-20.));
#1889 = VECTOR('',#1890,1.);
#1890 = DIRECTION('',(1.,0.));
#1891 = ( GEOMETRIC_REPRESENTATION_CONTEXT(2) 
PARAMETRIC_REPRESENTATION_CONTEXT() REPRESENTATION_CONTEXT('2D SPACE',''
  ) );
#1892 = ORIENTED_EDGE('',*,*,#1893,.F.);
#1893 = EDGE_CURVE('',#1819,#1870,#1894,.T.);
#1894 = SURFACE_CURVE('',#1895,(#1899,#1906),.PCURVE_S1.);
#1895 = LINE('',#1896,#1897);
#1896 = CARTESIAN_POINT('',(1.882253650131E-15,20.,0.));
#1897 = VECTOR('',#1898,1.);
#1898 = DIRECTION('',(-0.866025403784,-0.,0.5));
#1899 = PCURVE('',#1751,#1900);
#1900 = DEFINITIONAL_REPRESENTATION('',(#1901),#1905);
#1901 = LINE('',#1902,#1903);
#1902 = CARTESIAN_POINT('',(1.882253650131E-15,0.));
#1903 = VECTOR('',#1904,1.);
#1904 = DIRECTION('',(-0.866025403784,0.5));
#1905 = ( GEOMETRIC_REPRESENTATION_CONTEXT(2) 
PARAMETRIC_REPRESENTATION_CONTEXT() REPRESENTATION_CONTEXT('2D SPACE',''
  ) );
#1906 = PCURVE('',#1324,#1907);
#1907 = DEFINITIONAL_REPRESENTATION('',(#1908),#1912);
#1908 = LINE('',#1909,#1910);
#1909 = CARTESIAN_POINT('',(2.737763988336E-16,37.));
#1910 = VECTOR('',#1911,1.);
#1911 = DIRECTION('',(1.,-2.300500923416E-34));
#1912 = ( GEOMETRIC_REPRESENTATION_CONTEXT(2) 
PARAMETRIC_REPRESENTATION_CONTEXT() REPRESENTATION_CONTEXT('2D SPACE',''
  ) );
#1913 = ADVANCED_FACE('',(#1914),#1723,.F.);
#1914 = FACE_BOUND('',#1915,.F.);
#1915 = EDGE_LOOP('',(#1916,#1917,#1940,#1962));
#1916 = ORIENTED_EDGE('',*,*,#1869,.T.);
#1917 = ORIENTED_EDGE('',*,*,#1918,.T.);
#1918 = EDGE_CURVE('',#1870,#1919,#1921,.T.);
#1919 = VERTEX_POINT('',#1920);
#1920 = CARTESIAN_POINT('',(3.351316911389,19.7,-1.93488372093));
#1921 = SURFACE_CURVE('',#1922,(#1926,#1933),.PCURVE_S1.);
#1922 = LINE('',#1923,#1924);
#1923 = CARTESIAN_POINT('',(3.351316911389,-3.139697339273E-16,
    -1.93488372093));
#1924 = VECTOR('',#1925,1.);
#1925 = DIRECTION('',(-9.368548013477E-17,-1.,-0.));
#1926 = PCURVE('',#1723,#1927);
#1927 = DEFINITIONAL_REPRESENTATION('',(#1928),#1932);
#1928 = LINE('',#1929,#1930);
#1929 = CARTESIAN_POINT('',(5.759586531581,0.));
#1930 = VECTOR('',#1931,1.);
#1931 = DIRECTION('',(0.,1.));
#1932 = ( GEOMETRIC_REPRESENTATION_CONTEXT(2) 
PARAMETRIC_REPRESENTATION_CONTEXT() REPRESENTATION_CONTEXT('2D SPACE',''
  ) );
#1933 = PCURVE('',#1324,#1934);
#1934 = DEFINITIONAL_REPRESENTATION('',(#1935),#1939);
#1935 = LINE('',#1936,#1937);
#1936 = CARTESIAN_POINT('',(-3.86976744186,17.));
#1937 = VECTOR('',#1938,1.);
#1938 = DIRECTION('',(8.113400576246E-17,-1.));
#1939 = ( GEOMETRIC_REPRESENTATION_CONTEXT(2) 
PARAMETRIC_REPRESENTATION_CONTEXT() REPRESENTATION_CONTEXT('2D SPACE',''
  ) );
#1940 = ORIENTED_EDGE('',*,*,#1941,.F.);
#1941 = EDGE_CURVE('',#1680,#1919,#1942,.T.);
#1942 = SURFACE_CURVE('',#1943,(#1948,#1955),.PCURVE_S1.);
#1943 = CIRCLE('',#1944,3.86976744186);
#1944 = AXIS2_PLACEMENT_3D('',#1945,#1946,#1947);
#1945 = CARTESIAN_POINT('',(1.845603958655E-15,19.7,0.));
#1946 = DIRECTION('',(-9.368548013477E-17,-1.,0.));
#1947 = DIRECTION('',(1.,-9.368548013477E-17,0.));
#1948 = PCURVE('',#1723,#1949);
#1949 = DEFINITIONAL_REPRESENTATION('',(#1950),#1954);
#1950 = LINE('',#1951,#1952);
#1951 = CARTESIAN_POINT('',(-1.110223024625E-16,-19.7));
#1952 = VECTOR('',#1953,1.);
#1953 = DIRECTION('',(1.,0.));
#1954 = ( GEOMETRIC_REPRESENTATION_CONTEXT(2) 
PARAMETRIC_REPRESENTATION_CONTEXT() REPRESENTATION_CONTEXT('2D SPACE',''
  ) );
#1955 = PCURVE('',#1695,#1956);
#1956 = DEFINITIONAL_REPRESENTATION('',(#1957),#1961);
#1957 = CIRCLE('',#1958,3.86976744186);
#1958 = AXIS2_PLACEMENT_2D('',#1959,#1960);
#1959 = CARTESIAN_POINT('',(1.845603958655E-15,0.));
#1960 = DIRECTION('',(1.,0.));
#1961 = ( GEOMETRIC_REPRESENTATION_CONTEXT(2) 
PARAMETRIC_REPRESENTATION_CONTEXT() REPRESENTATION_CONTEXT('2D SPACE',''
  ) );
#1962 = ORIENTED_EDGE('',*,*,#1707,.T.);
#1963 = ADVANCED_FACE('',(#1964),#1695,.F.);
#1964 = FACE_BOUND('',#1965,.T.);
#1965 = EDGE_LOOP('',(#1966,#1967,#1968));
#1966 = ORIENTED_EDGE('',*,*,#1941,.F.);
#1967 = ORIENTED_EDGE('',*,*,#1679,.T.);
#1968 = ORIENTED_EDGE('',*,*,#1969,.T.);
#1969 = EDGE_CURVE('',#1657,#1919,#1970,.T.);
#1970 = SURFACE_CURVE('',#1971,(#1975,#1982),.PCURVE_S1.);
#1971 = LINE('',#1972,#1973);
#1972 = CARTESIAN_POINT('',(4.712042160905E-16,19.7,8.161496430095E-16)
  );
#1973 = VECTOR('',#1974,1.);
#1974 = DIRECTION('',(0.866025403784,-8.113400576246E-17,-0.5));
#1975 = PCURVE('',#1695,#1976);
#1976 = DEFINITIONAL_REPRESENTATION('',(#1977),#1981);
#1977 = LINE('',#1978,#1979);
#1978 = CARTESIAN_POINT('',(4.712042160905E-16,8.161496430095E-16));
#1979 = VECTOR('',#1980,1.);
#1980 = DIRECTION('',(0.866025403784,-0.5));
#1981 = ( GEOMETRIC_REPRESENTATION_CONTEXT(2) 
PARAMETRIC_REPRESENTATION_CONTEXT() REPRESENTATION_CONTEXT('2D SPACE',''
  ) );
#1982 = PCURVE('',#1324,#1983);
#1983 = DEFINITIONAL_REPRESENTATION('',(#1984),#1988);
#1984 = LINE('',#1985,#1986);
#1985 = CARTESIAN_POINT('',(1.903855876213E-15,36.7));
#1986 = VECTOR('',#1987,1.);
#1987 = DIRECTION('',(-1.,-8.113400576246E-17));
#1988 = ( GEOMETRIC_REPRESENTATION_CONTEXT(2) 
PARAMETRIC_REPRESENTATION_CONTEXT() REPRESENTATION_CONTEXT('2D SPACE',''
  ) );
#1989 = ADVANCED_FACE('',(#1990),#1644,.F.);
#1990 = FACE_BOUND('',#1991,.T.);
#1991 = EDGE_LOOP('',(#1992,#2016,#2037));
#1992 = ORIENTED_EDGE('',*,*,#1993,.F.);
#1993 = EDGE_CURVE('',#1994,#1602,#1996,.T.);
#1994 = VERTEX_POINT('',#1995);
#1995 = CARTESIAN_POINT('',(3.524521992146,1.2,-2.03488372093));
#1996 = SURFACE_CURVE('',#1997,(#2002,#2009),.PCURVE_S1.);
#1997 = CIRCLE('',#1998,4.06976744186);
#1998 = AXIS2_PLACEMENT_3D('',#1999,#2000,#2001);
#1999 = CARTESIAN_POINT('',(1.124225761617E-16,1.2,0.));
#2000 = DIRECTION('',(-1.091190629917E-16,-1.,2.923836480747E-17));
#2001 = DIRECTION('',(0.866025403784,-1.091190629917E-16,-0.5));
#2002 = PCURVE('',#1644,#2003);
#2003 = DEFINITIONAL_REPRESENTATION('',(#2004),#2008);
#2004 = CIRCLE('',#2005,4.06976744186);
#2005 = AXIS2_PLACEMENT_2D('',#2006,#2007);
#2006 = CARTESIAN_POINT('',(4.848562519001E-17,0.));
#2007 = DIRECTION('',(0.866025403784,-0.5));
#2008 = ( GEOMETRIC_REPRESENTATION_CONTEXT(2) 
PARAMETRIC_REPRESENTATION_CONTEXT() REPRESENTATION_CONTEXT('2D SPACE',''
  ) );
#2009 = PCURVE('',#1617,#2010);
#2010 = DEFINITIONAL_REPRESENTATION('',(#2011),#2015);
#2011 = LINE('',#2012,#2013);
#2012 = CARTESIAN_POINT('',(5.759586531581,-1.2));
#2013 = VECTOR('',#2014,1.);
#2014 = DIRECTION('',(1.,0.));
#2015 = ( GEOMETRIC_REPRESENTATION_CONTEXT(2) 
PARAMETRIC_REPRESENTATION_CONTEXT() REPRESENTATION_CONTEXT('2D SPACE',''
  ) );
#2016 = ORIENTED_EDGE('',*,*,#2017,.F.);
#2017 = EDGE_CURVE('',#1629,#1994,#2018,.T.);
#2018 = SURFACE_CURVE('',#2019,(#2023,#2030),.PCURVE_S1.);
#2019 = LINE('',#2020,#2021);
#2020 = CARTESIAN_POINT('',(5.586731487104E-16,1.2,8.569082308269E-16));
#2021 = VECTOR('',#2022,1.);
#2022 = DIRECTION('',(0.866025403784,-8.113400576246E-17,-0.5));
#2023 = PCURVE('',#1644,#2024);
#2024 = DEFINITIONAL_REPRESENTATION('',(#2025),#2029);
#2025 = LINE('',#2026,#2027);
#2026 = CARTESIAN_POINT('',(4.947361977387E-16,8.569082308269E-16));
#2027 = VECTOR('',#2028,1.);
#2028 = DIRECTION('',(0.866025403784,-0.5));
#2029 = ( GEOMETRIC_REPRESENTATION_CONTEXT(2) 
PARAMETRIC_REPRESENTATION_CONTEXT() REPRESENTATION_CONTEXT('2D SPACE',''
  ) );
#2030 = PCURVE('',#1324,#2031);
#2031 = DEFINITIONAL_REPRESENTATION('',(#2032),#2036);
#2032 = LINE('',#2033,#2034);
#2033 = CARTESIAN_POINT('',(1.848484852431E-15,18.2));
#2034 = VECTOR('',#2035,1.);
#2035 = DIRECTION('',(-1.,-8.113400576246E-17));
#2036 = ( GEOMETRIC_REPRESENTATION_CONTEXT(2) 
PARAMETRIC_REPRESENTATION_CONTEXT() REPRESENTATION_CONTEXT('2D SPACE',''
  ) );
#2037 = ORIENTED_EDGE('',*,*,#1628,.F.);
#2038 = ADVANCED_FACE('',(#2039),#1617,.T.);
#2039 = FACE_BOUND('',#2040,.T.);
#2040 = EDGE_LOOP('',(#2041,#2042,#2043,#2072));
#2041 = ORIENTED_EDGE('',*,*,#1993,.T.);
#2042 = ORIENTED_EDGE('',*,*,#1601,.T.);
#2043 = ORIENTED_EDGE('',*,*,#2044,.T.);
#2044 = EDGE_CURVE('',#1574,#2045,#2047,.T.);
#2045 = VERTEX_POINT('',#2046);
#2046 = CARTESIAN_POINT('',(3.524521992146,0.95,-2.03488372093));
#2047 = SURFACE_CURVE('',#2048,(#2053,#2060),.PCURVE_S1.);
#2048 = CIRCLE('',#2049,4.06976744186);
#2049 = AXIS2_PLACEMENT_3D('',#2050,#2051,#2052);
#2050 = CARTESIAN_POINT('',(8.900120612803E-17,0.95,0.));
#2051 = DIRECTION('',(8.18392972438E-17,1.,2.192877360561E-17));
#2052 = DIRECTION('',(0.866025403784,-8.18392972438E-17,0.5));
#2053 = PCURVE('',#1617,#2054);
#2054 = DEFINITIONAL_REPRESENTATION('',(#2055),#2059);
#2055 = LINE('',#2056,#2057);
#2056 = CARTESIAN_POINT('',(6.806784082778,-0.95));
#2057 = VECTOR('',#2058,1.);
#2058 = DIRECTION('',(-1.,-0.));
#2059 = ( GEOMETRIC_REPRESENTATION_CONTEXT(2) 
PARAMETRIC_REPRESENTATION_CONTEXT() REPRESENTATION_CONTEXT('2D SPACE',''
  ) );
#2060 = PCURVE('',#2061,#2066);
#2061 = PLANE('',#2062);
#2062 = AXIS2_PLACEMENT_3D('',#2063,#2064,#2065);
#2063 = CARTESIAN_POINT('',(1.518502585578E-16,0.95,0.));
#2064 = DIRECTION('',(9.368548013477E-17,1.,0.));
#2065 = DIRECTION('',(-1.,9.368548013477E-17,0.));
#2066 = DEFINITIONAL_REPRESENTATION('',(#2067),#2071);
#2067 = CIRCLE('',#2068,4.06976744186);
#2068 = AXIS2_PLACEMENT_2D('',#2069,#2070);
#2069 = CARTESIAN_POINT('',(6.284905242979E-17,0.));
#2070 = DIRECTION('',(-0.866025403784,0.5));
#2071 = ( GEOMETRIC_REPRESENTATION_CONTEXT(2) 
PARAMETRIC_REPRESENTATION_CONTEXT() REPRESENTATION_CONTEXT('2D SPACE',''
  ) );
#2072 = ORIENTED_EDGE('',*,*,#2073,.F.);
#2073 = EDGE_CURVE('',#1994,#2045,#2074,.T.);
#2074 = SURFACE_CURVE('',#2075,(#2079,#2085),.PCURVE_S1.);
#2075 = LINE('',#2076,#2077);
#2076 = CARTESIAN_POINT('',(3.524521992146,-3.301965350798E-16,
    -2.03488372093));
#2077 = VECTOR('',#2078,1.);
#2078 = DIRECTION('',(-9.368548013477E-17,-1.,-0.));
#2079 = PCURVE('',#1617,#2080);
#2080 = DEFINITIONAL_REPRESENTATION('',(#2081),#2084);
#2081 = B_SPLINE_CURVE_WITH_KNOTS('',1,(#2082,#2083),.UNSPECIFIED.,.F.,
  .F.,(2,2),(-1.2,-0.95),.PIECEWISE_BEZIER_KNOTS.);
#2082 = CARTESIAN_POINT('',(5.759586531581,-1.2));
#2083 = CARTESIAN_POINT('',(5.759586531581,-0.95));
#2084 = ( GEOMETRIC_REPRESENTATION_CONTEXT(2) 
PARAMETRIC_REPRESENTATION_CONTEXT() REPRESENTATION_CONTEXT('2D SPACE',''
  ) );
#2085 = PCURVE('',#1324,#2086);
#2086 = DEFINITIONAL_REPRESENTATION('',(#2087),#2091);
#2087 = LINE('',#2088,#2089);
#2088 = CARTESIAN_POINT('',(-4.06976744186,17.));
#2089 = VECTOR('',#2090,1.);
#2090 = DIRECTION('',(8.113400576246E-17,-1.));
#2091 = ( GEOMETRIC_REPRESENTATION_CONTEXT(2) 
PARAMETRIC_REPRESENTATION_CONTEXT() REPRESENTATION_CONTEXT('2D SPACE',''
  ) );
#2092 = ADVANCED_FACE('',(#2093,#2223),#2061,.F.);
#2093 = FACE_BOUND('',#2094,.T.);
#2094 = EDGE_LOOP('',(#2095,#2126,#2159,#2192));
#2095 = ORIENTED_EDGE('',*,*,#2096,.F.);
#2096 = EDGE_CURVE('',#2097,#2099,#2101,.T.);
#2097 = VERTEX_POINT('',#2098);
#2098 = CARTESIAN_POINT('',(-2.428,0.95,0.595664335008));
#2099 = VERTEX_POINT('',#2100);
#2100 = CARTESIAN_POINT('',(-2.428,0.95,-0.595664335008));
#2101 = SURFACE_CURVE('',#2102,(#2107,#2114),.PCURVE_S1.);
#2102 = CIRCLE('',#2103,0.6);
#2103 = AXIS2_PLACEMENT_3D('',#2104,#2105,#2106);
#2104 = CARTESIAN_POINT('',(-2.5,0.95,-9.184850993605E-17));
#2105 = DIRECTION('',(9.368548013477E-17,1.,0.));
#2106 = DIRECTION('',(-1.,9.368548013477E-17,0.));
#2107 = PCURVE('',#2061,#2108);
#2108 = DEFINITIONAL_REPRESENTATION('',(#2109),#2113);
#2109 = CIRCLE('',#2110,0.6);
#2110 = AXIS2_PLACEMENT_2D('',#2111,#2112);
#2111 = CARTESIAN_POINT('',(2.5,-9.184850993605E-17));
#2112 = DIRECTION('',(1.,0.));
#2113 = ( GEOMETRIC_REPRESENTATION_CONTEXT(2) 
PARAMETRIC_REPRESENTATION_CONTEXT() REPRESENTATION_CONTEXT('2D SPACE',''
  ) );
#2114 = PCURVE('',#2115,#2120);
#2115 = CYLINDRICAL_SURFACE('',#2116,0.6);
#2116 = AXIS2_PLACEMENT_3D('',#2117,#2118,#2119);
#2117 = CARTESIAN_POINT('',(-2.5,-5.445246459069,-9.184850993605E-17));
#2118 = DIRECTION('',(-0.,1.,-0.));
#2119 = DIRECTION('',(0.,0.,1.));
#2120 = DEFINITIONAL_REPRESENTATION('',(#2121),#2125);
#2121 = LINE('',#2122,#2123);
#2122 = CARTESIAN_POINT('',(-1.570796326795,6.395246459069));
#2123 = VECTOR('',#2124,1.);
#2124 = DIRECTION('',(1.,0.));
#2125 = ( GEOMETRIC_REPRESENTATION_CONTEXT(2) 
PARAMETRIC_REPRESENTATION_CONTEXT() REPRESENTATION_CONTEXT('2D SPACE',''
  ) );
#2126 = ORIENTED_EDGE('',*,*,#2127,.F.);
#2127 = EDGE_CURVE('',#2128,#2097,#2130,.T.);
#2128 = VERTEX_POINT('',#2129);
#2129 = CARTESIAN_POINT('',(2.428,0.95,0.595664335008));
#2130 = SURFACE_CURVE('',#2131,(#2136,#2147),.PCURVE_S1.);
#2131 = CIRCLE('',#2132,2.5);
#2132 = AXIS2_PLACEMENT_3D('',#2133,#2134,#2135);
#2133 = CARTESIAN_POINT('',(0.,0.95,0.));
#2134 = DIRECTION('',(0.,-1.,0.));
#2135 = DIRECTION('',(0.9712,0.,0.238265734003));
#2136 = PCURVE('',#2061,#2137);
#2137 = DEFINITIONAL_REPRESENTATION('',(#2138),#2146);
#2138 = ( BOUNDED_CURVE() B_SPLINE_CURVE(2,(#2139,#2140,#2141,#2142,
#2143,#2144,#2145),.UNSPECIFIED.,.T.,.F.) B_SPLINE_CURVE_WITH_KNOTS((1,2
    ,2,2,2,1),(-2.094395102393,0.,2.094395102393,4.188790204786,
6.28318530718,8.377580409573),.UNSPECIFIED.) CURVE() 
GEOMETRIC_REPRESENTATION_ITEM() RATIONAL_B_SPLINE_CURVE((1.,0.5,1.,0.5,
1.,0.5,1.)) REPRESENTATION_ITEM('') );
#2139 = CARTESIAN_POINT('',(-2.428,0.595664335008));
#2140 = CARTESIAN_POINT('',(-1.39627910751,4.801083695785));
#2141 = CARTESIAN_POINT('',(1.729860446245,1.804877512885));
#2142 = CARTESIAN_POINT('',(4.856,-1.191328670015));
#2143 = CARTESIAN_POINT('',(0.698139553755,-2.400541847892));
#2144 = CARTESIAN_POINT('',(-3.45972089249,-3.60975502577));
#2145 = CARTESIAN_POINT('',(-2.428,0.595664335008));
#2146 = ( GEOMETRIC_REPRESENTATION_CONTEXT(2) 
PARAMETRIC_REPRESENTATION_CONTEXT() REPRESENTATION_CONTEXT('2D SPACE',''
  ) );
#2147 = PCURVE('',#2148,#2153);
#2148 = CYLINDRICAL_SURFACE('',#2149,2.5);
#2149 = AXIS2_PLACEMENT_3D('',#2150,#2151,#2152);
#2150 = CARTESIAN_POINT('',(0.,-5.445246459069,0.));
#2151 = DIRECTION('',(-0.,1.,-0.));
#2152 = DIRECTION('',(0.,0.,1.));
#2153 = DEFINITIONAL_REPRESENTATION('',(#2154),#2158);
#2154 = LINE('',#2155,#2156);
#2155 = CARTESIAN_POINT('',(7.613401869185,6.395246459069));
#2156 = VECTOR('',#2157,1.);
#2157 = DIRECTION('',(-1.,0.));
#2158 = ( GEOMETRIC_REPRESENTATION_CONTEXT(2) 
PARAMETRIC_REPRESENTATION_CONTEXT() REPRESENTATION_CONTEXT('2D SPACE',''
  ) );
#2159 = ORIENTED_EDGE('',*,*,#2160,.T.);
#2160 = EDGE_CURVE('',#2128,#2161,#2163,.T.);
#2161 = VERTEX_POINT('',#2162);
#2162 = CARTESIAN_POINT('',(2.428,0.95,-0.595664335008));
#2163 = SURFACE_CURVE('',#2164,(#2169,#2180),.PCURVE_S1.);
#2164 = CIRCLE('',#2165,0.6);
#2165 = AXIS2_PLACEMENT_3D('',#2166,#2167,#2168);
#2166 = CARTESIAN_POINT('',(2.5,0.95,-9.184850993605E-17));
#2167 = DIRECTION('',(-9.368548013477E-17,-1.,-0.));
#2168 = DIRECTION('',(-1.,9.368548013477E-17,0.));
#2169 = PCURVE('',#2061,#2170);
#2170 = DEFINITIONAL_REPRESENTATION('',(#2171),#2179);
#2171 = ( BOUNDED_CURVE() B_SPLINE_CURVE(2,(#2172,#2173,#2174,#2175,
#2176,#2177,#2178),.UNSPECIFIED.,.T.,.F.) B_SPLINE_CURVE_WITH_KNOTS((1,2
    ,2,2,2,1),(-2.094395102393,0.,2.094395102393,4.188790204786,
6.28318530718,8.377580409573),.UNSPECIFIED.) CURVE() 
GEOMETRIC_REPRESENTATION_ITEM() RATIONAL_B_SPLINE_CURVE((1.,0.5,1.,0.5,
1.,0.5,1.)) REPRESENTATION_ITEM('') );
#2172 = CARTESIAN_POINT('',(-1.9,-9.184850993605E-17));
#2173 = CARTESIAN_POINT('',(-1.9,-1.039230484541));
#2174 = CARTESIAN_POINT('',(-2.8,-0.519615242271));
#2175 = CARTESIAN_POINT('',(-3.7,-2.388061258337E-16));
#2176 = CARTESIAN_POINT('',(-2.8,0.519615242271));
#2177 = CARTESIAN_POINT('',(-1.9,1.039230484541));
#2178 = CARTESIAN_POINT('',(-1.9,-9.184850993605E-17));
#2179 = ( GEOMETRIC_REPRESENTATION_CONTEXT(2) 
PARAMETRIC_REPRESENTATION_CONTEXT() REPRESENTATION_CONTEXT('2D SPACE',''
  ) );
#2180 = PCURVE('',#2181,#2186);
#2181 = CYLINDRICAL_SURFACE('',#2182,0.6);
#2182 = AXIS2_PLACEMENT_3D('',#2183,#2184,#2185);
#2183 = CARTESIAN_POINT('',(2.5,-5.445246459069,-9.184850993605E-17));
#2184 = DIRECTION('',(-0.,1.,-0.));
#2185 = DIRECTION('',(0.,0.,1.));
#2186 = DEFINITIONAL_REPRESENTATION('',(#2187),#2191);
#2187 = LINE('',#2188,#2189);
#2188 = CARTESIAN_POINT('',(10.995574287564,6.395246459069));
#2189 = VECTOR('',#2190,1.);
#2190 = DIRECTION('',(-1.,0.));
#2191 = ( GEOMETRIC_REPRESENTATION_CONTEXT(2) 
PARAMETRIC_REPRESENTATION_CONTEXT() REPRESENTATION_CONTEXT('2D SPACE',''
  ) );
#2192 = ORIENTED_EDGE('',*,*,#2193,.F.);
#2193 = EDGE_CURVE('',#2099,#2161,#2194,.T.);
#2194 = SURFACE_CURVE('',#2195,(#2200,#2211),.PCURVE_S1.);
#2195 = CIRCLE('',#2196,2.5);
#2196 = AXIS2_PLACEMENT_3D('',#2197,#2198,#2199);
#2197 = CARTESIAN_POINT('',(0.,0.95,0.));
#2198 = DIRECTION('',(-9.368548013477E-17,-1.,-0.));
#2199 = DIRECTION('',(-1.,9.368548013477E-17,0.));
#2200 = PCURVE('',#2061,#2201);
#2201 = DEFINITIONAL_REPRESENTATION('',(#2202),#2210);
#2202 = ( BOUNDED_CURVE() B_SPLINE_CURVE(2,(#2203,#2204,#2205,#2206,
#2207,#2208,#2209),.UNSPECIFIED.,.T.,.F.) B_SPLINE_CURVE_WITH_KNOTS((1,2
    ,2,2,2,1),(-2.094395102393,0.,2.094395102393,4.188790204786,
6.28318530718,8.377580409573),.UNSPECIFIED.) CURVE() 
GEOMETRIC_REPRESENTATION_ITEM() RATIONAL_B_SPLINE_CURVE((1.,0.5,1.,0.5,
1.,0.5,1.)) REPRESENTATION_ITEM('') );
#2203 = CARTESIAN_POINT('',(2.5,0.));
#2204 = CARTESIAN_POINT('',(2.5,-4.330127018922));
#2205 = CARTESIAN_POINT('',(-1.25,-2.165063509461));
#2206 = CARTESIAN_POINT('',(-5.,-6.123233995737E-16));
#2207 = CARTESIAN_POINT('',(-1.25,2.165063509461));
#2208 = CARTESIAN_POINT('',(2.5,4.330127018922));
#2209 = CARTESIAN_POINT('',(2.5,0.));
#2210 = ( GEOMETRIC_REPRESENTATION_CONTEXT(2) 
PARAMETRIC_REPRESENTATION_CONTEXT() REPRESENTATION_CONTEXT('2D SPACE',''
  ) );
#2211 = PCURVE('',#2212,#2217);
#2212 = CYLINDRICAL_SURFACE('',#2213,2.5);
#2213 = AXIS2_PLACEMENT_3D('',#2214,#2215,#2216);
#2214 = CARTESIAN_POINT('',(0.,-5.445246459069,0.));
#2215 = DIRECTION('',(-0.,1.,-0.));
#2216 = DIRECTION('',(0.,0.,1.));
#2217 = DEFINITIONAL_REPRESENTATION('',(#2218),#2222);
#2218 = LINE('',#2219,#2220);
#2219 = CARTESIAN_POINT('',(4.712388980385,6.395246459069));
#2220 = VECTOR('',#2221,1.);
#2221 = DIRECTION('',(-1.,0.));
#2222 = ( GEOMETRIC_REPRESENTATION_CONTEXT(2) 
PARAMETRIC_REPRESENTATION_CONTEXT() REPRESENTATION_CONTEXT('2D SPACE',''
  ) );
#2223 = FACE_BOUND('',#2224,.T.);
#2224 = EDGE_LOOP('',(#2225,#2251));
#2225 = ORIENTED_EDGE('',*,*,#2226,.T.);
#2226 = EDGE_CURVE('',#1574,#2045,#2227,.T.);
#2227 = SURFACE_CURVE('',#2228,(#2233,#2244),.PCURVE_S1.);
#2228 = CIRCLE('',#2229,4.06976744186);
#2229 = AXIS2_PLACEMENT_3D('',#2230,#2231,#2232);
#2230 = CARTESIAN_POINT('',(8.900120612803E-17,0.95,0.));
#2231 = DIRECTION('',(-9.368548013477E-17,-1.,0.));
#2232 = DIRECTION('',(1.,-9.368548013477E-17,0.));
#2233 = PCURVE('',#2061,#2234);
#2234 = DEFINITIONAL_REPRESENTATION('',(#2235),#2243);
#2235 = ( BOUNDED_CURVE() B_SPLINE_CURVE(2,(#2236,#2237,#2238,#2239,
#2240,#2241,#2242),.UNSPECIFIED.,.T.,.F.) B_SPLINE_CURVE_WITH_KNOTS((1,2
    ,2,2,2,1),(-2.094395102393,0.,2.094395102393,4.188790204786,
6.28318530718,8.377580409573),.UNSPECIFIED.) CURVE() 
GEOMETRIC_REPRESENTATION_ITEM() RATIONAL_B_SPLINE_CURVE((1.,0.5,1.,0.5,
1.,0.5,1.)) REPRESENTATION_ITEM('') );
#2236 = CARTESIAN_POINT('',(-4.06976744186,0.));
#2237 = CARTESIAN_POINT('',(-4.06976744186,7.049043984292));
#2238 = CARTESIAN_POINT('',(2.03488372093,3.524521992146));
#2239 = CARTESIAN_POINT('',(8.139534883721,9.968055341897E-16));
#2240 = CARTESIAN_POINT('',(2.03488372093,-3.524521992146));
#2241 = CARTESIAN_POINT('',(-4.06976744186,-7.049043984292));
#2242 = CARTESIAN_POINT('',(-4.06976744186,0.));
#2243 = ( GEOMETRIC_REPRESENTATION_CONTEXT(2) 
PARAMETRIC_REPRESENTATION_CONTEXT() REPRESENTATION_CONTEXT('2D SPACE',''
  ) );
#2244 = PCURVE('',#1589,#2245);
#2245 = DEFINITIONAL_REPRESENTATION('',(#2246),#2250);
#2246 = LINE('',#2247,#2248);
#2247 = CARTESIAN_POINT('',(0.,-0.95));
#2248 = VECTOR('',#2249,1.);
#2249 = DIRECTION('',(1.,0.));
#2250 = ( GEOMETRIC_REPRESENTATION_CONTEXT(2) 
PARAMETRIC_REPRESENTATION_CONTEXT() REPRESENTATION_CONTEXT('2D SPACE',''
  ) );
#2251 = ORIENTED_EDGE('',*,*,#2044,.F.);
#2252 = ADVANCED_FACE('',(#2253),#2212,.T.);
#2253 = FACE_BOUND('',#2254,.T.);
#2254 = EDGE_LOOP('',(#2255,#2278,#2279,#2302,#2331,#2359,#2388,#2416));
#2255 = ORIENTED_EDGE('',*,*,#2256,.T.);
#2256 = EDGE_CURVE('',#2257,#2099,#2259,.T.);
#2257 = VERTEX_POINT('',#2258);
#2258 = CARTESIAN_POINT('',(-2.428,0.,-0.595664335008));
#2259 = SURFACE_CURVE('',#2260,(#2264,#2271),.PCURVE_S1.);
#2260 = LINE('',#2261,#2262);
#2261 = CARTESIAN_POINT('',(-2.428,-5.445246459069,-0.595664335008));
#2262 = VECTOR('',#2263,1.);
#2263 = DIRECTION('',(-0.,1.,-0.));
#2264 = PCURVE('',#2212,#2265);
#2265 = DEFINITIONAL_REPRESENTATION('',(#2266),#2270);
#2266 = LINE('',#2267,#2268);
#2267 = CARTESIAN_POINT('',(4.471809215595,0.));
#2268 = VECTOR('',#2269,1.);
#2269 = DIRECTION('',(0.,1.));
#2270 = ( GEOMETRIC_REPRESENTATION_CONTEXT(2) 
PARAMETRIC_REPRESENTATION_CONTEXT() REPRESENTATION_CONTEXT('2D SPACE',''
  ) );
#2271 = PCURVE('',#2115,#2272);
#2272 = DEFINITIONAL_REPRESENTATION('',(#2273),#2277);
#2273 = LINE('',#2274,#2275);
#2274 = CARTESIAN_POINT('',(3.021302771195,0.));
#2275 = VECTOR('',#2276,1.);
#2276 = DIRECTION('',(0.,1.));
#2277 = ( GEOMETRIC_REPRESENTATION_CONTEXT(2) 
PARAMETRIC_REPRESENTATION_CONTEXT() REPRESENTATION_CONTEXT('2D SPACE',''
  ) );
#2278 = ORIENTED_EDGE('',*,*,#2193,.T.);
#2279 = ORIENTED_EDGE('',*,*,#2280,.F.);
#2280 = EDGE_CURVE('',#2281,#2161,#2283,.T.);
#2281 = VERTEX_POINT('',#2282);
#2282 = CARTESIAN_POINT('',(2.428,0.,-0.595664335008));
#2283 = SURFACE_CURVE('',#2284,(#2288,#2295),.PCURVE_S1.);
#2284 = LINE('',#2285,#2286);
#2285 = CARTESIAN_POINT('',(2.428,-5.445246459069,-0.595664335008));
#2286 = VECTOR('',#2287,1.);
#2287 = DIRECTION('',(-0.,1.,-0.));
#2288 = PCURVE('',#2212,#2289);
#2289 = DEFINITIONAL_REPRESENTATION('',(#2290),#2294);
#2290 = LINE('',#2291,#2292);
#2291 = CARTESIAN_POINT('',(1.811376091584,0.));
#2292 = VECTOR('',#2293,1.);
#2293 = DIRECTION('',(0.,1.));
#2294 = ( GEOMETRIC_REPRESENTATION_CONTEXT(2) 
PARAMETRIC_REPRESENTATION_CONTEXT() REPRESENTATION_CONTEXT('2D SPACE',''
  ) );
#2295 = PCURVE('',#2181,#2296);
#2296 = DEFINITIONAL_REPRESENTATION('',(#2297),#2301);
#2297 = LINE('',#2298,#2299);
#2298 = CARTESIAN_POINT('',(3.261882535985,0.));
#2299 = VECTOR('',#2300,1.);
#2300 = DIRECTION('',(0.,1.));
#2301 = ( GEOMETRIC_REPRESENTATION_CONTEXT(2) 
PARAMETRIC_REPRESENTATION_CONTEXT() REPRESENTATION_CONTEXT('2D SPACE',''
  ) );
#2302 = ORIENTED_EDGE('',*,*,#2303,.T.);
#2303 = EDGE_CURVE('',#2281,#2304,#2306,.T.);
#2304 = VERTEX_POINT('',#2305);
#2305 = CARTESIAN_POINT('',(0.225,0.,-2.489854413415));
#2306 = SURFACE_CURVE('',#2307,(#2312,#2319),.PCURVE_S1.);
#2307 = CIRCLE('',#2308,2.5);
#2308 = AXIS2_PLACEMENT_3D('',#2309,#2310,#2311);
#2309 = CARTESIAN_POINT('',(0.,0.,0.));
#2310 = DIRECTION('',(0.,1.,0.));
#2311 = DIRECTION('',(0.,-0.,1.));
#2312 = PCURVE('',#2212,#2313);
#2313 = DEFINITIONAL_REPRESENTATION('',(#2314),#2318);
#2314 = LINE('',#2315,#2316);
#2315 = CARTESIAN_POINT('',(0.,5.445246459069));
#2316 = VECTOR('',#2317,1.);
#2317 = DIRECTION('',(1.,0.));
#2318 = ( GEOMETRIC_REPRESENTATION_CONTEXT(2) 
PARAMETRIC_REPRESENTATION_CONTEXT() REPRESENTATION_CONTEXT('2D SPACE',''
  ) );
#2319 = PCURVE('',#2320,#2325);
#2320 = PLANE('',#2321);
#2321 = AXIS2_PLACEMENT_3D('',#2322,#2323,#2324);
#2322 = CARTESIAN_POINT('',(0.,0.,0.));
#2323 = DIRECTION('',(0.,1.,0.));
#2324 = DIRECTION('',(0.,-0.,1.));
#2325 = DEFINITIONAL_REPRESENTATION('',(#2326),#2330);
#2326 = CIRCLE('',#2327,2.5);
#2327 = AXIS2_PLACEMENT_2D('',#2328,#2329);
#2328 = CARTESIAN_POINT('',(0.,0.));
#2329 = DIRECTION('',(1.,0.));
#2330 = ( GEOMETRIC_REPRESENTATION_CONTEXT(2) 
PARAMETRIC_REPRESENTATION_CONTEXT() REPRESENTATION_CONTEXT('2D SPACE',''
  ) );
#2331 = ORIENTED_EDGE('',*,*,#2332,.F.);
#2332 = EDGE_CURVE('',#2333,#2304,#2335,.T.);
#2333 = VERTEX_POINT('',#2334);
#2334 = CARTESIAN_POINT('',(0.225,0.8,-2.489854413415));
#2335 = SURFACE_CURVE('',#2336,(#2340,#2347),.PCURVE_S1.);
#2336 = LINE('',#2337,#2338);
#2337 = CARTESIAN_POINT('',(0.225,-5.445246459069,-2.489854413415));
#2338 = VECTOR('',#2339,1.);
#2339 = DIRECTION('',(0.,-1.,0.));
#2340 = PCURVE('',#2212,#2341);
#2341 = DEFINITIONAL_REPRESENTATION('',(#2342),#2346);
#2342 = LINE('',#2343,#2344);
#2343 = CARTESIAN_POINT('',(3.051470708575,0.));
#2344 = VECTOR('',#2345,1.);
#2345 = DIRECTION('',(0.,-1.));
#2346 = ( GEOMETRIC_REPRESENTATION_CONTEXT(2) 
PARAMETRIC_REPRESENTATION_CONTEXT() REPRESENTATION_CONTEXT('2D SPACE',''
  ) );
#2347 = PCURVE('',#2348,#2353);
#2348 = PLANE('',#2349);
#2349 = AXIS2_PLACEMENT_3D('',#2350,#2351,#2352);
#2350 = CARTESIAN_POINT('',(0.225,0.8,15.));
#2351 = DIRECTION('',(-1.,0.,-0.));
#2352 = DIRECTION('',(0.,0.,1.));
#2353 = DEFINITIONAL_REPRESENTATION('',(#2354),#2358);
#2354 = LINE('',#2355,#2356);
#2355 = CARTESIAN_POINT('',(-17.48985441341,-6.245246459069));
#2356 = VECTOR('',#2357,1.);
#2357 = DIRECTION('',(0.,-1.));
#2358 = ( GEOMETRIC_REPRESENTATION_CONTEXT(2) 
PARAMETRIC_REPRESENTATION_CONTEXT() REPRESENTATION_CONTEXT('2D SPACE',''
  ) );
#2359 = ORIENTED_EDGE('',*,*,#2360,.F.);
#2360 = EDGE_CURVE('',#2361,#2333,#2363,.T.);
#2361 = VERTEX_POINT('',#2362);
#2362 = CARTESIAN_POINT('',(-0.225,0.8,-2.489854413415));
#2363 = SURFACE_CURVE('',#2364,(#2369,#2376),.PCURVE_S1.);
#2364 = CIRCLE('',#2365,2.5);
#2365 = AXIS2_PLACEMENT_3D('',#2366,#2367,#2368);
#2366 = CARTESIAN_POINT('',(0.,0.8,0.));
#2367 = DIRECTION('',(0.,-1.,0.));
#2368 = DIRECTION('',(0.,0.,-1.));
#2369 = PCURVE('',#2212,#2370);
#2370 = DEFINITIONAL_REPRESENTATION('',(#2371),#2375);
#2371 = LINE('',#2372,#2373);
#2372 = CARTESIAN_POINT('',(9.424777960769,6.245246459069));
#2373 = VECTOR('',#2374,1.);
#2374 = DIRECTION('',(-1.,0.));
#2375 = ( GEOMETRIC_REPRESENTATION_CONTEXT(2) 
PARAMETRIC_REPRESENTATION_CONTEXT() REPRESENTATION_CONTEXT('2D SPACE',''
  ) );
#2376 = PCURVE('',#2377,#2382);
#2377 = PLANE('',#2378);
#2378 = AXIS2_PLACEMENT_3D('',#2379,#2380,#2381);
#2379 = CARTESIAN_POINT('',(0.,0.8,0.));
#2380 = DIRECTION('',(0.,-1.,0.));
#2381 = DIRECTION('',(0.,-0.,-1.));
#2382 = DEFINITIONAL_REPRESENTATION('',(#2383),#2387);
#2383 = CIRCLE('',#2384,2.5);
#2384 = AXIS2_PLACEMENT_2D('',#2385,#2386);
#2385 = CARTESIAN_POINT('',(0.,0.));
#2386 = DIRECTION('',(1.,0.));
#2387 = ( GEOMETRIC_REPRESENTATION_CONTEXT(2) 
PARAMETRIC_REPRESENTATION_CONTEXT() REPRESENTATION_CONTEXT('2D SPACE',''
  ) );
#2388 = ORIENTED_EDGE('',*,*,#2389,.F.);
#2389 = EDGE_CURVE('',#2390,#2361,#2392,.T.);
#2390 = VERTEX_POINT('',#2391);
#2391 = CARTESIAN_POINT('',(-0.225,0.,-2.489854413415));
#2392 = SURFACE_CURVE('',#2393,(#2397,#2404),.PCURVE_S1.);
#2393 = LINE('',#2394,#2395);
#2394 = CARTESIAN_POINT('',(-0.225,-5.445246459069,-2.489854413415));
#2395 = VECTOR('',#2396,1.);
#2396 = DIRECTION('',(-0.,1.,-0.));
#2397 = PCURVE('',#2212,#2398);
#2398 = DEFINITIONAL_REPRESENTATION('',(#2399),#2403);
#2399 = LINE('',#2400,#2401);
#2400 = CARTESIAN_POINT('',(3.231714598604,0.));
#2401 = VECTOR('',#2402,1.);
#2402 = DIRECTION('',(0.,1.));
#2403 = ( GEOMETRIC_REPRESENTATION_CONTEXT(2) 
PARAMETRIC_REPRESENTATION_CONTEXT() REPRESENTATION_CONTEXT('2D SPACE',''
  ) );
#2404 = PCURVE('',#2405,#2410);
#2405 = PLANE('',#2406);
#2406 = AXIS2_PLACEMENT_3D('',#2407,#2408,#2409);
#2407 = CARTESIAN_POINT('',(-0.225,0.8,15.));
#2408 = DIRECTION('',(1.,0.,0.));
#2409 = DIRECTION('',(0.,0.,-1.));
#2410 = DEFINITIONAL_REPRESENTATION('',(#2411),#2415);
#2411 = LINE('',#2412,#2413);
#2412 = CARTESIAN_POINT('',(17.489854413415,-6.245246459069));
#2413 = VECTOR('',#2414,1.);
#2414 = DIRECTION('',(0.,1.));
#2415 = ( GEOMETRIC_REPRESENTATION_CONTEXT(2) 
PARAMETRIC_REPRESENTATION_CONTEXT() REPRESENTATION_CONTEXT('2D SPACE',''
  ) );
#2416 = ORIENTED_EDGE('',*,*,#2417,.T.);
#2417 = EDGE_CURVE('',#2390,#2257,#2418,.T.);
#2418 = SURFACE_CURVE('',#2419,(#2424,#2431),.PCURVE_S1.);
#2419 = CIRCLE('',#2420,2.5);
#2420 = AXIS2_PLACEMENT_3D('',#2421,#2422,#2423);
#2421 = CARTESIAN_POINT('',(0.,0.,0.));
#2422 = DIRECTION('',(0.,1.,0.));
#2423 = DIRECTION('',(0.,-0.,1.));
#2424 = PCURVE('',#2212,#2425);
#2425 = DEFINITIONAL_REPRESENTATION('',(#2426),#2430);
#2426 = LINE('',#2427,#2428);
#2427 = CARTESIAN_POINT('',(-4.440892098501E-16,5.445246459069));
#2428 = VECTOR('',#2429,1.);
#2429 = DIRECTION('',(1.,0.));
#2430 = ( GEOMETRIC_REPRESENTATION_CONTEXT(2) 
PARAMETRIC_REPRESENTATION_CONTEXT() REPRESENTATION_CONTEXT('2D SPACE',''
  ) );
#2431 = PCURVE('',#2432,#2437);
#2432 = PLANE('',#2433);
#2433 = AXIS2_PLACEMENT_3D('',#2434,#2435,#2436);
#2434 = CARTESIAN_POINT('',(0.,0.,0.));
#2435 = DIRECTION('',(0.,1.,0.));
#2436 = DIRECTION('',(0.,-0.,1.));
#2437 = DEFINITIONAL_REPRESENTATION('',(#2438),#2442);
#2438 = CIRCLE('',#2439,2.5);
#2439 = AXIS2_PLACEMENT_2D('',#2440,#2441);
#2440 = CARTESIAN_POINT('',(0.,0.));
#2441 = DIRECTION('',(1.,0.));
#2442 = ( GEOMETRIC_REPRESENTATION_CONTEXT(2) 
PARAMETRIC_REPRESENTATION_CONTEXT() REPRESENTATION_CONTEXT('2D SPACE',''
  ) );
#2443 = ADVANCED_FACE('',(#2444),#2432,.F.);
#2444 = FACE_BOUND('',#2445,.T.);
#2445 = EDGE_LOOP('',(#2446,#2469,#2498,#2524));
#2446 = ORIENTED_EDGE('',*,*,#2447,.T.);
#2447 = EDGE_CURVE('',#2390,#2448,#2450,.T.);
#2448 = VERTEX_POINT('',#2449);
#2449 = CARTESIAN_POINT('',(-0.225,0.,-2.23872173349));
#2450 = SURFACE_CURVE('',#2451,(#2455,#2462),.PCURVE_S1.);
#2451 = LINE('',#2452,#2453);
#2452 = CARTESIAN_POINT('',(-0.225,0.,15.));
#2453 = VECTOR('',#2454,1.);
#2454 = DIRECTION('',(-0.,-0.,1.));
#2455 = PCURVE('',#2432,#2456);
#2456 = DEFINITIONAL_REPRESENTATION('',(#2457),#2461);
#2457 = LINE('',#2458,#2459);
#2458 = CARTESIAN_POINT('',(15.,-0.225));
#2459 = VECTOR('',#2460,1.);
#2460 = DIRECTION('',(1.,-0.));
#2461 = ( GEOMETRIC_REPRESENTATION_CONTEXT(2) 
PARAMETRIC_REPRESENTATION_CONTEXT() REPRESENTATION_CONTEXT('2D SPACE',''
  ) );
#2462 = PCURVE('',#2405,#2463);
#2463 = DEFINITIONAL_REPRESENTATION('',(#2464),#2468);
#2464 = LINE('',#2465,#2466);
#2465 = CARTESIAN_POINT('',(0.,-0.8));
#2466 = VECTOR('',#2467,1.);
#2467 = DIRECTION('',(-1.,0.));
#2468 = ( GEOMETRIC_REPRESENTATION_CONTEXT(2) 
PARAMETRIC_REPRESENTATION_CONTEXT() REPRESENTATION_CONTEXT('2D SPACE',''
  ) );
#2469 = ORIENTED_EDGE('',*,*,#2470,.T.);
#2470 = EDGE_CURVE('',#2448,#2471,#2473,.T.);
#2471 = VERTEX_POINT('',#2472);
#2472 = CARTESIAN_POINT('',(-2.1905,0.,-0.514013375312));
#2473 = SURFACE_CURVE('',#2474,(#2479,#2486),.PCURVE_S1.);
#2474 = CIRCLE('',#2475,2.25);
#2475 = AXIS2_PLACEMENT_3D('',#2476,#2477,#2478);
#2476 = CARTESIAN_POINT('',(0.,0.,0.));
#2477 = DIRECTION('',(0.,1.,0.));
#2478 = DIRECTION('',(0.,-0.,1.));
#2479 = PCURVE('',#2432,#2480);
#2480 = DEFINITIONAL_REPRESENTATION('',(#2481),#2485);
#2481 = CIRCLE('',#2482,2.25);
#2482 = AXIS2_PLACEMENT_2D('',#2483,#2484);
#2483 = CARTESIAN_POINT('',(0.,0.));
#2484 = DIRECTION('',(1.,0.));
#2485 = ( GEOMETRIC_REPRESENTATION_CONTEXT(2) 
PARAMETRIC_REPRESENTATION_CONTEXT() REPRESENTATION_CONTEXT('2D SPACE',''
  ) );
#2486 = PCURVE('',#2487,#2492);
#2487 = CYLINDRICAL_SURFACE('',#2488,2.25);
#2488 = AXIS2_PLACEMENT_3D('',#2489,#2490,#2491);
#2489 = CARTESIAN_POINT('',(0.,0.1,0.));
#2490 = DIRECTION('',(0.,-1.,0.));
#2491 = DIRECTION('',(0.,0.,-1.));
#2492 = DEFINITIONAL_REPRESENTATION('',(#2493),#2497);
#2493 = LINE('',#2494,#2495);
#2494 = CARTESIAN_POINT('',(9.424777960769,0.1));
#2495 = VECTOR('',#2496,1.);
#2496 = DIRECTION('',(-1.,0.));
#2497 = ( GEOMETRIC_REPRESENTATION_CONTEXT(2) 
PARAMETRIC_REPRESENTATION_CONTEXT() REPRESENTATION_CONTEXT('2D SPACE',''
  ) );
#2498 = ORIENTED_EDGE('',*,*,#2499,.F.);
#2499 = EDGE_CURVE('',#2257,#2471,#2500,.T.);
#2500 = SURFACE_CURVE('',#2501,(#2506,#2517),.PCURVE_S1.);
#2501 = CIRCLE('',#2502,0.6);
#2502 = AXIS2_PLACEMENT_3D('',#2503,#2504,#2505);
#2503 = CARTESIAN_POINT('',(-2.5,0.,-9.184850993605E-17));
#2504 = DIRECTION('',(0.,-1.,0.));
#2505 = DIRECTION('',(0.,0.,1.));
#2506 = PCURVE('',#2432,#2507);
#2507 = DEFINITIONAL_REPRESENTATION('',(#2508),#2516);
#2508 = ( BOUNDED_CURVE() B_SPLINE_CURVE(2,(#2509,#2510,#2511,#2512,
#2513,#2514,#2515),.UNSPECIFIED.,.T.,.F.) B_SPLINE_CURVE_WITH_KNOTS((1,2
    ,2,2,2,1),(-2.094395102393,0.,2.094395102393,4.188790204786,
6.28318530718,8.377580409573),.UNSPECIFIED.) CURVE() 
GEOMETRIC_REPRESENTATION_ITEM() RATIONAL_B_SPLINE_CURVE((1.,0.5,1.,0.5,
1.,0.5,1.)) REPRESENTATION_ITEM('') );
#2509 = CARTESIAN_POINT('',(0.6,-2.5));
#2510 = CARTESIAN_POINT('',(0.6,-3.539230484541));
#2511 = CARTESIAN_POINT('',(-0.3,-3.019615242271));
#2512 = CARTESIAN_POINT('',(-1.2,-2.5));
#2513 = CARTESIAN_POINT('',(-0.3,-1.980384757729));
#2514 = CARTESIAN_POINT('',(0.6,-1.460769515459));
#2515 = CARTESIAN_POINT('',(0.6,-2.5));
#2516 = ( GEOMETRIC_REPRESENTATION_CONTEXT(2) 
PARAMETRIC_REPRESENTATION_CONTEXT() REPRESENTATION_CONTEXT('2D SPACE',''
  ) );
#2517 = PCURVE('',#2115,#2518);
#2518 = DEFINITIONAL_REPRESENTATION('',(#2519),#2523);
#2519 = LINE('',#2520,#2521);
#2520 = CARTESIAN_POINT('',(6.28318530718,5.445246459069));
#2521 = VECTOR('',#2522,1.);
#2522 = DIRECTION('',(-1.,0.));
#2523 = ( GEOMETRIC_REPRESENTATION_CONTEXT(2) 
PARAMETRIC_REPRESENTATION_CONTEXT() REPRESENTATION_CONTEXT('2D SPACE',''
  ) );
#2524 = ORIENTED_EDGE('',*,*,#2417,.F.);
#2525 = ADVANCED_FACE('',(#2526),#2487,.F.);
#2526 = FACE_BOUND('',#2527,.F.);
#2527 = EDGE_LOOP('',(#2528,#2551,#2580,#2601));
#2528 = ORIENTED_EDGE('',*,*,#2529,.F.);
#2529 = EDGE_CURVE('',#2530,#2471,#2532,.T.);
#2530 = VERTEX_POINT('',#2531);
#2531 = CARTESIAN_POINT('',(-2.1905,0.1,-0.514013375312));
#2532 = SURFACE_CURVE('',#2533,(#2537,#2544),.PCURVE_S1.);
#2533 = LINE('',#2534,#2535);
#2534 = CARTESIAN_POINT('',(-2.1905,5.E-02,-0.514013375312));
#2535 = VECTOR('',#2536,1.);
#2536 = DIRECTION('',(0.,-1.,0.));
#2537 = PCURVE('',#2487,#2538);
#2538 = DEFINITIONAL_REPRESENTATION('',(#2539),#2543);
#2539 = LINE('',#2540,#2541);
#2540 = CARTESIAN_POINT('',(4.942874662546,5.E-02));
#2541 = VECTOR('',#2542,1.);
#2542 = DIRECTION('',(0.,1.));
#2543 = ( GEOMETRIC_REPRESENTATION_CONTEXT(2) 
PARAMETRIC_REPRESENTATION_CONTEXT() REPRESENTATION_CONTEXT('2D SPACE',''
  ) );
#2544 = PCURVE('',#2115,#2545);
#2545 = DEFINITIONAL_REPRESENTATION('',(#2546),#2550);
#2546 = LINE('',#2547,#2548);
#2547 = CARTESIAN_POINT('',(2.599612551558,5.495246459069));
#2548 = VECTOR('',#2549,1.);
#2549 = DIRECTION('',(0.,-1.));
#2550 = ( GEOMETRIC_REPRESENTATION_CONTEXT(2) 
PARAMETRIC_REPRESENTATION_CONTEXT() REPRESENTATION_CONTEXT('2D SPACE',''
  ) );
#2551 = ORIENTED_EDGE('',*,*,#2552,.F.);
#2552 = EDGE_CURVE('',#2553,#2530,#2555,.T.);
#2553 = VERTEX_POINT('',#2554);
#2554 = CARTESIAN_POINT('',(-0.225,0.1,-2.23872173349));
#2555 = SURFACE_CURVE('',#2556,(#2561,#2568),.PCURVE_S1.);
#2556 = CIRCLE('',#2557,2.25);
#2557 = AXIS2_PLACEMENT_3D('',#2558,#2559,#2560);
#2558 = CARTESIAN_POINT('',(0.,0.1,0.));
#2559 = DIRECTION('',(0.,1.,0.));
#2560 = DIRECTION('',(0.,-0.,1.));
#2561 = PCURVE('',#2487,#2562);
#2562 = DEFINITIONAL_REPRESENTATION('',(#2563),#2567);
#2563 = LINE('',#2564,#2565);
#2564 = CARTESIAN_POINT('',(9.424777960769,0.));
#2565 = VECTOR('',#2566,1.);
#2566 = DIRECTION('',(-1.,0.));
#2567 = ( GEOMETRIC_REPRESENTATION_CONTEXT(2) 
PARAMETRIC_REPRESENTATION_CONTEXT() REPRESENTATION_CONTEXT('2D SPACE',''
  ) );
#2568 = PCURVE('',#2569,#2574);
#2569 = PLANE('',#2570);
#2570 = AXIS2_PLACEMENT_3D('',#2571,#2572,#2573);
#2571 = CARTESIAN_POINT('',(0.,0.1,0.));
#2572 = DIRECTION('',(0.,1.,0.));
#2573 = DIRECTION('',(0.,-0.,1.));
#2574 = DEFINITIONAL_REPRESENTATION('',(#2575),#2579);
#2575 = CIRCLE('',#2576,2.25);
#2576 = AXIS2_PLACEMENT_2D('',#2577,#2578);
#2577 = CARTESIAN_POINT('',(0.,0.));
#2578 = DIRECTION('',(1.,0.));
#2579 = ( GEOMETRIC_REPRESENTATION_CONTEXT(2) 
PARAMETRIC_REPRESENTATION_CONTEXT() REPRESENTATION_CONTEXT('2D SPACE',''
  ) );
#2580 = ORIENTED_EDGE('',*,*,#2581,.F.);
#2581 = EDGE_CURVE('',#2448,#2553,#2582,.T.);
#2582 = SURFACE_CURVE('',#2583,(#2587,#2594),.PCURVE_S1.);
#2583 = LINE('',#2584,#2585);
#2584 = CARTESIAN_POINT('',(-0.225,0.1,-2.23872173349));
#2585 = VECTOR('',#2586,1.);
#2586 = DIRECTION('',(-0.,1.,-0.));
#2587 = PCURVE('',#2487,#2588);
#2588 = DEFINITIONAL_REPRESENTATION('',(#2589),#2593);
#2589 = LINE('',#2590,#2591);
#2590 = CARTESIAN_POINT('',(6.183017886018,0.));
#2591 = VECTOR('',#2592,1.);
#2592 = DIRECTION('',(0.,-1.));
#2593 = ( GEOMETRIC_REPRESENTATION_CONTEXT(2) 
PARAMETRIC_REPRESENTATION_CONTEXT() REPRESENTATION_CONTEXT('2D SPACE',''
  ) );
#2594 = PCURVE('',#2405,#2595);
#2595 = DEFINITIONAL_REPRESENTATION('',(#2596),#2600);
#2596 = LINE('',#2597,#2598);
#2597 = CARTESIAN_POINT('',(17.23872173349,-0.7));
#2598 = VECTOR('',#2599,1.);
#2599 = DIRECTION('',(0.,1.));
#2600 = ( GEOMETRIC_REPRESENTATION_CONTEXT(2) 
PARAMETRIC_REPRESENTATION_CONTEXT() REPRESENTATION_CONTEXT('2D SPACE',''
  ) );
#2601 = ORIENTED_EDGE('',*,*,#2470,.T.);
#2602 = ADVANCED_FACE('',(#2603),#2569,.F.);
#2603 = FACE_BOUND('',#2604,.T.);
#2604 = EDGE_LOOP('',(#2605,#2630,#2659,#2685,#2686,#2709));
#2605 = ORIENTED_EDGE('',*,*,#2606,.F.);
#2606 = EDGE_CURVE('',#2607,#2609,#2611,.T.);
#2607 = VERTEX_POINT('',#2608);
#2608 = CARTESIAN_POINT('',(-0.225,0.1,2.23872173349));
#2609 = VERTEX_POINT('',#2610);
#2610 = CARTESIAN_POINT('',(-0.225,0.1,1.836266592845));
#2611 = SURFACE_CURVE('',#2612,(#2616,#2623),.PCURVE_S1.);
#2612 = LINE('',#2613,#2614);
#2613 = CARTESIAN_POINT('',(-0.225,0.1,0.));
#2614 = VECTOR('',#2615,1.);
#2615 = DIRECTION('',(0.,0.,-1.));
#2616 = PCURVE('',#2569,#2617);
#2617 = DEFINITIONAL_REPRESENTATION('',(#2618),#2622);
#2618 = LINE('',#2619,#2620);
#2619 = CARTESIAN_POINT('',(0.,-0.225));
#2620 = VECTOR('',#2621,1.);
#2621 = DIRECTION('',(-1.,0.));
#2622 = ( GEOMETRIC_REPRESENTATION_CONTEXT(2) 
PARAMETRIC_REPRESENTATION_CONTEXT() REPRESENTATION_CONTEXT('2D SPACE',''
  ) );
#2623 = PCURVE('',#2405,#2624);
#2624 = DEFINITIONAL_REPRESENTATION('',(#2625),#2629);
#2625 = LINE('',#2626,#2627);
#2626 = CARTESIAN_POINT('',(15.,-0.7));
#2627 = VECTOR('',#2628,1.);
#2628 = DIRECTION('',(1.,0.));
#2629 = ( GEOMETRIC_REPRESENTATION_CONTEXT(2) 
PARAMETRIC_REPRESENTATION_CONTEXT() REPRESENTATION_CONTEXT('2D SPACE',''
  ) );
#2630 = ORIENTED_EDGE('',*,*,#2631,.F.);
#2631 = EDGE_CURVE('',#2632,#2607,#2634,.T.);
#2632 = VERTEX_POINT('',#2633);
#2633 = CARTESIAN_POINT('',(-2.1905,0.1,0.514013375312));
#2634 = SURFACE_CURVE('',#2635,(#2640,#2647),.PCURVE_S1.);
#2635 = CIRCLE('',#2636,2.25);
#2636 = AXIS2_PLACEMENT_3D('',#2637,#2638,#2639);
#2637 = CARTESIAN_POINT('',(0.,0.1,0.));
#2638 = DIRECTION('',(0.,1.,0.));
#2639 = DIRECTION('',(0.,-0.,1.));
#2640 = PCURVE('',#2569,#2641);
#2641 = DEFINITIONAL_REPRESENTATION('',(#2642),#2646);
#2642 = CIRCLE('',#2643,2.25);
#2643 = AXIS2_PLACEMENT_2D('',#2644,#2645);
#2644 = CARTESIAN_POINT('',(0.,0.));
#2645 = DIRECTION('',(1.,0.));
#2646 = ( GEOMETRIC_REPRESENTATION_CONTEXT(2) 
PARAMETRIC_REPRESENTATION_CONTEXT() REPRESENTATION_CONTEXT('2D SPACE',''
  ) );
#2647 = PCURVE('',#2648,#2653);
#2648 = CYLINDRICAL_SURFACE('',#2649,2.25);
#2649 = AXIS2_PLACEMENT_3D('',#2650,#2651,#2652);
#2650 = CARTESIAN_POINT('',(0.,0.1,0.));
#2651 = DIRECTION('',(0.,-1.,0.));
#2652 = DIRECTION('',(0.,0.,-1.));
#2653 = DEFINITIONAL_REPRESENTATION('',(#2654),#2658);
#2654 = LINE('',#2655,#2656);
#2655 = CARTESIAN_POINT('',(9.424777960769,0.));
#2656 = VECTOR('',#2657,1.);
#2657 = DIRECTION('',(-1.,0.));
#2658 = ( GEOMETRIC_REPRESENTATION_CONTEXT(2) 
PARAMETRIC_REPRESENTATION_CONTEXT() REPRESENTATION_CONTEXT('2D SPACE',''
  ) );
#2659 = ORIENTED_EDGE('',*,*,#2660,.F.);
#2660 = EDGE_CURVE('',#2530,#2632,#2661,.T.);
#2661 = SURFACE_CURVE('',#2662,(#2667,#2678),.PCURVE_S1.);
#2662 = CIRCLE('',#2663,0.6);
#2663 = AXIS2_PLACEMENT_3D('',#2664,#2665,#2666);
#2664 = CARTESIAN_POINT('',(-2.5,0.1,-9.184850993605E-17));
#2665 = DIRECTION('',(-0.,-1.,0.));
#2666 = DIRECTION('',(7.228014483237E-16,-0.,1.));
#2667 = PCURVE('',#2569,#2668);
#2668 = DEFINITIONAL_REPRESENTATION('',(#2669),#2677);
#2669 = ( BOUNDED_CURVE() B_SPLINE_CURVE(2,(#2670,#2671,#2672,#2673,
#2674,#2675,#2676),.UNSPECIFIED.,.T.,.F.) B_SPLINE_CURVE_WITH_KNOTS((1,2
    ,2,2,2,1),(-2.094395102393,0.,2.094395102393,4.188790204786,
6.28318530718,8.377580409573),.UNSPECIFIED.) CURVE() 
GEOMETRIC_REPRESENTATION_ITEM() RATIONAL_B_SPLINE_CURVE((1.,0.5,1.,0.5,
1.,0.5,1.)) REPRESENTATION_ITEM('') );
#2670 = CARTESIAN_POINT('',(0.6,-2.5));
#2671 = CARTESIAN_POINT('',(0.6,-3.539230484541));
#2672 = CARTESIAN_POINT('',(-0.3,-3.019615242271));
#2673 = CARTESIAN_POINT('',(-1.2,-2.5));
#2674 = CARTESIAN_POINT('',(-0.3,-1.980384757729));
#2675 = CARTESIAN_POINT('',(0.6,-1.460769515459));
#2676 = CARTESIAN_POINT('',(0.6,-2.5));
#2677 = ( GEOMETRIC_REPRESENTATION_CONTEXT(2) 
PARAMETRIC_REPRESENTATION_CONTEXT() REPRESENTATION_CONTEXT('2D SPACE',''
  ) );
#2678 = PCURVE('',#2115,#2679);
#2679 = DEFINITIONAL_REPRESENTATION('',(#2680),#2684);
#2680 = LINE('',#2681,#2682);
#2681 = CARTESIAN_POINT('',(6.28318530718,5.545246459069));
#2682 = VECTOR('',#2683,1.);
#2683 = DIRECTION('',(-1.,0.));
#2684 = ( GEOMETRIC_REPRESENTATION_CONTEXT(2) 
PARAMETRIC_REPRESENTATION_CONTEXT() REPRESENTATION_CONTEXT('2D SPACE',''
  ) );
#2685 = ORIENTED_EDGE('',*,*,#2552,.F.);
#2686 = ORIENTED_EDGE('',*,*,#2687,.F.);
#2687 = EDGE_CURVE('',#2688,#2553,#2690,.T.);
#2688 = VERTEX_POINT('',#2689);
#2689 = CARTESIAN_POINT('',(-0.225,0.1,-1.836266592845));
#2690 = SURFACE_CURVE('',#2691,(#2695,#2702),.PCURVE_S1.);
#2691 = LINE('',#2692,#2693);
#2692 = CARTESIAN_POINT('',(-0.225,0.1,0.));
#2693 = VECTOR('',#2694,1.);
#2694 = DIRECTION('',(0.,0.,-1.));
#2695 = PCURVE('',#2569,#2696);
#2696 = DEFINITIONAL_REPRESENTATION('',(#2697),#2701);
#2697 = LINE('',#2698,#2699);
#2698 = CARTESIAN_POINT('',(0.,-0.225));
#2699 = VECTOR('',#2700,1.);
#2700 = DIRECTION('',(-1.,0.));
#2701 = ( GEOMETRIC_REPRESENTATION_CONTEXT(2) 
PARAMETRIC_REPRESENTATION_CONTEXT() REPRESENTATION_CONTEXT('2D SPACE',''
  ) );
#2702 = PCURVE('',#2405,#2703);
#2703 = DEFINITIONAL_REPRESENTATION('',(#2704),#2708);
#2704 = LINE('',#2705,#2706);
#2705 = CARTESIAN_POINT('',(15.,-0.7));
#2706 = VECTOR('',#2707,1.);
#2707 = DIRECTION('',(1.,0.));
#2708 = ( GEOMETRIC_REPRESENTATION_CONTEXT(2) 
PARAMETRIC_REPRESENTATION_CONTEXT() REPRESENTATION_CONTEXT('2D SPACE',''
  ) );
#2709 = ORIENTED_EDGE('',*,*,#2710,.T.);
#2710 = EDGE_CURVE('',#2688,#2609,#2711,.T.);
#2711 = SURFACE_CURVE('',#2712,(#2717,#2724),.PCURVE_S1.);
#2712 = CIRCLE('',#2713,1.85);
#2713 = AXIS2_PLACEMENT_3D('',#2714,#2715,#2716);
#2714 = CARTESIAN_POINT('',(0.,0.1,0.));
#2715 = DIRECTION('',(0.,1.,0.));
#2716 = DIRECTION('',(0.,-0.,1.));
#2717 = PCURVE('',#2569,#2718);
#2718 = DEFINITIONAL_REPRESENTATION('',(#2719),#2723);
#2719 = CIRCLE('',#2720,1.85);
#2720 = AXIS2_PLACEMENT_2D('',#2721,#2722);
#2721 = CARTESIAN_POINT('',(0.,0.));
#2722 = DIRECTION('',(1.,0.));
#2723 = ( GEOMETRIC_REPRESENTATION_CONTEXT(2) 
PARAMETRIC_REPRESENTATION_CONTEXT() REPRESENTATION_CONTEXT('2D SPACE',''
  ) );
#2724 = PCURVE('',#2725,#2730);
#2725 = CYLINDRICAL_SURFACE('',#2726,1.85);
#2726 = AXIS2_PLACEMENT_3D('',#2727,#2728,#2729);
#2727 = CARTESIAN_POINT('',(0.,0.1,0.));
#2728 = DIRECTION('',(0.,-1.,0.));
#2729 = DIRECTION('',(0.,0.,-1.));
#2730 = DEFINITIONAL_REPRESENTATION('',(#2731),#2735);
#2731 = LINE('',#2732,#2733);
#2732 = CARTESIAN_POINT('',(9.424777960769,0.));
#2733 = VECTOR('',#2734,1.);
#2734 = DIRECTION('',(-1.,0.));
#2735 = ( GEOMETRIC_REPRESENTATION_CONTEXT(2) 
PARAMETRIC_REPRESENTATION_CONTEXT() REPRESENTATION_CONTEXT('2D SPACE',''
  ) );
#2736 = ADVANCED_FACE('',(#2737),#2725,.T.);
#2737 = FACE_BOUND('',#2738,.T.);
#2738 = EDGE_LOOP('',(#2739,#2762,#2763,#2786));
#2739 = ORIENTED_EDGE('',*,*,#2740,.F.);
#2740 = EDGE_CURVE('',#2609,#2741,#2743,.T.);
#2741 = VERTEX_POINT('',#2742);
#2742 = CARTESIAN_POINT('',(-0.225,0.,1.836266592845));
#2743 = SURFACE_CURVE('',#2744,(#2748,#2755),.PCURVE_S1.);
#2744 = LINE('',#2745,#2746);
#2745 = CARTESIAN_POINT('',(-0.225,0.1,1.836266592845));
#2746 = VECTOR('',#2747,1.);
#2747 = DIRECTION('',(0.,-1.,0.));
#2748 = PCURVE('',#2725,#2749);
#2749 = DEFINITIONAL_REPRESENTATION('',(#2750),#2754);
#2750 = LINE('',#2751,#2752);
#2751 = CARTESIAN_POINT('',(3.26351612292,0.));
#2752 = VECTOR('',#2753,1.);
#2753 = DIRECTION('',(0.,1.));
#2754 = ( GEOMETRIC_REPRESENTATION_CONTEXT(2) 
PARAMETRIC_REPRESENTATION_CONTEXT() REPRESENTATION_CONTEXT('2D SPACE',''
  ) );
#2755 = PCURVE('',#2405,#2756);
#2756 = DEFINITIONAL_REPRESENTATION('',(#2757),#2761);
#2757 = LINE('',#2758,#2759);
#2758 = CARTESIAN_POINT('',(13.163733407155,-0.7));
#2759 = VECTOR('',#2760,1.);
#2760 = DIRECTION('',(0.,-1.));
#2761 = ( GEOMETRIC_REPRESENTATION_CONTEXT(2) 
PARAMETRIC_REPRESENTATION_CONTEXT() REPRESENTATION_CONTEXT('2D SPACE',''
  ) );
#2762 = ORIENTED_EDGE('',*,*,#2710,.F.);
#2763 = ORIENTED_EDGE('',*,*,#2764,.F.);
#2764 = EDGE_CURVE('',#2765,#2688,#2767,.T.);
#2765 = VERTEX_POINT('',#2766);
#2766 = CARTESIAN_POINT('',(-0.225,0.,-1.836266592845));
#2767 = SURFACE_CURVE('',#2768,(#2772,#2779),.PCURVE_S1.);
#2768 = LINE('',#2769,#2770);
#2769 = CARTESIAN_POINT('',(-0.225,0.1,-1.836266592845));
#2770 = VECTOR('',#2771,1.);
#2771 = DIRECTION('',(-0.,1.,-0.));
#2772 = PCURVE('',#2725,#2773);
#2773 = DEFINITIONAL_REPRESENTATION('',(#2774),#2778);
#2774 = LINE('',#2775,#2776);
#2775 = CARTESIAN_POINT('',(6.161261837849,0.));
#2776 = VECTOR('',#2777,1.);
#2777 = DIRECTION('',(0.,-1.));
#2778 = ( GEOMETRIC_REPRESENTATION_CONTEXT(2) 
PARAMETRIC_REPRESENTATION_CONTEXT() REPRESENTATION_CONTEXT('2D SPACE',''
  ) );
#2779 = PCURVE('',#2405,#2780);
#2780 = DEFINITIONAL_REPRESENTATION('',(#2781),#2785);
#2781 = LINE('',#2782,#2783);
#2782 = CARTESIAN_POINT('',(16.836266592845,-0.7));
#2783 = VECTOR('',#2784,1.);
#2784 = DIRECTION('',(0.,1.));
#2785 = ( GEOMETRIC_REPRESENTATION_CONTEXT(2) 
PARAMETRIC_REPRESENTATION_CONTEXT() REPRESENTATION_CONTEXT('2D SPACE',''
  ) );
#2786 = ORIENTED_EDGE('',*,*,#2787,.T.);
#2787 = EDGE_CURVE('',#2765,#2741,#2788,.T.);
#2788 = SURFACE_CURVE('',#2789,(#2794,#2801),.PCURVE_S1.);
#2789 = CIRCLE('',#2790,1.85);
#2790 = AXIS2_PLACEMENT_3D('',#2791,#2792,#2793);
#2791 = CARTESIAN_POINT('',(0.,0.,0.));
#2792 = DIRECTION('',(0.,1.,0.));
#2793 = DIRECTION('',(0.,-0.,1.));
#2794 = PCURVE('',#2725,#2795);
#2795 = DEFINITIONAL_REPRESENTATION('',(#2796),#2800);
#2796 = LINE('',#2797,#2798);
#2797 = CARTESIAN_POINT('',(9.424777960769,0.1));
#2798 = VECTOR('',#2799,1.);
#2799 = DIRECTION('',(-1.,0.));
#2800 = ( GEOMETRIC_REPRESENTATION_CONTEXT(2) 
PARAMETRIC_REPRESENTATION_CONTEXT() REPRESENTATION_CONTEXT('2D SPACE',''
  ) );
#2801 = PCURVE('',#2802,#2807);
#2802 = PLANE('',#2803);
#2803 = AXIS2_PLACEMENT_3D('',#2804,#2805,#2806);
#2804 = CARTESIAN_POINT('',(0.,0.,0.));
#2805 = DIRECTION('',(0.,1.,0.));
#2806 = DIRECTION('',(0.,-0.,1.));
#2807 = DEFINITIONAL_REPRESENTATION('',(#2808),#2812);
#2808 = CIRCLE('',#2809,1.85);
#2809 = AXIS2_PLACEMENT_2D('',#2810,#2811);
#2810 = CARTESIAN_POINT('',(0.,0.));
#2811 = DIRECTION('',(1.,0.));
#2812 = ( GEOMETRIC_REPRESENTATION_CONTEXT(2) 
PARAMETRIC_REPRESENTATION_CONTEXT() REPRESENTATION_CONTEXT('2D SPACE',''
  ) );
#2813 = ADVANCED_FACE('',(#2814),#2802,.F.);
#2814 = FACE_BOUND('',#2815,.T.);
#2815 = EDGE_LOOP('',(#2816,#2837));
#2816 = ORIENTED_EDGE('',*,*,#2817,.F.);
#2817 = EDGE_CURVE('',#2741,#2765,#2818,.T.);
#2818 = SURFACE_CURVE('',#2819,(#2823,#2830),.PCURVE_S1.);
#2819 = LINE('',#2820,#2821);
#2820 = CARTESIAN_POINT('',(-0.225,0.,0.));
#2821 = VECTOR('',#2822,1.);
#2822 = DIRECTION('',(0.,0.,-1.));
#2823 = PCURVE('',#2802,#2824);
#2824 = DEFINITIONAL_REPRESENTATION('',(#2825),#2829);
#2825 = LINE('',#2826,#2827);
#2826 = CARTESIAN_POINT('',(0.,-0.225));
#2827 = VECTOR('',#2828,1.);
#2828 = DIRECTION('',(-1.,0.));
#2829 = ( GEOMETRIC_REPRESENTATION_CONTEXT(2) 
PARAMETRIC_REPRESENTATION_CONTEXT() REPRESENTATION_CONTEXT('2D SPACE',''
  ) );
#2830 = PCURVE('',#2405,#2831);
#2831 = DEFINITIONAL_REPRESENTATION('',(#2832),#2836);
#2832 = LINE('',#2833,#2834);
#2833 = CARTESIAN_POINT('',(15.,-0.8));
#2834 = VECTOR('',#2835,1.);
#2835 = DIRECTION('',(1.,0.));
#2836 = ( GEOMETRIC_REPRESENTATION_CONTEXT(2) 
PARAMETRIC_REPRESENTATION_CONTEXT() REPRESENTATION_CONTEXT('2D SPACE',''
  ) );
#2837 = ORIENTED_EDGE('',*,*,#2787,.F.);
#2838 = ADVANCED_FACE('',(#2839),#2648,.F.);
#2839 = FACE_BOUND('',#2840,.F.);
#2840 = EDGE_LOOP('',(#2841,#2864,#2893,#2914));
#2841 = ORIENTED_EDGE('',*,*,#2842,.F.);
#2842 = EDGE_CURVE('',#2843,#2632,#2845,.T.);
#2843 = VERTEX_POINT('',#2844);
#2844 = CARTESIAN_POINT('',(-2.1905,0.,0.514013375312));
#2845 = SURFACE_CURVE('',#2846,(#2850,#2857),.PCURVE_S1.);
#2846 = LINE('',#2847,#2848);
#2847 = CARTESIAN_POINT('',(-2.1905,5.E-02,0.514013375312));
#2848 = VECTOR('',#2849,1.);
#2849 = DIRECTION('',(-0.,1.,-0.));
#2850 = PCURVE('',#2648,#2851);
#2851 = DEFINITIONAL_REPRESENTATION('',(#2852),#2856);
#2852 = LINE('',#2853,#2854);
#2853 = CARTESIAN_POINT('',(4.481903298223,5.E-02));
#2854 = VECTOR('',#2855,1.);
#2855 = DIRECTION('',(0.,-1.));
#2856 = ( GEOMETRIC_REPRESENTATION_CONTEXT(2) 
PARAMETRIC_REPRESENTATION_CONTEXT() REPRESENTATION_CONTEXT('2D SPACE',''
  ) );
#2857 = PCURVE('',#2115,#2858);
#2858 = DEFINITIONAL_REPRESENTATION('',(#2859),#2863);
#2859 = LINE('',#2860,#2861);
#2860 = CARTESIAN_POINT('',(0.541980102032,5.495246459069));
#2861 = VECTOR('',#2862,1.);
#2862 = DIRECTION('',(0.,1.));
#2863 = ( GEOMETRIC_REPRESENTATION_CONTEXT(2) 
PARAMETRIC_REPRESENTATION_CONTEXT() REPRESENTATION_CONTEXT('2D SPACE',''
  ) );
#2864 = ORIENTED_EDGE('',*,*,#2865,.T.);
#2865 = EDGE_CURVE('',#2843,#2866,#2868,.T.);
#2866 = VERTEX_POINT('',#2867);
#2867 = CARTESIAN_POINT('',(-0.225,0.,2.23872173349));
#2868 = SURFACE_CURVE('',#2869,(#2874,#2881),.PCURVE_S1.);
#2869 = CIRCLE('',#2870,2.25);
#2870 = AXIS2_PLACEMENT_3D('',#2871,#2872,#2873);
#2871 = CARTESIAN_POINT('',(0.,0.,0.));
#2872 = DIRECTION('',(0.,1.,0.));
#2873 = DIRECTION('',(0.,-0.,1.));
#2874 = PCURVE('',#2648,#2875);
#2875 = DEFINITIONAL_REPRESENTATION('',(#2876),#2880);
#2876 = LINE('',#2877,#2878);
#2877 = CARTESIAN_POINT('',(9.424777960769,0.1));
#2878 = VECTOR('',#2879,1.);
#2879 = DIRECTION('',(-1.,0.));
#2880 = ( GEOMETRIC_REPRESENTATION_CONTEXT(2) 
PARAMETRIC_REPRESENTATION_CONTEXT() REPRESENTATION_CONTEXT('2D SPACE',''
  ) );
#2881 = PCURVE('',#2882,#2887);
#2882 = PLANE('',#2883);
#2883 = AXIS2_PLACEMENT_3D('',#2884,#2885,#2886);
#2884 = CARTESIAN_POINT('',(0.,0.,0.));
#2885 = DIRECTION('',(0.,1.,0.));
#2886 = DIRECTION('',(0.,-0.,1.));
#2887 = DEFINITIONAL_REPRESENTATION('',(#2888),#2892);
#2888 = CIRCLE('',#2889,2.25);
#2889 = AXIS2_PLACEMENT_2D('',#2890,#2891);
#2890 = CARTESIAN_POINT('',(0.,0.));
#2891 = DIRECTION('',(1.,0.));
#2892 = ( GEOMETRIC_REPRESENTATION_CONTEXT(2) 
PARAMETRIC_REPRESENTATION_CONTEXT() REPRESENTATION_CONTEXT('2D SPACE',''
  ) );
#2893 = ORIENTED_EDGE('',*,*,#2894,.F.);
#2894 = EDGE_CURVE('',#2607,#2866,#2895,.T.);
#2895 = SURFACE_CURVE('',#2896,(#2900,#2907),.PCURVE_S1.);
#2896 = LINE('',#2897,#2898);
#2897 = CARTESIAN_POINT('',(-0.225,0.1,2.23872173349));
#2898 = VECTOR('',#2899,1.);
#2899 = DIRECTION('',(0.,-1.,0.));
#2900 = PCURVE('',#2648,#2901);
#2901 = DEFINITIONAL_REPRESENTATION('',(#2902),#2906);
#2902 = LINE('',#2903,#2904);
#2903 = CARTESIAN_POINT('',(3.241760074751,0.));
#2904 = VECTOR('',#2905,1.);
#2905 = DIRECTION('',(0.,1.));
#2906 = ( GEOMETRIC_REPRESENTATION_CONTEXT(2) 
PARAMETRIC_REPRESENTATION_CONTEXT() REPRESENTATION_CONTEXT('2D SPACE',''
  ) );
#2907 = PCURVE('',#2405,#2908);
#2908 = DEFINITIONAL_REPRESENTATION('',(#2909),#2913);
#2909 = LINE('',#2910,#2911);
#2910 = CARTESIAN_POINT('',(12.76127826651,-0.7));
#2911 = VECTOR('',#2912,1.);
#2912 = DIRECTION('',(0.,-1.));
#2913 = ( GEOMETRIC_REPRESENTATION_CONTEXT(2) 
PARAMETRIC_REPRESENTATION_CONTEXT() REPRESENTATION_CONTEXT('2D SPACE',''
  ) );
#2914 = ORIENTED_EDGE('',*,*,#2631,.F.);
#2915 = ADVANCED_FACE('',(#2916),#2882,.F.);
#2916 = FACE_BOUND('',#2917,.T.);
#2917 = EDGE_LOOP('',(#2918,#2941,#2964,#2990));
#2918 = ORIENTED_EDGE('',*,*,#2919,.T.);
#2919 = EDGE_CURVE('',#2866,#2920,#2922,.T.);
#2920 = VERTEX_POINT('',#2921);
#2921 = CARTESIAN_POINT('',(-0.225,0.,2.489854413415));
#2922 = SURFACE_CURVE('',#2923,(#2927,#2934),.PCURVE_S1.);
#2923 = LINE('',#2924,#2925);
#2924 = CARTESIAN_POINT('',(-0.225,0.,15.));
#2925 = VECTOR('',#2926,1.);
#2926 = DIRECTION('',(-0.,-0.,1.));
#2927 = PCURVE('',#2882,#2928);
#2928 = DEFINITIONAL_REPRESENTATION('',(#2929),#2933);
#2929 = LINE('',#2930,#2931);
#2930 = CARTESIAN_POINT('',(15.,-0.225));
#2931 = VECTOR('',#2932,1.);
#2932 = DIRECTION('',(1.,-0.));
#2933 = ( GEOMETRIC_REPRESENTATION_CONTEXT(2) 
PARAMETRIC_REPRESENTATION_CONTEXT() REPRESENTATION_CONTEXT('2D SPACE',''
  ) );
#2934 = PCURVE('',#2405,#2935);
#2935 = DEFINITIONAL_REPRESENTATION('',(#2936),#2940);
#2936 = LINE('',#2937,#2938);
#2937 = CARTESIAN_POINT('',(0.,-0.8));
#2938 = VECTOR('',#2939,1.);
#2939 = DIRECTION('',(-1.,0.));
#2940 = ( GEOMETRIC_REPRESENTATION_CONTEXT(2) 
PARAMETRIC_REPRESENTATION_CONTEXT() REPRESENTATION_CONTEXT('2D SPACE',''
  ) );
#2941 = ORIENTED_EDGE('',*,*,#2942,.F.);
#2942 = EDGE_CURVE('',#2943,#2920,#2945,.T.);
#2943 = VERTEX_POINT('',#2944);
#2944 = CARTESIAN_POINT('',(-2.428,0.,0.595664335008));
#2945 = SURFACE_CURVE('',#2946,(#2951,#2958),.PCURVE_S1.);
#2946 = CIRCLE('',#2947,2.5);
#2947 = AXIS2_PLACEMENT_3D('',#2948,#2949,#2950);
#2948 = CARTESIAN_POINT('',(0.,0.,0.));
#2949 = DIRECTION('',(0.,1.,0.));
#2950 = DIRECTION('',(0.,-0.,1.));
#2951 = PCURVE('',#2882,#2952);
#2952 = DEFINITIONAL_REPRESENTATION('',(#2953),#2957);
#2953 = CIRCLE('',#2954,2.5);
#2954 = AXIS2_PLACEMENT_2D('',#2955,#2956);
#2955 = CARTESIAN_POINT('',(0.,0.));
#2956 = DIRECTION('',(1.,0.));
#2957 = ( GEOMETRIC_REPRESENTATION_CONTEXT(2) 
PARAMETRIC_REPRESENTATION_CONTEXT() REPRESENTATION_CONTEXT('2D SPACE',''
  ) );
#2958 = PCURVE('',#2148,#2959);
#2959 = DEFINITIONAL_REPRESENTATION('',(#2960),#2963);
#2960 = B_SPLINE_CURVE_WITH_KNOTS('',1,(#2961,#2962),.UNSPECIFIED.,.F.,
  .F.,(2,2),(4.952968745174,6.193063362165),.PIECEWISE_BEZIER_KNOTS.);
#2961 = CARTESIAN_POINT('',(4.952968745174,5.445246459069));
#2962 = CARTESIAN_POINT('',(6.193063362165,5.445246459069));
#2963 = ( GEOMETRIC_REPRESENTATION_CONTEXT(2) 
PARAMETRIC_REPRESENTATION_CONTEXT() REPRESENTATION_CONTEXT('2D SPACE',''
  ) );
#2964 = ORIENTED_EDGE('',*,*,#2965,.F.);
#2965 = EDGE_CURVE('',#2843,#2943,#2966,.T.);
#2966 = SURFACE_CURVE('',#2967,(#2972,#2983),.PCURVE_S1.);
#2967 = CIRCLE('',#2968,0.6);
#2968 = AXIS2_PLACEMENT_3D('',#2969,#2970,#2971);
#2969 = CARTESIAN_POINT('',(-2.5,0.,-9.184850993605E-17));
#2970 = DIRECTION('',(-0.,-1.,0.));
#2971 = DIRECTION('',(-3.614007241618E-15,0.,1.));
#2972 = PCURVE('',#2882,#2973);
#2973 = DEFINITIONAL_REPRESENTATION('',(#2974),#2982);
#2974 = ( BOUNDED_CURVE() B_SPLINE_CURVE(2,(#2975,#2976,#2977,#2978,
#2979,#2980,#2981),.UNSPECIFIED.,.T.,.F.) B_SPLINE_CURVE_WITH_KNOTS((1,2
    ,2,2,2,1),(-2.094395102393,0.,2.094395102393,4.188790204786,
6.28318530718,8.377580409573),.UNSPECIFIED.) CURVE() 
GEOMETRIC_REPRESENTATION_ITEM() RATIONAL_B_SPLINE_CURVE((1.,0.5,1.,0.5,
1.,0.5,1.)) REPRESENTATION_ITEM('') );
#2975 = CARTESIAN_POINT('',(0.6,-2.5));
#2976 = CARTESIAN_POINT('',(0.6,-3.539230484541));
#2977 = CARTESIAN_POINT('',(-0.3,-3.019615242271));
#2978 = CARTESIAN_POINT('',(-1.2,-2.5));
#2979 = CARTESIAN_POINT('',(-0.3,-1.980384757729));
#2980 = CARTESIAN_POINT('',(0.6,-1.460769515459));
#2981 = CARTESIAN_POINT('',(0.6,-2.5));
#2982 = ( GEOMETRIC_REPRESENTATION_CONTEXT(2) 
PARAMETRIC_REPRESENTATION_CONTEXT() REPRESENTATION_CONTEXT('2D SPACE',''
  ) );
#2983 = PCURVE('',#2115,#2984);
#2984 = DEFINITIONAL_REPRESENTATION('',(#2985),#2989);
#2985 = LINE('',#2986,#2987);
#2986 = CARTESIAN_POINT('',(6.28318530718,5.445246459069));
#2987 = VECTOR('',#2988,1.);
#2988 = DIRECTION('',(-1.,0.));
#2989 = ( GEOMETRIC_REPRESENTATION_CONTEXT(2) 
PARAMETRIC_REPRESENTATION_CONTEXT() REPRESENTATION_CONTEXT('2D SPACE',''
  ) );
#2990 = ORIENTED_EDGE('',*,*,#2865,.T.);
#2991 = ADVANCED_FACE('',(#2992),#2405,.T.);
#2992 = FACE_BOUND('',#2993,.T.);
#2993 = EDGE_LOOP('',(#2994,#3016,#3017,#3018,#3019,#3020,#3021,#3022,
    #3023,#3024,#3025,#3026));
#2994 = ORIENTED_EDGE('',*,*,#2995,.T.);
#2995 = EDGE_CURVE('',#2996,#2920,#2998,.T.);
#2996 = VERTEX_POINT('',#2997);
#2997 = CARTESIAN_POINT('',(-0.225,0.8,2.489854413415));
#2998 = SURFACE_CURVE('',#2999,(#3003,#3010),.PCURVE_S1.);
#2999 = LINE('',#3000,#3001);
#3000 = CARTESIAN_POINT('',(-0.225,-5.445246459069,2.489854413415));
#3001 = VECTOR('',#3002,1.);
#3002 = DIRECTION('',(0.,-1.,0.));
#3003 = PCURVE('',#2405,#3004);
#3004 = DEFINITIONAL_REPRESENTATION('',(#3005),#3009);
#3005 = LINE('',#3006,#3007);
#3006 = CARTESIAN_POINT('',(12.510145586585,-6.245246459069));
#3007 = VECTOR('',#3008,1.);
#3008 = DIRECTION('',(0.,-1.));
#3009 = ( GEOMETRIC_REPRESENTATION_CONTEXT(2) 
PARAMETRIC_REPRESENTATION_CONTEXT() REPRESENTATION_CONTEXT('2D SPACE',''
  ) );
#3010 = PCURVE('',#2148,#3011);
#3011 = DEFINITIONAL_REPRESENTATION('',(#3012),#3015);
#3012 = B_SPLINE_CURVE_WITH_KNOTS('',1,(#3013,#3014),.UNSPECIFIED.,.F.,
  .F.,(2,2),(-6.245246459069,-5.445246459069),.PIECEWISE_BEZIER_KNOTS.);
#3013 = CARTESIAN_POINT('',(6.193063362165,6.245246459069));
#3014 = CARTESIAN_POINT('',(6.193063362165,5.445246459069));
#3015 = ( GEOMETRIC_REPRESENTATION_CONTEXT(2) 
PARAMETRIC_REPRESENTATION_CONTEXT() REPRESENTATION_CONTEXT('2D SPACE',''
  ) );
#3016 = ORIENTED_EDGE('',*,*,#2919,.F.);
#3017 = ORIENTED_EDGE('',*,*,#2894,.F.);
#3018 = ORIENTED_EDGE('',*,*,#2606,.T.);
#3019 = ORIENTED_EDGE('',*,*,#2740,.T.);
#3020 = ORIENTED_EDGE('',*,*,#2817,.T.);
#3021 = ORIENTED_EDGE('',*,*,#2764,.T.);
#3022 = ORIENTED_EDGE('',*,*,#2687,.T.);
#3023 = ORIENTED_EDGE('',*,*,#2581,.F.);
#3024 = ORIENTED_EDGE('',*,*,#2447,.F.);
#3025 = ORIENTED_EDGE('',*,*,#2389,.T.);
#3026 = ORIENTED_EDGE('',*,*,#3027,.T.);
#3027 = EDGE_CURVE('',#2361,#2996,#3028,.T.);
#3028 = SURFACE_CURVE('',#3029,(#3033,#3040),.PCURVE_S1.);
#3029 = LINE('',#3030,#3031);
#3030 = CARTESIAN_POINT('',(-0.225,0.8,15.));
#3031 = VECTOR('',#3032,1.);
#3032 = DIRECTION('',(-0.,-0.,1.));
#3033 = PCURVE('',#2405,#3034);
#3034 = DEFINITIONAL_REPRESENTATION('',(#3035),#3039);
#3035 = LINE('',#3036,#3037);
#3036 = CARTESIAN_POINT('',(0.,0.));
#3037 = VECTOR('',#3038,1.);
#3038 = DIRECTION('',(-1.,0.));
#3039 = ( GEOMETRIC_REPRESENTATION_CONTEXT(2) 
PARAMETRIC_REPRESENTATION_CONTEXT() REPRESENTATION_CONTEXT('2D SPACE',''
  ) );
#3040 = PCURVE('',#2377,#3041);
#3041 = DEFINITIONAL_REPRESENTATION('',(#3042),#3046);
#3042 = LINE('',#3043,#3044);
#3043 = CARTESIAN_POINT('',(-15.,-0.225));
#3044 = VECTOR('',#3045,1.);
#3045 = DIRECTION('',(-1.,0.));
#3046 = ( GEOMETRIC_REPRESENTATION_CONTEXT(2) 
PARAMETRIC_REPRESENTATION_CONTEXT() REPRESENTATION_CONTEXT('2D SPACE',''
  ) );
#3047 = ADVANCED_FACE('',(#3048),#2377,.T.);
#3048 = FACE_BOUND('',#3049,.T.);
#3049 = EDGE_LOOP('',(#3050,#3078,#3079,#3080));
#3050 = ORIENTED_EDGE('',*,*,#3051,.F.);
#3051 = EDGE_CURVE('',#2996,#3052,#3054,.T.);
#3052 = VERTEX_POINT('',#3053);
#3053 = CARTESIAN_POINT('',(0.225,0.8,2.489854413415));
#3054 = SURFACE_CURVE('',#3055,(#3060,#3071),.PCURVE_S1.);
#3055 = CIRCLE('',#3056,2.5);
#3056 = AXIS2_PLACEMENT_3D('',#3057,#3058,#3059);
#3057 = CARTESIAN_POINT('',(0.,0.8,0.));
#3058 = DIRECTION('',(0.,1.,-0.));
#3059 = DIRECTION('',(-9.E-02,0.,0.995941765366));
#3060 = PCURVE('',#2377,#3061);
#3061 = DEFINITIONAL_REPRESENTATION('',(#3062),#3070);
#3062 = ( BOUNDED_CURVE() B_SPLINE_CURVE(2,(#3063,#3064,#3065,#3066,
#3067,#3068,#3069),.UNSPECIFIED.,.T.,.F.) B_SPLINE_CURVE_WITH_KNOTS((1,2
    ,2,2,2,1),(-2.094395102393,0.,2.094395102393,4.188790204786,
6.28318530718,8.377580409573),.UNSPECIFIED.) CURVE() 
GEOMETRIC_REPRESENTATION_ITEM() RATIONAL_B_SPLINE_CURVE((1.,0.5,1.,0.5,
1.,0.5,1.)) REPRESENTATION_ITEM('') );
#3063 = CARTESIAN_POINT('',(-2.489854413415,-0.225));
#3064 = CARTESIAN_POINT('',(-2.879565845118,4.087554347484));
#3065 = CARTESIAN_POINT('',(1.050071490856,2.268777173742));
#3066 = CARTESIAN_POINT('',(4.979708826829,0.45));
#3067 = CARTESIAN_POINT('',(1.439782922559,-2.043777173742));
#3068 = CARTESIAN_POINT('',(-2.100142981712,-4.537554347484));
#3069 = CARTESIAN_POINT('',(-2.489854413415,-0.225));
#3070 = ( GEOMETRIC_REPRESENTATION_CONTEXT(2) 
PARAMETRIC_REPRESENTATION_CONTEXT() REPRESENTATION_CONTEXT('2D SPACE',''
  ) );
#3071 = PCURVE('',#2148,#3072);
#3072 = DEFINITIONAL_REPRESENTATION('',(#3073),#3077);
#3073 = LINE('',#3074,#3075);
#3074 = CARTESIAN_POINT('',(6.193063362165,6.245246459069));
#3075 = VECTOR('',#3076,1.);
#3076 = DIRECTION('',(1.,-0.));
#3077 = ( GEOMETRIC_REPRESENTATION_CONTEXT(2) 
PARAMETRIC_REPRESENTATION_CONTEXT() REPRESENTATION_CONTEXT('2D SPACE',''
  ) );
#3078 = ORIENTED_EDGE('',*,*,#3027,.F.);
#3079 = ORIENTED_EDGE('',*,*,#2360,.T.);
#3080 = ORIENTED_EDGE('',*,*,#3081,.F.);
#3081 = EDGE_CURVE('',#3052,#2333,#3082,.T.);
#3082 = SURFACE_CURVE('',#3083,(#3087,#3094),.PCURVE_S1.);
#3083 = LINE('',#3084,#3085);
#3084 = CARTESIAN_POINT('',(0.225,0.8,15.));
#3085 = VECTOR('',#3086,1.);
#3086 = DIRECTION('',(0.,0.,-1.));
#3087 = PCURVE('',#2377,#3088);
#3088 = DEFINITIONAL_REPRESENTATION('',(#3089),#3093);
#3089 = LINE('',#3090,#3091);
#3090 = CARTESIAN_POINT('',(-15.,0.225));
#3091 = VECTOR('',#3092,1.);
#3092 = DIRECTION('',(1.,0.));
#3093 = ( GEOMETRIC_REPRESENTATION_CONTEXT(2) 
PARAMETRIC_REPRESENTATION_CONTEXT() REPRESENTATION_CONTEXT('2D SPACE',''
  ) );
#3094 = PCURVE('',#2348,#3095);
#3095 = DEFINITIONAL_REPRESENTATION('',(#3096),#3100);
#3096 = LINE('',#3097,#3098);
#3097 = CARTESIAN_POINT('',(0.,0.));
#3098 = VECTOR('',#3099,1.);
#3099 = DIRECTION('',(-1.,0.));
#3100 = ( GEOMETRIC_REPRESENTATION_CONTEXT(2) 
PARAMETRIC_REPRESENTATION_CONTEXT() REPRESENTATION_CONTEXT('2D SPACE',''
  ) );
#3101 = ADVANCED_FACE('',(#3102),#2348,.T.);
#3102 = FACE_BOUND('',#3103,.T.);
#3103 = EDGE_LOOP('',(#3104,#3126,#3127,#3128,#3151,#3179,#3207,#3235,
    #3263,#3286,#3309,#3337));
#3104 = ORIENTED_EDGE('',*,*,#3105,.T.);
#3105 = EDGE_CURVE('',#3106,#3052,#3108,.T.);
#3106 = VERTEX_POINT('',#3107);
#3107 = CARTESIAN_POINT('',(0.225,0.,2.489854413415));
#3108 = SURFACE_CURVE('',#3109,(#3113,#3120),.PCURVE_S1.);
#3109 = LINE('',#3110,#3111);
#3110 = CARTESIAN_POINT('',(0.225,-5.445246459069,2.489854413415));
#3111 = VECTOR('',#3112,1.);
#3112 = DIRECTION('',(-0.,1.,-0.));
#3113 = PCURVE('',#2348,#3114);
#3114 = DEFINITIONAL_REPRESENTATION('',(#3115),#3119);
#3115 = LINE('',#3116,#3117);
#3116 = CARTESIAN_POINT('',(-12.51014558658,-6.245246459069));
#3117 = VECTOR('',#3118,1.);
#3118 = DIRECTION('',(0.,1.));
#3119 = ( GEOMETRIC_REPRESENTATION_CONTEXT(2) 
PARAMETRIC_REPRESENTATION_CONTEXT() REPRESENTATION_CONTEXT('2D SPACE',''
  ) );
#3120 = PCURVE('',#2148,#3121);
#3121 = DEFINITIONAL_REPRESENTATION('',(#3122),#3125);
#3122 = B_SPLINE_CURVE_WITH_KNOTS('',1,(#3123,#3124),.UNSPECIFIED.,.F.,
  .F.,(2,2),(5.445246459069,6.245246459069),.PIECEWISE_BEZIER_KNOTS.);
#3123 = CARTESIAN_POINT('',(6.373307252194,5.445246459069));
#3124 = CARTESIAN_POINT('',(6.373307252194,6.245246459069));
#3125 = ( GEOMETRIC_REPRESENTATION_CONTEXT(2) 
PARAMETRIC_REPRESENTATION_CONTEXT() REPRESENTATION_CONTEXT('2D SPACE',''
  ) );
#3126 = ORIENTED_EDGE('',*,*,#3081,.T.);
#3127 = ORIENTED_EDGE('',*,*,#2332,.T.);
#3128 = ORIENTED_EDGE('',*,*,#3129,.F.);
#3129 = EDGE_CURVE('',#3130,#2304,#3132,.T.);
#3130 = VERTEX_POINT('',#3131);
#3131 = CARTESIAN_POINT('',(0.225,0.,-2.23872173349));
#3132 = SURFACE_CURVE('',#3133,(#3137,#3144),.PCURVE_S1.);
#3133 = LINE('',#3134,#3135);
#3134 = CARTESIAN_POINT('',(0.225,0.,15.));
#3135 = VECTOR('',#3136,1.);
#3136 = DIRECTION('',(0.,0.,-1.));
#3137 = PCURVE('',#2348,#3138);
#3138 = DEFINITIONAL_REPRESENTATION('',(#3139),#3143);
#3139 = LINE('',#3140,#3141);
#3140 = CARTESIAN_POINT('',(0.,-0.8));
#3141 = VECTOR('',#3142,1.);
#3142 = DIRECTION('',(-1.,0.));
#3143 = ( GEOMETRIC_REPRESENTATION_CONTEXT(2) 
PARAMETRIC_REPRESENTATION_CONTEXT() REPRESENTATION_CONTEXT('2D SPACE',''
  ) );
#3144 = PCURVE('',#2320,#3145);
#3145 = DEFINITIONAL_REPRESENTATION('',(#3146),#3150);
#3146 = LINE('',#3147,#3148);
#3147 = CARTESIAN_POINT('',(15.,0.225));
#3148 = VECTOR('',#3149,1.);
#3149 = DIRECTION('',(-1.,0.));
#3150 = ( GEOMETRIC_REPRESENTATION_CONTEXT(2) 
PARAMETRIC_REPRESENTATION_CONTEXT() REPRESENTATION_CONTEXT('2D SPACE',''
  ) );
#3151 = ORIENTED_EDGE('',*,*,#3152,.F.);
#3152 = EDGE_CURVE('',#3153,#3130,#3155,.T.);
#3153 = VERTEX_POINT('',#3154);
#3154 = CARTESIAN_POINT('',(0.225,0.1,-2.23872173349));
#3155 = SURFACE_CURVE('',#3156,(#3160,#3167),.PCURVE_S1.);
#3156 = LINE('',#3157,#3158);
#3157 = CARTESIAN_POINT('',(0.225,0.1,-2.23872173349));
#3158 = VECTOR('',#3159,1.);
#3159 = DIRECTION('',(0.,-1.,0.));
#3160 = PCURVE('',#2348,#3161);
#3161 = DEFINITIONAL_REPRESENTATION('',(#3162),#3166);
#3162 = LINE('',#3163,#3164);
#3163 = CARTESIAN_POINT('',(-17.23872173349,-0.7));
#3164 = VECTOR('',#3165,1.);
#3165 = DIRECTION('',(0.,-1.));
#3166 = ( GEOMETRIC_REPRESENTATION_CONTEXT(2) 
PARAMETRIC_REPRESENTATION_CONTEXT() REPRESENTATION_CONTEXT('2D SPACE',''
  ) );
#3167 = PCURVE('',#3168,#3173);
#3168 = CYLINDRICAL_SURFACE('',#3169,2.25);
#3169 = AXIS2_PLACEMENT_3D('',#3170,#3171,#3172);
#3170 = CARTESIAN_POINT('',(0.,0.1,0.));
#3171 = DIRECTION('',(0.,-1.,0.));
#3172 = DIRECTION('',(0.,0.,-1.));
#3173 = DEFINITIONAL_REPRESENTATION('',(#3174),#3178);
#3174 = LINE('',#3175,#3176);
#3175 = CARTESIAN_POINT('',(0.100167421162,0.));
#3176 = VECTOR('',#3177,1.);
#3177 = DIRECTION('',(0.,1.));
#3178 = ( GEOMETRIC_REPRESENTATION_CONTEXT(2) 
PARAMETRIC_REPRESENTATION_CONTEXT() REPRESENTATION_CONTEXT('2D SPACE',''
  ) );
#3179 = ORIENTED_EDGE('',*,*,#3180,.T.);
#3180 = EDGE_CURVE('',#3153,#3181,#3183,.T.);
#3181 = VERTEX_POINT('',#3182);
#3182 = CARTESIAN_POINT('',(0.225,0.1,-1.836266592845));
#3183 = SURFACE_CURVE('',#3184,(#3188,#3195),.PCURVE_S1.);
#3184 = LINE('',#3185,#3186);
#3185 = CARTESIAN_POINT('',(0.225,0.1,0.));
#3186 = VECTOR('',#3187,1.);
#3187 = DIRECTION('',(0.,0.,1.));
#3188 = PCURVE('',#2348,#3189);
#3189 = DEFINITIONAL_REPRESENTATION('',(#3190),#3194);
#3190 = LINE('',#3191,#3192);
#3191 = CARTESIAN_POINT('',(-15.,-0.7));
#3192 = VECTOR('',#3193,1.);
#3193 = DIRECTION('',(1.,0.));
#3194 = ( GEOMETRIC_REPRESENTATION_CONTEXT(2) 
PARAMETRIC_REPRESENTATION_CONTEXT() REPRESENTATION_CONTEXT('2D SPACE',''
  ) );
#3195 = PCURVE('',#3196,#3201);
#3196 = PLANE('',#3197);
#3197 = AXIS2_PLACEMENT_3D('',#3198,#3199,#3200);
#3198 = CARTESIAN_POINT('',(0.,0.1,0.));
#3199 = DIRECTION('',(0.,1.,0.));
#3200 = DIRECTION('',(0.,-0.,1.));
#3201 = DEFINITIONAL_REPRESENTATION('',(#3202),#3206);
#3202 = LINE('',#3203,#3204);
#3203 = CARTESIAN_POINT('',(0.,0.225));
#3204 = VECTOR('',#3205,1.);
#3205 = DIRECTION('',(1.,0.));
#3206 = ( GEOMETRIC_REPRESENTATION_CONTEXT(2) 
PARAMETRIC_REPRESENTATION_CONTEXT() REPRESENTATION_CONTEXT('2D SPACE',''
  ) );
#3207 = ORIENTED_EDGE('',*,*,#3208,.T.);
#3208 = EDGE_CURVE('',#3181,#3209,#3211,.T.);
#3209 = VERTEX_POINT('',#3210);
#3210 = CARTESIAN_POINT('',(0.225,0.,-1.836266592845));
#3211 = SURFACE_CURVE('',#3212,(#3216,#3223),.PCURVE_S1.);
#3212 = LINE('',#3213,#3214);
#3213 = CARTESIAN_POINT('',(0.225,0.1,-1.836266592845));
#3214 = VECTOR('',#3215,1.);
#3215 = DIRECTION('',(0.,-1.,0.));
#3216 = PCURVE('',#2348,#3217);
#3217 = DEFINITIONAL_REPRESENTATION('',(#3218),#3222);
#3218 = LINE('',#3219,#3220);
#3219 = CARTESIAN_POINT('',(-16.83626659284,-0.7));
#3220 = VECTOR('',#3221,1.);
#3221 = DIRECTION('',(0.,-1.));
#3222 = ( GEOMETRIC_REPRESENTATION_CONTEXT(2) 
PARAMETRIC_REPRESENTATION_CONTEXT() REPRESENTATION_CONTEXT('2D SPACE',''
  ) );
#3223 = PCURVE('',#3224,#3229);
#3224 = CYLINDRICAL_SURFACE('',#3225,1.85);
#3225 = AXIS2_PLACEMENT_3D('',#3226,#3227,#3228);
#3226 = CARTESIAN_POINT('',(0.,0.1,0.));
#3227 = DIRECTION('',(0.,-1.,0.));
#3228 = DIRECTION('',(0.,0.,-1.));
#3229 = DEFINITIONAL_REPRESENTATION('',(#3230),#3234);
#3230 = LINE('',#3231,#3232);
#3231 = CARTESIAN_POINT('',(0.12192346933,0.));
#3232 = VECTOR('',#3233,1.);
#3233 = DIRECTION('',(0.,1.));
#3234 = ( GEOMETRIC_REPRESENTATION_CONTEXT(2) 
PARAMETRIC_REPRESENTATION_CONTEXT() REPRESENTATION_CONTEXT('2D SPACE',''
  ) );
#3235 = ORIENTED_EDGE('',*,*,#3236,.T.);
#3236 = EDGE_CURVE('',#3209,#3237,#3239,.T.);
#3237 = VERTEX_POINT('',#3238);
#3238 = CARTESIAN_POINT('',(0.225,0.,1.836266592845));
#3239 = SURFACE_CURVE('',#3240,(#3244,#3251),.PCURVE_S1.);
#3240 = LINE('',#3241,#3242);
#3241 = CARTESIAN_POINT('',(0.225,0.,0.));
#3242 = VECTOR('',#3243,1.);
#3243 = DIRECTION('',(0.,0.,1.));
#3244 = PCURVE('',#2348,#3245);
#3245 = DEFINITIONAL_REPRESENTATION('',(#3246),#3250);
#3246 = LINE('',#3247,#3248);
#3247 = CARTESIAN_POINT('',(-15.,-0.8));
#3248 = VECTOR('',#3249,1.);
#3249 = DIRECTION('',(1.,0.));
#3250 = ( GEOMETRIC_REPRESENTATION_CONTEXT(2) 
PARAMETRIC_REPRESENTATION_CONTEXT() REPRESENTATION_CONTEXT('2D SPACE',''
  ) );
#3251 = PCURVE('',#3252,#3257);
#3252 = PLANE('',#3253);
#3253 = AXIS2_PLACEMENT_3D('',#3254,#3255,#3256);
#3254 = CARTESIAN_POINT('',(0.,0.,0.));
#3255 = DIRECTION('',(0.,1.,0.));
#3256 = DIRECTION('',(0.,-0.,1.));
#3257 = DEFINITIONAL_REPRESENTATION('',(#3258),#3262);
#3258 = LINE('',#3259,#3260);
#3259 = CARTESIAN_POINT('',(0.,0.225));
#3260 = VECTOR('',#3261,1.);
#3261 = DIRECTION('',(1.,0.));
#3262 = ( GEOMETRIC_REPRESENTATION_CONTEXT(2) 
PARAMETRIC_REPRESENTATION_CONTEXT() REPRESENTATION_CONTEXT('2D SPACE',''
  ) );
#3263 = ORIENTED_EDGE('',*,*,#3264,.T.);
#3264 = EDGE_CURVE('',#3237,#3265,#3267,.T.);
#3265 = VERTEX_POINT('',#3266);
#3266 = CARTESIAN_POINT('',(0.225,0.1,1.836266592845));
#3267 = SURFACE_CURVE('',#3268,(#3272,#3279),.PCURVE_S1.);
#3268 = LINE('',#3269,#3270);
#3269 = CARTESIAN_POINT('',(0.225,0.1,1.836266592845));
#3270 = VECTOR('',#3271,1.);
#3271 = DIRECTION('',(-0.,1.,-0.));
#3272 = PCURVE('',#2348,#3273);
#3273 = DEFINITIONAL_REPRESENTATION('',(#3274),#3278);
#3274 = LINE('',#3275,#3276);
#3275 = CARTESIAN_POINT('',(-13.16373340715,-0.7));
#3276 = VECTOR('',#3277,1.);
#3277 = DIRECTION('',(0.,1.));
#3278 = ( GEOMETRIC_REPRESENTATION_CONTEXT(2) 
PARAMETRIC_REPRESENTATION_CONTEXT() REPRESENTATION_CONTEXT('2D SPACE',''
  ) );
#3279 = PCURVE('',#3224,#3280);
#3280 = DEFINITIONAL_REPRESENTATION('',(#3281),#3285);
#3281 = LINE('',#3282,#3283);
#3282 = CARTESIAN_POINT('',(3.01966918426,0.));
#3283 = VECTOR('',#3284,1.);
#3284 = DIRECTION('',(0.,-1.));
#3285 = ( GEOMETRIC_REPRESENTATION_CONTEXT(2) 
PARAMETRIC_REPRESENTATION_CONTEXT() REPRESENTATION_CONTEXT('2D SPACE',''
  ) );
#3286 = ORIENTED_EDGE('',*,*,#3287,.T.);
#3287 = EDGE_CURVE('',#3265,#3288,#3290,.T.);
#3288 = VERTEX_POINT('',#3289);
#3289 = CARTESIAN_POINT('',(0.225,0.1,2.23872173349));
#3290 = SURFACE_CURVE('',#3291,(#3295,#3302),.PCURVE_S1.);
#3291 = LINE('',#3292,#3293);
#3292 = CARTESIAN_POINT('',(0.225,0.1,0.));
#3293 = VECTOR('',#3294,1.);
#3294 = DIRECTION('',(0.,0.,1.));
#3295 = PCURVE('',#2348,#3296);
#3296 = DEFINITIONAL_REPRESENTATION('',(#3297),#3301);
#3297 = LINE('',#3298,#3299);
#3298 = CARTESIAN_POINT('',(-15.,-0.7));
#3299 = VECTOR('',#3300,1.);
#3300 = DIRECTION('',(1.,0.));
#3301 = ( GEOMETRIC_REPRESENTATION_CONTEXT(2) 
PARAMETRIC_REPRESENTATION_CONTEXT() REPRESENTATION_CONTEXT('2D SPACE',''
  ) );
#3302 = PCURVE('',#3196,#3303);
#3303 = DEFINITIONAL_REPRESENTATION('',(#3304),#3308);
#3304 = LINE('',#3305,#3306);
#3305 = CARTESIAN_POINT('',(0.,0.225));
#3306 = VECTOR('',#3307,1.);
#3307 = DIRECTION('',(1.,0.));
#3308 = ( GEOMETRIC_REPRESENTATION_CONTEXT(2) 
PARAMETRIC_REPRESENTATION_CONTEXT() REPRESENTATION_CONTEXT('2D SPACE',''
  ) );
#3309 = ORIENTED_EDGE('',*,*,#3310,.F.);
#3310 = EDGE_CURVE('',#3311,#3288,#3313,.T.);
#3311 = VERTEX_POINT('',#3312);
#3312 = CARTESIAN_POINT('',(0.225,0.,2.23872173349));
#3313 = SURFACE_CURVE('',#3314,(#3318,#3325),.PCURVE_S1.);
#3314 = LINE('',#3315,#3316);
#3315 = CARTESIAN_POINT('',(0.225,0.1,2.23872173349));
#3316 = VECTOR('',#3317,1.);
#3317 = DIRECTION('',(-0.,1.,-0.));
#3318 = PCURVE('',#2348,#3319);
#3319 = DEFINITIONAL_REPRESENTATION('',(#3320),#3324);
#3320 = LINE('',#3321,#3322);
#3321 = CARTESIAN_POINT('',(-12.76127826651,-0.7));
#3322 = VECTOR('',#3323,1.);
#3323 = DIRECTION('',(0.,1.));
#3324 = ( GEOMETRIC_REPRESENTATION_CONTEXT(2) 
PARAMETRIC_REPRESENTATION_CONTEXT() REPRESENTATION_CONTEXT('2D SPACE',''
  ) );
#3325 = PCURVE('',#3326,#3331);
#3326 = CYLINDRICAL_SURFACE('',#3327,2.25);
#3327 = AXIS2_PLACEMENT_3D('',#3328,#3329,#3330);
#3328 = CARTESIAN_POINT('',(0.,0.1,0.));
#3329 = DIRECTION('',(0.,-1.,0.));
#3330 = DIRECTION('',(0.,0.,-1.));
#3331 = DEFINITIONAL_REPRESENTATION('',(#3332),#3336);
#3332 = LINE('',#3333,#3334);
#3333 = CARTESIAN_POINT('',(3.041425232428,0.));
#3334 = VECTOR('',#3335,1.);
#3335 = DIRECTION('',(0.,-1.));
#3336 = ( GEOMETRIC_REPRESENTATION_CONTEXT(2) 
PARAMETRIC_REPRESENTATION_CONTEXT() REPRESENTATION_CONTEXT('2D SPACE',''
  ) );
#3337 = ORIENTED_EDGE('',*,*,#3338,.F.);
#3338 = EDGE_CURVE('',#3106,#3311,#3339,.T.);
#3339 = SURFACE_CURVE('',#3340,(#3344,#3351),.PCURVE_S1.);
#3340 = LINE('',#3341,#3342);
#3341 = CARTESIAN_POINT('',(0.225,0.,15.));
#3342 = VECTOR('',#3343,1.);
#3343 = DIRECTION('',(0.,0.,-1.));
#3344 = PCURVE('',#2348,#3345);
#3345 = DEFINITIONAL_REPRESENTATION('',(#3346),#3350);
#3346 = LINE('',#3347,#3348);
#3347 = CARTESIAN_POINT('',(0.,-0.8));
#3348 = VECTOR('',#3349,1.);
#3349 = DIRECTION('',(-1.,0.));
#3350 = ( GEOMETRIC_REPRESENTATION_CONTEXT(2) 
PARAMETRIC_REPRESENTATION_CONTEXT() REPRESENTATION_CONTEXT('2D SPACE',''
  ) );
#3351 = PCURVE('',#3352,#3357);
#3352 = PLANE('',#3353);
#3353 = AXIS2_PLACEMENT_3D('',#3354,#3355,#3356);
#3354 = CARTESIAN_POINT('',(0.,0.,0.));
#3355 = DIRECTION('',(0.,1.,0.));
#3356 = DIRECTION('',(0.,-0.,1.));
#3357 = DEFINITIONAL_REPRESENTATION('',(#3358),#3362);
#3358 = LINE('',#3359,#3360);
#3359 = CARTESIAN_POINT('',(15.,0.225));
#3360 = VECTOR('',#3361,1.);
#3361 = DIRECTION('',(-1.,0.));
#3362 = ( GEOMETRIC_REPRESENTATION_CONTEXT(2) 
PARAMETRIC_REPRESENTATION_CONTEXT() REPRESENTATION_CONTEXT('2D SPACE',''
  ) );
#3363 = ADVANCED_FACE('',(#3364),#3352,.F.);
#3364 = FACE_BOUND('',#3365,.T.);
#3365 = EDGE_LOOP('',(#3366,#3367,#3391,#3415));
#3366 = ORIENTED_EDGE('',*,*,#3338,.T.);
#3367 = ORIENTED_EDGE('',*,*,#3368,.T.);
#3368 = EDGE_CURVE('',#3311,#3369,#3371,.T.);
#3369 = VERTEX_POINT('',#3370);
#3370 = CARTESIAN_POINT('',(2.1905,0.,0.514013375312));
#3371 = SURFACE_CURVE('',#3372,(#3377,#3384),.PCURVE_S1.);
#3372 = CIRCLE('',#3373,2.25);
#3373 = AXIS2_PLACEMENT_3D('',#3374,#3375,#3376);
#3374 = CARTESIAN_POINT('',(0.,0.,0.));
#3375 = DIRECTION('',(0.,1.,0.));
#3376 = DIRECTION('',(0.,-0.,1.));
#3377 = PCURVE('',#3352,#3378);
#3378 = DEFINITIONAL_REPRESENTATION('',(#3379),#3383);
#3379 = CIRCLE('',#3380,2.25);
#3380 = AXIS2_PLACEMENT_2D('',#3381,#3382);
#3381 = CARTESIAN_POINT('',(0.,0.));
#3382 = DIRECTION('',(1.,0.));
#3383 = ( GEOMETRIC_REPRESENTATION_CONTEXT(2) 
PARAMETRIC_REPRESENTATION_CONTEXT() REPRESENTATION_CONTEXT('2D SPACE',''
  ) );
#3384 = PCURVE('',#3326,#3385);
#3385 = DEFINITIONAL_REPRESENTATION('',(#3386),#3390);
#3386 = LINE('',#3387,#3388);
#3387 = CARTESIAN_POINT('',(3.14159265359,0.1));
#3388 = VECTOR('',#3389,1.);
#3389 = DIRECTION('',(-1.,0.));
#3390 = ( GEOMETRIC_REPRESENTATION_CONTEXT(2) 
PARAMETRIC_REPRESENTATION_CONTEXT() REPRESENTATION_CONTEXT('2D SPACE',''
  ) );
#3391 = ORIENTED_EDGE('',*,*,#3392,.T.);
#3392 = EDGE_CURVE('',#3369,#3393,#3395,.T.);
#3393 = VERTEX_POINT('',#3394);
#3394 = CARTESIAN_POINT('',(2.428,0.,0.595664335008));
#3395 = SURFACE_CURVE('',#3396,(#3401,#3408),.PCURVE_S1.);
#3396 = CIRCLE('',#3397,0.6);
#3397 = AXIS2_PLACEMENT_3D('',#3398,#3399,#3400);
#3398 = CARTESIAN_POINT('',(2.5,0.,-9.184850993605E-17));
#3399 = DIRECTION('',(0.,1.,0.));
#3400 = DIRECTION('',(0.,-0.,1.));
#3401 = PCURVE('',#3352,#3402);
#3402 = DEFINITIONAL_REPRESENTATION('',(#3403),#3407);
#3403 = CIRCLE('',#3404,0.6);
#3404 = AXIS2_PLACEMENT_2D('',#3405,#3406);
#3405 = CARTESIAN_POINT('',(-9.184850993605E-17,2.5));
#3406 = DIRECTION('',(1.,0.));
#3407 = ( GEOMETRIC_REPRESENTATION_CONTEXT(2) 
PARAMETRIC_REPRESENTATION_CONTEXT() REPRESENTATION_CONTEXT('2D SPACE',''
  ) );
#3408 = PCURVE('',#2181,#3409);
#3409 = DEFINITIONAL_REPRESENTATION('',(#3410),#3414);
#3410 = LINE('',#3411,#3412);
#3411 = CARTESIAN_POINT('',(0.,5.445246459069));
#3412 = VECTOR('',#3413,1.);
#3413 = DIRECTION('',(1.,0.));
#3414 = ( GEOMETRIC_REPRESENTATION_CONTEXT(2) 
PARAMETRIC_REPRESENTATION_CONTEXT() REPRESENTATION_CONTEXT('2D SPACE',''
  ) );
#3415 = ORIENTED_EDGE('',*,*,#3416,.F.);
#3416 = EDGE_CURVE('',#3106,#3393,#3417,.T.);
#3417 = SURFACE_CURVE('',#3418,(#3423,#3430),.PCURVE_S1.);
#3418 = CIRCLE('',#3419,2.5);
#3419 = AXIS2_PLACEMENT_3D('',#3420,#3421,#3422);
#3420 = CARTESIAN_POINT('',(0.,0.,0.));
#3421 = DIRECTION('',(0.,1.,0.));
#3422 = DIRECTION('',(0.,-0.,1.));
#3423 = PCURVE('',#3352,#3424);
#3424 = DEFINITIONAL_REPRESENTATION('',(#3425),#3429);
#3425 = CIRCLE('',#3426,2.5);
#3426 = AXIS2_PLACEMENT_2D('',#3427,#3428);
#3427 = CARTESIAN_POINT('',(0.,0.));
#3428 = DIRECTION('',(1.,0.));
#3429 = ( GEOMETRIC_REPRESENTATION_CONTEXT(2) 
PARAMETRIC_REPRESENTATION_CONTEXT() REPRESENTATION_CONTEXT('2D SPACE',''
  ) );
#3430 = PCURVE('',#2148,#3431);
#3431 = DEFINITIONAL_REPRESENTATION('',(#3432),#3435);
#3432 = B_SPLINE_CURVE_WITH_KNOTS('',1,(#3433,#3434),.UNSPECIFIED.,.F.,
  .F.,(2,2),(9.01219450146E-02,1.330216562005),
  .PIECEWISE_BEZIER_KNOTS.);
#3433 = CARTESIAN_POINT('',(6.373307252194,5.445246459069));
#3434 = CARTESIAN_POINT('',(7.613401869185,5.445246459069));
#3435 = ( GEOMETRIC_REPRESENTATION_CONTEXT(2) 
PARAMETRIC_REPRESENTATION_CONTEXT() REPRESENTATION_CONTEXT('2D SPACE',''
  ) );
#3436 = ADVANCED_FACE('',(#3437),#3326,.F.);
#3437 = FACE_BOUND('',#3438,.F.);
#3438 = EDGE_LOOP('',(#3439,#3462,#3484,#3485));
#3439 = ORIENTED_EDGE('',*,*,#3440,.T.);
#3440 = EDGE_CURVE('',#3369,#3441,#3443,.T.);
#3441 = VERTEX_POINT('',#3442);
#3442 = CARTESIAN_POINT('',(2.1905,0.1,0.514013375312));
#3443 = SURFACE_CURVE('',#3444,(#3448,#3455),.PCURVE_S1.);
#3444 = LINE('',#3445,#3446);
#3445 = CARTESIAN_POINT('',(2.1905,5.E-02,0.514013375312));
#3446 = VECTOR('',#3447,1.);
#3447 = DIRECTION('',(-0.,1.,-0.));
#3448 = PCURVE('',#3326,#3449);
#3449 = DEFINITIONAL_REPRESENTATION('',(#3450),#3454);
#3450 = LINE('',#3451,#3452);
#3451 = CARTESIAN_POINT('',(1.801282008957,5.E-02));
#3452 = VECTOR('',#3453,1.);
#3453 = DIRECTION('',(0.,-1.));
#3454 = ( GEOMETRIC_REPRESENTATION_CONTEXT(2) 
PARAMETRIC_REPRESENTATION_CONTEXT() REPRESENTATION_CONTEXT('2D SPACE',''
  ) );
#3455 = PCURVE('',#2181,#3456);
#3456 = DEFINITIONAL_REPRESENTATION('',(#3457),#3461);
#3457 = LINE('',#3458,#3459);
#3458 = CARTESIAN_POINT('',(5.741205205147,5.495246459069));
#3459 = VECTOR('',#3460,1.);
#3460 = DIRECTION('',(0.,1.));
#3461 = ( GEOMETRIC_REPRESENTATION_CONTEXT(2) 
PARAMETRIC_REPRESENTATION_CONTEXT() REPRESENTATION_CONTEXT('2D SPACE',''
  ) );
#3462 = ORIENTED_EDGE('',*,*,#3463,.F.);
#3463 = EDGE_CURVE('',#3288,#3441,#3464,.T.);
#3464 = SURFACE_CURVE('',#3465,(#3470,#3477),.PCURVE_S1.);
#3465 = CIRCLE('',#3466,2.25);
#3466 = AXIS2_PLACEMENT_3D('',#3467,#3468,#3469);
#3467 = CARTESIAN_POINT('',(0.,0.1,0.));
#3468 = DIRECTION('',(0.,1.,0.));
#3469 = DIRECTION('',(0.,-0.,1.));
#3470 = PCURVE('',#3326,#3471);
#3471 = DEFINITIONAL_REPRESENTATION('',(#3472),#3476);
#3472 = LINE('',#3473,#3474);
#3473 = CARTESIAN_POINT('',(3.14159265359,0.));
#3474 = VECTOR('',#3475,1.);
#3475 = DIRECTION('',(-1.,0.));
#3476 = ( GEOMETRIC_REPRESENTATION_CONTEXT(2) 
PARAMETRIC_REPRESENTATION_CONTEXT() REPRESENTATION_CONTEXT('2D SPACE',''
  ) );
#3477 = PCURVE('',#3196,#3478);
#3478 = DEFINITIONAL_REPRESENTATION('',(#3479),#3483);
#3479 = CIRCLE('',#3480,2.25);
#3480 = AXIS2_PLACEMENT_2D('',#3481,#3482);
#3481 = CARTESIAN_POINT('',(0.,0.));
#3482 = DIRECTION('',(1.,0.));
#3483 = ( GEOMETRIC_REPRESENTATION_CONTEXT(2) 
PARAMETRIC_REPRESENTATION_CONTEXT() REPRESENTATION_CONTEXT('2D SPACE',''
  ) );
#3484 = ORIENTED_EDGE('',*,*,#3310,.F.);
#3485 = ORIENTED_EDGE('',*,*,#3368,.T.);
#3486 = ADVANCED_FACE('',(#3487),#3252,.F.);
#3487 = FACE_BOUND('',#3488,.T.);
#3488 = EDGE_LOOP('',(#3489,#3490));
#3489 = ORIENTED_EDGE('',*,*,#3236,.F.);
#3490 = ORIENTED_EDGE('',*,*,#3491,.F.);
#3491 = EDGE_CURVE('',#3237,#3209,#3492,.T.);
#3492 = SURFACE_CURVE('',#3493,(#3498,#3505),.PCURVE_S1.);
#3493 = CIRCLE('',#3494,1.85);
#3494 = AXIS2_PLACEMENT_3D('',#3495,#3496,#3497);
#3495 = CARTESIAN_POINT('',(0.,0.,0.));
#3496 = DIRECTION('',(0.,1.,0.));
#3497 = DIRECTION('',(0.,-0.,1.));
#3498 = PCURVE('',#3252,#3499);
#3499 = DEFINITIONAL_REPRESENTATION('',(#3500),#3504);
#3500 = CIRCLE('',#3501,1.85);
#3501 = AXIS2_PLACEMENT_2D('',#3502,#3503);
#3502 = CARTESIAN_POINT('',(0.,0.));
#3503 = DIRECTION('',(1.,0.));
#3504 = ( GEOMETRIC_REPRESENTATION_CONTEXT(2) 
PARAMETRIC_REPRESENTATION_CONTEXT() REPRESENTATION_CONTEXT('2D SPACE',''
  ) );
#3505 = PCURVE('',#3224,#3506);
#3506 = DEFINITIONAL_REPRESENTATION('',(#3507),#3511);
#3507 = LINE('',#3508,#3509);
#3508 = CARTESIAN_POINT('',(3.14159265359,0.1));
#3509 = VECTOR('',#3510,1.);
#3510 = DIRECTION('',(-1.,0.));
#3511 = ( GEOMETRIC_REPRESENTATION_CONTEXT(2) 
PARAMETRIC_REPRESENTATION_CONTEXT() REPRESENTATION_CONTEXT('2D SPACE',''
  ) );
#3512 = ADVANCED_FACE('',(#3513),#3224,.T.);
#3513 = FACE_BOUND('',#3514,.T.);
#3514 = EDGE_LOOP('',(#3515,#3516,#3538,#3539));
#3515 = ORIENTED_EDGE('',*,*,#3208,.F.);
#3516 = ORIENTED_EDGE('',*,*,#3517,.F.);
#3517 = EDGE_CURVE('',#3265,#3181,#3518,.T.);
#3518 = SURFACE_CURVE('',#3519,(#3524,#3531),.PCURVE_S1.);
#3519 = CIRCLE('',#3520,1.85);
#3520 = AXIS2_PLACEMENT_3D('',#3521,#3522,#3523);
#3521 = CARTESIAN_POINT('',(0.,0.1,0.));
#3522 = DIRECTION('',(0.,1.,0.));
#3523 = DIRECTION('',(0.,-0.,1.));
#3524 = PCURVE('',#3224,#3525);
#3525 = DEFINITIONAL_REPRESENTATION('',(#3526),#3530);
#3526 = LINE('',#3527,#3528);
#3527 = CARTESIAN_POINT('',(3.14159265359,0.));
#3528 = VECTOR('',#3529,1.);
#3529 = DIRECTION('',(-1.,0.));
#3530 = ( GEOMETRIC_REPRESENTATION_CONTEXT(2) 
PARAMETRIC_REPRESENTATION_CONTEXT() REPRESENTATION_CONTEXT('2D SPACE',''
  ) );
#3531 = PCURVE('',#3196,#3532);
#3532 = DEFINITIONAL_REPRESENTATION('',(#3533),#3537);
#3533 = CIRCLE('',#3534,1.85);
#3534 = AXIS2_PLACEMENT_2D('',#3535,#3536);
#3535 = CARTESIAN_POINT('',(0.,0.));
#3536 = DIRECTION('',(1.,0.));
#3537 = ( GEOMETRIC_REPRESENTATION_CONTEXT(2) 
PARAMETRIC_REPRESENTATION_CONTEXT() REPRESENTATION_CONTEXT('2D SPACE',''
  ) );
#3538 = ORIENTED_EDGE('',*,*,#3264,.F.);
#3539 = ORIENTED_EDGE('',*,*,#3491,.T.);
#3540 = ADVANCED_FACE('',(#3541),#3196,.F.);
#3541 = FACE_BOUND('',#3542,.T.);
#3542 = EDGE_LOOP('',(#3543,#3544,#3568,#3590,#3591,#3592));
#3543 = ORIENTED_EDGE('',*,*,#3180,.F.);
#3544 = ORIENTED_EDGE('',*,*,#3545,.F.);
#3545 = EDGE_CURVE('',#3546,#3153,#3548,.T.);
#3546 = VERTEX_POINT('',#3547);
#3547 = CARTESIAN_POINT('',(2.1905,0.1,-0.514013375312));
#3548 = SURFACE_CURVE('',#3549,(#3554,#3561),.PCURVE_S1.);
#3549 = CIRCLE('',#3550,2.25);
#3550 = AXIS2_PLACEMENT_3D('',#3551,#3552,#3553);
#3551 = CARTESIAN_POINT('',(0.,0.1,0.));
#3552 = DIRECTION('',(0.,1.,0.));
#3553 = DIRECTION('',(0.,-0.,1.));
#3554 = PCURVE('',#3196,#3555);
#3555 = DEFINITIONAL_REPRESENTATION('',(#3556),#3560);
#3556 = CIRCLE('',#3557,2.25);
#3557 = AXIS2_PLACEMENT_2D('',#3558,#3559);
#3558 = CARTESIAN_POINT('',(0.,0.));
#3559 = DIRECTION('',(1.,0.));
#3560 = ( GEOMETRIC_REPRESENTATION_CONTEXT(2) 
PARAMETRIC_REPRESENTATION_CONTEXT() REPRESENTATION_CONTEXT('2D SPACE',''
  ) );
#3561 = PCURVE('',#3168,#3562);
#3562 = DEFINITIONAL_REPRESENTATION('',(#3563),#3567);
#3563 = LINE('',#3564,#3565);
#3564 = CARTESIAN_POINT('',(3.14159265359,0.));
#3565 = VECTOR('',#3566,1.);
#3566 = DIRECTION('',(-1.,0.));
#3567 = ( GEOMETRIC_REPRESENTATION_CONTEXT(2) 
PARAMETRIC_REPRESENTATION_CONTEXT() REPRESENTATION_CONTEXT('2D SPACE',''
  ) );
#3568 = ORIENTED_EDGE('',*,*,#3569,.T.);
#3569 = EDGE_CURVE('',#3546,#3441,#3570,.T.);
#3570 = SURFACE_CURVE('',#3571,(#3576,#3583),.PCURVE_S1.);
#3571 = CIRCLE('',#3572,0.6);
#3572 = AXIS2_PLACEMENT_3D('',#3573,#3574,#3575);
#3573 = CARTESIAN_POINT('',(2.5,0.1,-9.184850993605E-17));
#3574 = DIRECTION('',(0.,1.,0.));
#3575 = DIRECTION('',(0.,-0.,1.));
#3576 = PCURVE('',#3196,#3577);
#3577 = DEFINITIONAL_REPRESENTATION('',(#3578),#3582);
#3578 = CIRCLE('',#3579,0.6);
#3579 = AXIS2_PLACEMENT_2D('',#3580,#3581);
#3580 = CARTESIAN_POINT('',(-9.184850993605E-17,2.5));
#3581 = DIRECTION('',(1.,0.));
#3582 = ( GEOMETRIC_REPRESENTATION_CONTEXT(2) 
PARAMETRIC_REPRESENTATION_CONTEXT() REPRESENTATION_CONTEXT('2D SPACE',''
  ) );
#3583 = PCURVE('',#2181,#3584);
#3584 = DEFINITIONAL_REPRESENTATION('',(#3585),#3589);
#3585 = LINE('',#3586,#3587);
#3586 = CARTESIAN_POINT('',(-4.440892098501E-16,5.545246459069));
#3587 = VECTOR('',#3588,1.);
#3588 = DIRECTION('',(1.,0.));
#3589 = ( GEOMETRIC_REPRESENTATION_CONTEXT(2) 
PARAMETRIC_REPRESENTATION_CONTEXT() REPRESENTATION_CONTEXT('2D SPACE',''
  ) );
#3590 = ORIENTED_EDGE('',*,*,#3463,.F.);
#3591 = ORIENTED_EDGE('',*,*,#3287,.F.);
#3592 = ORIENTED_EDGE('',*,*,#3517,.T.);
#3593 = ADVANCED_FACE('',(#3594),#3168,.F.);
#3594 = FACE_BOUND('',#3595,.F.);
#3595 = EDGE_LOOP('',(#3596,#3619,#3641,#3642));
#3596 = ORIENTED_EDGE('',*,*,#3597,.T.);
#3597 = EDGE_CURVE('',#3546,#3598,#3600,.T.);
#3598 = VERTEX_POINT('',#3599);
#3599 = CARTESIAN_POINT('',(2.1905,0.,-0.514013375312));
#3600 = SURFACE_CURVE('',#3601,(#3605,#3612),.PCURVE_S1.);
#3601 = LINE('',#3602,#3603);
#3602 = CARTESIAN_POINT('',(2.1905,5.E-02,-0.514013375312));
#3603 = VECTOR('',#3604,1.);
#3604 = DIRECTION('',(0.,-1.,0.));
#3605 = PCURVE('',#3168,#3606);
#3606 = DEFINITIONAL_REPRESENTATION('',(#3607),#3611);
#3607 = LINE('',#3608,#3609);
#3608 = CARTESIAN_POINT('',(1.340310644633,5.E-02));
#3609 = VECTOR('',#3610,1.);
#3610 = DIRECTION('',(0.,1.));
#3611 = ( GEOMETRIC_REPRESENTATION_CONTEXT(2) 
PARAMETRIC_REPRESENTATION_CONTEXT() REPRESENTATION_CONTEXT('2D SPACE',''
  ) );
#3612 = PCURVE('',#2181,#3613);
#3613 = DEFINITIONAL_REPRESENTATION('',(#3614),#3618);
#3614 = LINE('',#3615,#3616);
#3615 = CARTESIAN_POINT('',(3.683572755622,5.495246459069));
#3616 = VECTOR('',#3617,1.);
#3617 = DIRECTION('',(0.,-1.));
#3618 = ( GEOMETRIC_REPRESENTATION_CONTEXT(2) 
PARAMETRIC_REPRESENTATION_CONTEXT() REPRESENTATION_CONTEXT('2D SPACE',''
  ) );
#3619 = ORIENTED_EDGE('',*,*,#3620,.T.);
#3620 = EDGE_CURVE('',#3598,#3130,#3621,.T.);
#3621 = SURFACE_CURVE('',#3622,(#3627,#3634),.PCURVE_S1.);
#3622 = CIRCLE('',#3623,2.25);
#3623 = AXIS2_PLACEMENT_3D('',#3624,#3625,#3626);
#3624 = CARTESIAN_POINT('',(0.,0.,0.));
#3625 = DIRECTION('',(0.,1.,0.));
#3626 = DIRECTION('',(0.,-0.,1.));
#3627 = PCURVE('',#3168,#3628);
#3628 = DEFINITIONAL_REPRESENTATION('',(#3629),#3633);
#3629 = LINE('',#3630,#3631);
#3630 = CARTESIAN_POINT('',(3.14159265359,0.1));
#3631 = VECTOR('',#3632,1.);
#3632 = DIRECTION('',(-1.,0.));
#3633 = ( GEOMETRIC_REPRESENTATION_CONTEXT(2) 
PARAMETRIC_REPRESENTATION_CONTEXT() REPRESENTATION_CONTEXT('2D SPACE',''
  ) );
#3634 = PCURVE('',#2320,#3635);
#3635 = DEFINITIONAL_REPRESENTATION('',(#3636),#3640);
#3636 = CIRCLE('',#3637,2.25);
#3637 = AXIS2_PLACEMENT_2D('',#3638,#3639);
#3638 = CARTESIAN_POINT('',(0.,0.));
#3639 = DIRECTION('',(1.,0.));
#3640 = ( GEOMETRIC_REPRESENTATION_CONTEXT(2) 
PARAMETRIC_REPRESENTATION_CONTEXT() REPRESENTATION_CONTEXT('2D SPACE',''
  ) );
#3641 = ORIENTED_EDGE('',*,*,#3152,.F.);
#3642 = ORIENTED_EDGE('',*,*,#3545,.F.);
#3643 = ADVANCED_FACE('',(#3644),#2320,.F.);
#3644 = FACE_BOUND('',#3645,.T.);
#3645 = EDGE_LOOP('',(#3646,#3647,#3648,#3670));
#3646 = ORIENTED_EDGE('',*,*,#3129,.T.);
#3647 = ORIENTED_EDGE('',*,*,#2303,.F.);
#3648 = ORIENTED_EDGE('',*,*,#3649,.T.);
#3649 = EDGE_CURVE('',#2281,#3598,#3650,.T.);
#3650 = SURFACE_CURVE('',#3651,(#3656,#3663),.PCURVE_S1.);
#3651 = CIRCLE('',#3652,0.6);
#3652 = AXIS2_PLACEMENT_3D('',#3653,#3654,#3655);
#3653 = CARTESIAN_POINT('',(2.5,0.,-9.184850993605E-17));
#3654 = DIRECTION('',(0.,1.,0.));
#3655 = DIRECTION('',(0.,-0.,1.));
#3656 = PCURVE('',#2320,#3657);
#3657 = DEFINITIONAL_REPRESENTATION('',(#3658),#3662);
#3658 = CIRCLE('',#3659,0.6);
#3659 = AXIS2_PLACEMENT_2D('',#3660,#3661);
#3660 = CARTESIAN_POINT('',(-9.184850993605E-17,2.5));
#3661 = DIRECTION('',(1.,0.));
#3662 = ( GEOMETRIC_REPRESENTATION_CONTEXT(2) 
PARAMETRIC_REPRESENTATION_CONTEXT() REPRESENTATION_CONTEXT('2D SPACE',''
  ) );
#3663 = PCURVE('',#2181,#3664);
#3664 = DEFINITIONAL_REPRESENTATION('',(#3665),#3669);
#3665 = LINE('',#3666,#3667);
#3666 = CARTESIAN_POINT('',(-4.440892098501E-16,5.445246459069));
#3667 = VECTOR('',#3668,1.);
#3668 = DIRECTION('',(1.,0.));
#3669 = ( GEOMETRIC_REPRESENTATION_CONTEXT(2) 
PARAMETRIC_REPRESENTATION_CONTEXT() REPRESENTATION_CONTEXT('2D SPACE',''
  ) );
#3670 = ORIENTED_EDGE('',*,*,#3620,.T.);
#3671 = ADVANCED_FACE('',(#3672),#2181,.F.);
#3672 = FACE_BOUND('',#3673,.F.);
#3673 = EDGE_LOOP('',(#3674,#3675,#3676,#3677,#3678,#3679,#3680,#3700));
#3674 = ORIENTED_EDGE('',*,*,#2280,.F.);
#3675 = ORIENTED_EDGE('',*,*,#3649,.T.);
#3676 = ORIENTED_EDGE('',*,*,#3597,.F.);
#3677 = ORIENTED_EDGE('',*,*,#3569,.T.);
#3678 = ORIENTED_EDGE('',*,*,#3440,.F.);
#3679 = ORIENTED_EDGE('',*,*,#3392,.T.);
#3680 = ORIENTED_EDGE('',*,*,#3681,.T.);
#3681 = EDGE_CURVE('',#3393,#2128,#3682,.T.);
#3682 = SURFACE_CURVE('',#3683,(#3687,#3694),.PCURVE_S1.);
#3683 = LINE('',#3684,#3685);
#3684 = CARTESIAN_POINT('',(2.428,-5.445246459069,0.595664335008));
#3685 = VECTOR('',#3686,1.);
#3686 = DIRECTION('',(-0.,1.,-0.));
#3687 = PCURVE('',#2181,#3688);
#3688 = DEFINITIONAL_REPRESENTATION('',(#3689),#3693);
#3689 = LINE('',#3690,#3691);
#3690 = CARTESIAN_POINT('',(6.162895424785,0.));
#3691 = VECTOR('',#3692,1.);
#3692 = DIRECTION('',(0.,1.));
#3693 = ( GEOMETRIC_REPRESENTATION_CONTEXT(2) 
PARAMETRIC_REPRESENTATION_CONTEXT() REPRESENTATION_CONTEXT('2D SPACE',''
  ) );
#3694 = PCURVE('',#2148,#3695);
#3695 = DEFINITIONAL_REPRESENTATION('',(#3696),#3699);
#3696 = B_SPLINE_CURVE_WITH_KNOTS('',1,(#3697,#3698),.UNSPECIFIED.,.F.,
  .F.,(2,2),(5.445246459069,6.395246459069),.PIECEWISE_BEZIER_KNOTS.);
#3697 = CARTESIAN_POINT('',(7.613401869185,5.445246459069));
#3698 = CARTESIAN_POINT('',(7.613401869185,6.395246459069));
#3699 = ( GEOMETRIC_REPRESENTATION_CONTEXT(2) 
PARAMETRIC_REPRESENTATION_CONTEXT() REPRESENTATION_CONTEXT('2D SPACE',''
  ) );
#3700 = ORIENTED_EDGE('',*,*,#2160,.T.);
#3701 = ADVANCED_FACE('',(#3702),#2148,.T.);
#3702 = FACE_BOUND('',#3703,.T.);
#3703 = EDGE_LOOP('',(#3704,#3705,#3706,#3707,#3708,#3709,#3729,#3730));
#3704 = ORIENTED_EDGE('',*,*,#3051,.T.);
#3705 = ORIENTED_EDGE('',*,*,#3105,.F.);
#3706 = ORIENTED_EDGE('',*,*,#3416,.T.);
#3707 = ORIENTED_EDGE('',*,*,#3681,.T.);
#3708 = ORIENTED_EDGE('',*,*,#2127,.T.);
#3709 = ORIENTED_EDGE('',*,*,#3710,.F.);
#3710 = EDGE_CURVE('',#2943,#2097,#3711,.T.);
#3711 = SURFACE_CURVE('',#3712,(#3716,#3722),.PCURVE_S1.);
#3712 = LINE('',#3713,#3714);
#3713 = CARTESIAN_POINT('',(-2.428,-5.445246459069,0.595664335008));
#3714 = VECTOR('',#3715,1.);
#3715 = DIRECTION('',(-0.,1.,-0.));
#3716 = PCURVE('',#2148,#3717);
#3717 = DEFINITIONAL_REPRESENTATION('',(#3718),#3721);
#3718 = B_SPLINE_CURVE_WITH_KNOTS('',1,(#3719,#3720),.UNSPECIFIED.,.F.,
  .F.,(2,2),(5.445246459069,6.395246459069),.PIECEWISE_BEZIER_KNOTS.);
#3719 = CARTESIAN_POINT('',(4.952968745174,5.445246459069));
#3720 = CARTESIAN_POINT('',(4.952968745174,6.395246459069));
#3721 = ( GEOMETRIC_REPRESENTATION_CONTEXT(2) 
PARAMETRIC_REPRESENTATION_CONTEXT() REPRESENTATION_CONTEXT('2D SPACE',''
  ) );
#3722 = PCURVE('',#2115,#3723);
#3723 = DEFINITIONAL_REPRESENTATION('',(#3724),#3728);
#3724 = LINE('',#3725,#3726);
#3725 = CARTESIAN_POINT('',(0.120289882395,0.));
#3726 = VECTOR('',#3727,1.);
#3727 = DIRECTION('',(0.,1.));
#3728 = ( GEOMETRIC_REPRESENTATION_CONTEXT(2) 
PARAMETRIC_REPRESENTATION_CONTEXT() REPRESENTATION_CONTEXT('2D SPACE',''
  ) );
#3729 = ORIENTED_EDGE('',*,*,#2942,.T.);
#3730 = ORIENTED_EDGE('',*,*,#2995,.F.);
#3731 = ADVANCED_FACE('',(#3732),#2115,.F.);
#3732 = FACE_BOUND('',#3733,.F.);
#3733 = EDGE_LOOP('',(#3734,#3735,#3736,#3737,#3738,#3739,#3740,#3741));
#3734 = ORIENTED_EDGE('',*,*,#2965,.F.);
#3735 = ORIENTED_EDGE('',*,*,#2842,.T.);
#3736 = ORIENTED_EDGE('',*,*,#2660,.F.);
#3737 = ORIENTED_EDGE('',*,*,#2529,.T.);
#3738 = ORIENTED_EDGE('',*,*,#2499,.F.);
#3739 = ORIENTED_EDGE('',*,*,#2256,.T.);
#3740 = ORIENTED_EDGE('',*,*,#2096,.F.);
#3741 = ORIENTED_EDGE('',*,*,#3710,.F.);
#3742 = ADVANCED_FACE('',(#3743),#1589,.F.);
#3743 = FACE_BOUND('',#3744,.F.);
#3744 = EDGE_LOOP('',(#3745,#3769,#3770,#3771));
#3745 = ORIENTED_EDGE('',*,*,#3746,.F.);
#3746 = EDGE_CURVE('',#1546,#3747,#3749,.T.);
#3747 = VERTEX_POINT('',#3748);
#3748 = CARTESIAN_POINT('',(3.524521992146,0.7,-2.03488372093));
#3749 = SURFACE_CURVE('',#3750,(#3755,#3762),.PCURVE_S1.);
#3750 = CIRCLE('',#3751,4.06976744186);
#3751 = AXIS2_PLACEMENT_3D('',#3752,#3753,#3754);
#3752 = CARTESIAN_POINT('',(6.557983609434E-17,0.7,0.));
#3753 = DIRECTION('',(-9.368548013477E-17,-1.,0.));
#3754 = DIRECTION('',(1.,-9.368548013477E-17,0.));
#3755 = PCURVE('',#1589,#3756);
#3756 = DEFINITIONAL_REPRESENTATION('',(#3757),#3761);
#3757 = LINE('',#3758,#3759);
#3758 = CARTESIAN_POINT('',(0.,-0.7));
#3759 = VECTOR('',#3760,1.);
#3760 = DIRECTION('',(1.,0.));
#3761 = ( GEOMETRIC_REPRESENTATION_CONTEXT(2) 
PARAMETRIC_REPRESENTATION_CONTEXT() REPRESENTATION_CONTEXT('2D SPACE',''
  ) );
#3762 = PCURVE('',#1561,#3763);
#3763 = DEFINITIONAL_REPRESENTATION('',(#3764),#3768);
#3764 = CIRCLE('',#3765,4.06976744186);
#3765 = AXIS2_PLACEMENT_2D('',#3766,#3767);
#3766 = CARTESIAN_POINT('',(6.557983609434E-17,0.));
#3767 = DIRECTION('',(1.,0.));
#3768 = ( GEOMETRIC_REPRESENTATION_CONTEXT(2) 
PARAMETRIC_REPRESENTATION_CONTEXT() REPRESENTATION_CONTEXT('2D SPACE',''
  ) );
#3769 = ORIENTED_EDGE('',*,*,#1573,.T.);
#3770 = ORIENTED_EDGE('',*,*,#2226,.T.);
#3771 = ORIENTED_EDGE('',*,*,#3772,.T.);
#3772 = EDGE_CURVE('',#2045,#3747,#3773,.T.);
#3773 = SURFACE_CURVE('',#3774,(#3778,#3785),.PCURVE_S1.);
#3774 = LINE('',#3775,#3776);
#3775 = CARTESIAN_POINT('',(3.524521992146,-3.301965350798E-16,
    -2.03488372093));
#3776 = VECTOR('',#3777,1.);
#3777 = DIRECTION('',(-9.368548013477E-17,-1.,-0.));
#3778 = PCURVE('',#1589,#3779);
#3779 = DEFINITIONAL_REPRESENTATION('',(#3780),#3784);
#3780 = LINE('',#3781,#3782);
#3781 = CARTESIAN_POINT('',(5.759586531581,0.));
#3782 = VECTOR('',#3783,1.);
#3783 = DIRECTION('',(0.,1.));
#3784 = ( GEOMETRIC_REPRESENTATION_CONTEXT(2) 
PARAMETRIC_REPRESENTATION_CONTEXT() REPRESENTATION_CONTEXT('2D SPACE',''
  ) );
#3785 = PCURVE('',#1324,#3786);
#3786 = DEFINITIONAL_REPRESENTATION('',(#3787),#3791);
#3787 = LINE('',#3788,#3789);
#3788 = CARTESIAN_POINT('',(-4.06976744186,17.));
#3789 = VECTOR('',#3790,1.);
#3790 = DIRECTION('',(8.113400576246E-17,-1.));
#3791 = ( GEOMETRIC_REPRESENTATION_CONTEXT(2) 
PARAMETRIC_REPRESENTATION_CONTEXT() REPRESENTATION_CONTEXT('2D SPACE',''
  ) );
#3792 = ADVANCED_FACE('',(#3793),#1561,.T.);
#3793 = FACE_BOUND('',#3794,.T.);
#3794 = EDGE_LOOP('',(#3795,#3796,#3820,#3841));
#3795 = ORIENTED_EDGE('',*,*,#1545,.F.);
#3796 = ORIENTED_EDGE('',*,*,#3797,.T.);
#3797 = EDGE_CURVE('',#1513,#3798,#3800,.T.);
#3798 = VERTEX_POINT('',#3799);
#3799 = CARTESIAN_POINT('',(3.86824680357,0.7,-2.233333333333));
#3800 = SURFACE_CURVE('',#3801,(#3806,#3813),.PCURVE_S1.);
#3801 = CIRCLE('',#3802,4.466666666667);
#3802 = AXIS2_PLACEMENT_3D('',#3803,#3804,#3805);
#3803 = CARTESIAN_POINT('',(6.557983609434E-17,0.7,0.));
#3804 = DIRECTION('',(-9.368548013477E-17,-1.,0.));
#3805 = DIRECTION('',(1.,-9.368548013477E-17,0.));
#3806 = PCURVE('',#1561,#3807);
#3807 = DEFINITIONAL_REPRESENTATION('',(#3808),#3812);
#3808 = CIRCLE('',#3809,4.466666666667);
#3809 = AXIS2_PLACEMENT_2D('',#3810,#3811);
#3810 = CARTESIAN_POINT('',(6.557983609434E-17,0.));
#3811 = DIRECTION('',(1.,0.));
#3812 = ( GEOMETRIC_REPRESENTATION_CONTEXT(2) 
PARAMETRIC_REPRESENTATION_CONTEXT() REPRESENTATION_CONTEXT('2D SPACE',''
  ) );
#3813 = PCURVE('',#1533,#3814);
#3814 = DEFINITIONAL_REPRESENTATION('',(#3815),#3819);
#3815 = LINE('',#3816,#3817);
#3816 = CARTESIAN_POINT('',(0.,1.570796326795));
#3817 = VECTOR('',#3818,1.);
#3818 = DIRECTION('',(1.,0.));
#3819 = ( GEOMETRIC_REPRESENTATION_CONTEXT(2) 
PARAMETRIC_REPRESENTATION_CONTEXT() REPRESENTATION_CONTEXT('2D SPACE',''
  ) );
#3820 = ORIENTED_EDGE('',*,*,#3821,.F.);
#3821 = EDGE_CURVE('',#3747,#3798,#3822,.T.);
#3822 = SURFACE_CURVE('',#3823,(#3827,#3834),.PCURVE_S1.);
#3823 = LINE('',#3824,#3825);
#3824 = CARTESIAN_POINT('',(5.117884414111E-16,0.7,8.864435832505E-16));
#3825 = VECTOR('',#3826,1.);
#3826 = DIRECTION('',(0.866025403784,-8.113400576246E-17,-0.5));
#3827 = PCURVE('',#1561,#3828);
#3828 = DEFINITIONAL_REPRESENTATION('',(#3829),#3833);
#3829 = LINE('',#3830,#3831);
#3830 = CARTESIAN_POINT('',(5.117884414111E-16,8.864435832505E-16));
#3831 = VECTOR('',#3832,1.);
#3832 = DIRECTION('',(0.866025403784,-0.5));
#3833 = ( GEOMETRIC_REPRESENTATION_CONTEXT(2) 
PARAMETRIC_REPRESENTATION_CONTEXT() REPRESENTATION_CONTEXT('2D SPACE',''
  ) );
#3834 = PCURVE('',#1324,#3835);
#3835 = DEFINITIONAL_REPRESENTATION('',(#3836),#3840);
#3836 = LINE('',#3837,#3838);
#3837 = CARTESIAN_POINT('',(1.903855876213E-15,17.7));
#3838 = VECTOR('',#3839,1.);
#3839 = DIRECTION('',(-1.,-8.113400576246E-17));
#3840 = ( GEOMETRIC_REPRESENTATION_CONTEXT(2) 
PARAMETRIC_REPRESENTATION_CONTEXT() REPRESENTATION_CONTEXT('2D SPACE',''
  ) );
#3841 = ORIENTED_EDGE('',*,*,#3746,.F.);
#3842 = ADVANCED_FACE('',(#3843),#1533,.T.);
#3843 = FACE_BOUND('',#3844,.T.);
#3844 = EDGE_LOOP('',(#3845,#3846,#3870,#3896));
#3845 = ORIENTED_EDGE('',*,*,#1512,.F.);
#3846 = ORIENTED_EDGE('',*,*,#3847,.T.);
#3847 = EDGE_CURVE('',#1485,#3848,#3850,.T.);
#3848 = VERTEX_POINT('',#3849);
#3849 = CARTESIAN_POINT('',(4.330127018922,1.233333333333,-2.5));
#3850 = SURFACE_CURVE('',#3851,(#3856,#3863),.PCURVE_S1.);
#3851 = CIRCLE('',#3852,5.);
#3852 = AXIS2_PLACEMENT_3D('',#3853,#3854,#3855);
#3853 = CARTESIAN_POINT('',(1.155454254996E-16,1.233333333333,0.));
#3854 = DIRECTION('',(-9.368548013477E-17,-1.,0.));
#3855 = DIRECTION('',(1.,-9.368548013477E-17,0.));
#3856 = PCURVE('',#1533,#3857);
#3857 = DEFINITIONAL_REPRESENTATION('',(#3858),#3862);
#3858 = LINE('',#3859,#3860);
#3859 = CARTESIAN_POINT('',(0.,0.));
#3860 = VECTOR('',#3861,1.);
#3861 = DIRECTION('',(1.,0.));
#3862 = ( GEOMETRIC_REPRESENTATION_CONTEXT(2) 
PARAMETRIC_REPRESENTATION_CONTEXT() REPRESENTATION_CONTEXT('2D SPACE',''
  ) );
#3863 = PCURVE('',#1500,#3864);
#3864 = DEFINITIONAL_REPRESENTATION('',(#3865),#3869);
#3865 = LINE('',#3866,#3867);
#3866 = CARTESIAN_POINT('',(0.,-1.233333333333));
#3867 = VECTOR('',#3868,1.);
#3868 = DIRECTION('',(1.,0.));
#3869 = ( GEOMETRIC_REPRESENTATION_CONTEXT(2) 
PARAMETRIC_REPRESENTATION_CONTEXT() REPRESENTATION_CONTEXT('2D SPACE',''
  ) );
#3870 = ORIENTED_EDGE('',*,*,#3871,.F.);
#3871 = EDGE_CURVE('',#3798,#3848,#3872,.T.);
#3872 = SURFACE_CURVE('',#3873,(#3878,#3885),.PCURVE_S1.);
#3873 = CIRCLE('',#3874,0.533333333333);
#3874 = AXIS2_PLACEMENT_3D('',#3875,#3876,#3877);
#3875 = CARTESIAN_POINT('',(3.86824680357,1.233333333333,-2.233333333333
    ));
#3876 = DIRECTION('',(0.5,4.272023717956E-18,0.866025403784));
#3877 = DIRECTION('',(-0.866025403784,-5.569805692457E-34,0.5));
#3878 = PCURVE('',#1533,#3879);
#3879 = DEFINITIONAL_REPRESENTATION('',(#3880),#3884);
#3880 = LINE('',#3881,#3882);
#3881 = CARTESIAN_POINT('',(5.759586531581,3.14159265359));
#3882 = VECTOR('',#3883,1.);
#3883 = DIRECTION('',(0.,-1.));
#3884 = ( GEOMETRIC_REPRESENTATION_CONTEXT(2) 
PARAMETRIC_REPRESENTATION_CONTEXT() REPRESENTATION_CONTEXT('2D SPACE',''
  ) );
#3885 = PCURVE('',#1324,#3886);
#3886 = DEFINITIONAL_REPRESENTATION('',(#3887),#3895);
#3887 = ( BOUNDED_CURVE() B_SPLINE_CURVE(2,(#3888,#3889,#3890,#3891,
#3892,#3893,#3894),.UNSPECIFIED.,.T.,.F.) B_SPLINE_CURVE_WITH_KNOTS((1,2
    ,2,2,2,1),(-2.094395102393,0.,2.094395102393,4.188790204786,
6.28318530718,8.377580409573),.UNSPECIFIED.) CURVE() 
GEOMETRIC_REPRESENTATION_ITEM() RATIONAL_B_SPLINE_CURVE((1.,0.5,1.,0.5,
1.,0.5,1.)) REPRESENTATION_ITEM('') );
#3888 = CARTESIAN_POINT('',(-3.933333333333,18.233333333333));
#3889 = CARTESIAN_POINT('',(-3.933333333333,17.30957290263));
#3890 = CARTESIAN_POINT('',(-4.733333333333,17.771453117982));
#3891 = CARTESIAN_POINT('',(-5.533333333333,18.233333333333));
#3892 = CARTESIAN_POINT('',(-4.733333333333,18.695213548685));
#3893 = CARTESIAN_POINT('',(-3.933333333333,19.157093764037));
#3894 = CARTESIAN_POINT('',(-3.933333333333,18.233333333333));
#3895 = ( GEOMETRIC_REPRESENTATION_CONTEXT(2) 
PARAMETRIC_REPRESENTATION_CONTEXT() REPRESENTATION_CONTEXT('2D SPACE',''
  ) );
#3896 = ORIENTED_EDGE('',*,*,#3797,.F.);
#3897 = ADVANCED_FACE('',(#3898),#1500,.T.);
#3898 = FACE_BOUND('',#3899,.T.);
#3899 = EDGE_LOOP('',(#3900,#3901,#3902,#3926));
#3900 = ORIENTED_EDGE('',*,*,#3847,.F.);
#3901 = ORIENTED_EDGE('',*,*,#1484,.T.);
#3902 = ORIENTED_EDGE('',*,*,#3903,.T.);
#3903 = EDGE_CURVE('',#1461,#3904,#3906,.T.);
#3904 = VERTEX_POINT('',#3905);
#3905 = CARTESIAN_POINT('',(4.330127018922,3.329681873241,-2.5));
#3906 = SURFACE_CURVE('',#3907,(#3912,#3919),.PCURVE_S1.);
#3907 = CIRCLE('',#3908,5.);
#3908 = AXIS2_PLACEMENT_3D('',#3909,#3910,#3911);
#3909 = CARTESIAN_POINT('',(3.119428449907E-16,3.329681873241,0.));
#3910 = DIRECTION('',(-9.368548013477E-17,-1.,0.));
#3911 = DIRECTION('',(1.,-9.368548013477E-17,0.));
#3912 = PCURVE('',#1500,#3913);
#3913 = DEFINITIONAL_REPRESENTATION('',(#3914),#3918);
#3914 = LINE('',#3915,#3916);
#3915 = CARTESIAN_POINT('',(0.,-3.329681873241));
#3916 = VECTOR('',#3917,1.);
#3917 = DIRECTION('',(1.,0.));
#3918 = ( GEOMETRIC_REPRESENTATION_CONTEXT(2) 
PARAMETRIC_REPRESENTATION_CONTEXT() REPRESENTATION_CONTEXT('2D SPACE',''
  ) );
#3919 = PCURVE('',#1295,#3920);
#3920 = DEFINITIONAL_REPRESENTATION('',(#3921),#3925);
#3921 = LINE('',#3922,#3923);
#3922 = CARTESIAN_POINT('',(0.,6.28318530718));
#3923 = VECTOR('',#3924,1.);
#3924 = DIRECTION('',(1.,0.));
#3925 = ( GEOMETRIC_REPRESENTATION_CONTEXT(2) 
PARAMETRIC_REPRESENTATION_CONTEXT() REPRESENTATION_CONTEXT('2D SPACE',''
  ) );
#3926 = ORIENTED_EDGE('',*,*,#3927,.F.);
#3927 = EDGE_CURVE('',#3848,#3904,#3928,.T.);
#3928 = SURFACE_CURVE('',#3929,(#3933,#3940),.PCURVE_S1.);
#3929 = LINE('',#3930,#3931);
#3930 = CARTESIAN_POINT('',(4.330127018922,-17.,-2.5));
#3931 = VECTOR('',#3932,1.);
#3932 = DIRECTION('',(-8.544047435912E-18,1.,-0.));
#3933 = PCURVE('',#1500,#3934);
#3934 = DEFINITIONAL_REPRESENTATION('',(#3935),#3939);
#3935 = LINE('',#3936,#3937);
#3936 = CARTESIAN_POINT('',(5.759586531581,17.));
#3937 = VECTOR('',#3938,1.);
#3938 = DIRECTION('',(0.,-1.));
#3939 = ( GEOMETRIC_REPRESENTATION_CONTEXT(2) 
PARAMETRIC_REPRESENTATION_CONTEXT() REPRESENTATION_CONTEXT('2D SPACE',''
  ) );
#3940 = PCURVE('',#1324,#3941);
#3941 = DEFINITIONAL_REPRESENTATION('',(#3942),#3946);
#3942 = LINE('',#3943,#3944);
#3943 = CARTESIAN_POINT('',(-5.,1.226933825822E-33));
#3944 = VECTOR('',#3945,1.);
#3945 = DIRECTION('',(7.399362130639E-18,1.));
#3946 = ( GEOMETRIC_REPRESENTATION_CONTEXT(2) 
PARAMETRIC_REPRESENTATION_CONTEXT() REPRESENTATION_CONTEXT('2D SPACE',''
  ) );
#3947 = ADVANCED_FACE('',(#3948),#1421,.T.);
#3948 = FACE_BOUND('',#3949,.T.);
#3949 = EDGE_LOOP('',(#3950,#3974,#3975,#3976));
#3950 = ORIENTED_EDGE('',*,*,#3951,.F.);
#3951 = EDGE_CURVE('',#1404,#3952,#3954,.T.);
#3952 = VERTEX_POINT('',#3953);
#3953 = CARTESIAN_POINT('',(4.330127018922,6.070318126759,-2.5));
#3954 = SURFACE_CURVE('',#3955,(#3960,#3967),.PCURVE_S1.);
#3955 = CIRCLE('',#3956,5.);
#3956 = AXIS2_PLACEMENT_3D('',#3957,#3958,#3959);
#3957 = CARTESIAN_POINT('',(5.687006682762E-16,6.070318126759,0.));
#3958 = DIRECTION('',(-9.368548013477E-17,-1.,0.));
#3959 = DIRECTION('',(1.,-9.368548013477E-17,0.));
#3960 = PCURVE('',#1421,#3961);
#3961 = DEFINITIONAL_REPRESENTATION('',(#3962),#3966);
#3962 = LINE('',#3963,#3964);
#3963 = CARTESIAN_POINT('',(0.,-6.070318126759));
#3964 = VECTOR('',#3965,1.);
#3965 = DIRECTION('',(1.,0.));
#3966 = ( GEOMETRIC_REPRESENTATION_CONTEXT(2) 
PARAMETRIC_REPRESENTATION_CONTEXT() REPRESENTATION_CONTEXT('2D SPACE',''
  ) );
#3967 = PCURVE('',#1357,#3968);
#3968 = DEFINITIONAL_REPRESENTATION('',(#3969),#3973);
#3969 = LINE('',#3970,#3971);
#3970 = CARTESIAN_POINT('',(0.,0.));
#3971 = VECTOR('',#3972,1.);
#3972 = DIRECTION('',(1.,0.));
#3973 = ( GEOMETRIC_REPRESENTATION_CONTEXT(2) 
PARAMETRIC_REPRESENTATION_CONTEXT() REPRESENTATION_CONTEXT('2D SPACE',''
  ) );
#3974 = ORIENTED_EDGE('',*,*,#1403,.T.);
#3975 = ORIENTED_EDGE('',*,*,#1793,.T.);
#3976 = ORIENTED_EDGE('',*,*,#3977,.F.);
#3977 = EDGE_CURVE('',#3952,#1794,#3978,.T.);
#3978 = SURFACE_CURVE('',#3979,(#3983,#3990),.PCURVE_S1.);
#3979 = LINE('',#3980,#3981);
#3980 = CARTESIAN_POINT('',(4.330127018922,-17.,-2.5));
#3981 = VECTOR('',#3982,1.);
#3982 = DIRECTION('',(-8.544047435912E-18,1.,-0.));
#3983 = PCURVE('',#1421,#3984);
#3984 = DEFINITIONAL_REPRESENTATION('',(#3985),#3989);
#3985 = LINE('',#3986,#3987);
#3986 = CARTESIAN_POINT('',(5.759586531581,17.));
#3987 = VECTOR('',#3988,1.);
#3988 = DIRECTION('',(0.,-1.));
#3989 = ( GEOMETRIC_REPRESENTATION_CONTEXT(2) 
PARAMETRIC_REPRESENTATION_CONTEXT() REPRESENTATION_CONTEXT('2D SPACE',''
  ) );
#3990 = PCURVE('',#1324,#3991);
#3991 = DEFINITIONAL_REPRESENTATION('',(#3992),#3996);
#3992 = LINE('',#3993,#3994);
#3993 = CARTESIAN_POINT('',(-5.,1.226933825822E-33));
#3994 = VECTOR('',#3995,1.);
#3995 = DIRECTION('',(7.399362130639E-18,1.));
#3996 = ( GEOMETRIC_REPRESENTATION_CONTEXT(2) 
PARAMETRIC_REPRESENTATION_CONTEXT() REPRESENTATION_CONTEXT('2D SPACE',''
  ) );
#3997 = ADVANCED_FACE('',(#3998),#1357,.T.);
#3998 = FACE_BOUND('',#3999,.T.);
#3999 = EDGE_LOOP('',(#4000,#4001,#4002,#4028));
#4000 = ORIENTED_EDGE('',*,*,#1433,.F.);
#4001 = ORIENTED_EDGE('',*,*,#3951,.T.);
#4002 = ORIENTED_EDGE('',*,*,#4003,.F.);
#4003 = EDGE_CURVE('',#1308,#3952,#4004,.T.);
#4004 = SURFACE_CURVE('',#4005,(#4010,#4017),.PCURVE_S1.);
#4005 = CIRCLE('',#4006,0.744186046512);
#4006 = AXIS2_PLACEMENT_3D('',#4007,#4008,#4009);
#4007 = CARTESIAN_POINT('',(3.685642997501,6.070318126759,
    -2.127906976744));
#4008 = DIRECTION('',(0.5,4.272023717956E-18,0.866025403784));
#4009 = DIRECTION('',(-0.866025403784,1.101811338537E-34,0.5));
#4010 = PCURVE('',#1357,#4011);
#4011 = DEFINITIONAL_REPRESENTATION('',(#4012),#4016);
#4012 = LINE('',#4013,#4014);
#4013 = CARTESIAN_POINT('',(5.759586531581,3.14159265359));
#4014 = VECTOR('',#4015,1.);
#4015 = DIRECTION('',(0.,-1.));
#4016 = ( GEOMETRIC_REPRESENTATION_CONTEXT(2) 
PARAMETRIC_REPRESENTATION_CONTEXT() REPRESENTATION_CONTEXT('2D SPACE',''
  ) );
#4017 = PCURVE('',#1324,#4018);
#4018 = DEFINITIONAL_REPRESENTATION('',(#4019),#4027);
#4019 = ( BOUNDED_CURVE() B_SPLINE_CURVE(2,(#4020,#4021,#4022,#4023,
#4024,#4025,#4026),.UNSPECIFIED.,.T.,.F.) B_SPLINE_CURVE_WITH_KNOTS((1,2
    ,2,2,2,1),(-2.094395102393,0.,2.094395102393,4.188790204786,
6.28318530718,8.377580409573),.UNSPECIFIED.) CURVE() 
GEOMETRIC_REPRESENTATION_ITEM() RATIONAL_B_SPLINE_CURVE((1.,0.5,1.,0.5,
1.,0.5,1.)) REPRESENTATION_ITEM('') );
#4020 = CARTESIAN_POINT('',(-3.511627906977,23.070318126759));
#4021 = CARTESIAN_POINT('',(-3.511627906977,21.781350083917));
#4022 = CARTESIAN_POINT('',(-4.627906976744,22.425834105338));
#4023 = CARTESIAN_POINT('',(-5.744186046512,23.070318126759));
#4024 = CARTESIAN_POINT('',(-4.627906976744,23.71480214818));
#4025 = CARTESIAN_POINT('',(-3.511627906977,24.359286169601));
#4026 = CARTESIAN_POINT('',(-3.511627906977,23.070318126759));
#4027 = ( GEOMETRIC_REPRESENTATION_CONTEXT(2) 
PARAMETRIC_REPRESENTATION_CONTEXT() REPRESENTATION_CONTEXT('2D SPACE',''
  ) );
#4028 = ORIENTED_EDGE('',*,*,#1340,.F.);
#4029 = ADVANCED_FACE('',(#4030),#1324,.F.);
#4030 = FACE_BOUND('',#4031,.T.);
#4031 = EDGE_LOOP('',(#4032,#4033,#4034,#4035,#4036,#4037,#4038,#4039,
    #4040,#4041,#4042,#4064,#4065,#4066,#4067));
#4032 = ORIENTED_EDGE('',*,*,#1893,.T.);
#4033 = ORIENTED_EDGE('',*,*,#1918,.T.);
#4034 = ORIENTED_EDGE('',*,*,#1969,.F.);
#4035 = ORIENTED_EDGE('',*,*,#1656,.F.);
#4036 = ORIENTED_EDGE('',*,*,#2017,.T.);
#4037 = ORIENTED_EDGE('',*,*,#2073,.T.);
#4038 = ORIENTED_EDGE('',*,*,#3772,.T.);
#4039 = ORIENTED_EDGE('',*,*,#3821,.T.);
#4040 = ORIENTED_EDGE('',*,*,#3871,.T.);
#4041 = ORIENTED_EDGE('',*,*,#3927,.T.);
#4042 = ORIENTED_EDGE('',*,*,#4043,.F.);
#4043 = EDGE_CURVE('',#1274,#3904,#4044,.T.);
#4044 = SURFACE_CURVE('',#4045,(#4050,#4057),.PCURVE_S1.);
#4045 = CIRCLE('',#4046,0.744186046512);
#4046 = AXIS2_PLACEMENT_3D('',#4047,#4048,#4049);
#4047 = CARTESIAN_POINT('',(3.685642997501,3.329681873241,
    -2.127906976744));
#4048 = DIRECTION('',(-0.5,-4.272023717956E-18,-0.866025403784));
#4049 = DIRECTION('',(-0.866025403784,-5.569805692457E-34,0.5));
#4050 = PCURVE('',#1324,#4051);
#4051 = DEFINITIONAL_REPRESENTATION('',(#4052),#4056);
#4052 = CIRCLE('',#4053,0.744186046512);
#4053 = AXIS2_PLACEMENT_2D('',#4054,#4055);
#4054 = CARTESIAN_POINT('',(-4.255813953488,20.329681873241));
#4055 = DIRECTION('',(1.,-2.300500923416E-34));
#4056 = ( GEOMETRIC_REPRESENTATION_CONTEXT(2) 
PARAMETRIC_REPRESENTATION_CONTEXT() REPRESENTATION_CONTEXT('2D SPACE',''
  ) );
#4057 = PCURVE('',#1295,#4058);
#4058 = DEFINITIONAL_REPRESENTATION('',(#4059),#4063);
#4059 = LINE('',#4060,#4061);
#4060 = CARTESIAN_POINT('',(5.759586531581,3.14159265359));
#4061 = VECTOR('',#4062,1.);
#4062 = DIRECTION('',(0.,1.));
#4063 = ( GEOMETRIC_REPRESENTATION_CONTEXT(2) 
PARAMETRIC_REPRESENTATION_CONTEXT() REPRESENTATION_CONTEXT('2D SPACE',''
  ) );
#4064 = ORIENTED_EDGE('',*,*,#1307,.F.);
#4065 = ORIENTED_EDGE('',*,*,#4003,.T.);
#4066 = ORIENTED_EDGE('',*,*,#3977,.T.);
#4067 = ORIENTED_EDGE('',*,*,#1842,.F.);
#4068 = ADVANCED_FACE('',(#4069),#1295,.T.);
#4069 = FACE_BOUND('',#4070,.T.);
#4070 = EDGE_LOOP('',(#4071,#4072,#4073,#4074));
#4071 = ORIENTED_EDGE('',*,*,#3903,.F.);
#4072 = ORIENTED_EDGE('',*,*,#1460,.T.);
#4073 = ORIENTED_EDGE('',*,*,#1271,.T.);
#4074 = ORIENTED_EDGE('',*,*,#4043,.T.);
#4075 = MANIFOLD_SOLID_BREP('',#4076);
#4076 = CLOSED_SHELL('',(#4077,#4205,#4560,#4632,#4686,#4740,#4789,#4815
    ,#4868,#4917,#4971,#5021,#5070,#5097,#5138));
#4077 = ADVANCED_FACE('',(#4078),#4093,.F.);
#4078 = FACE_BOUND('',#4079,.F.);
#4079 = EDGE_LOOP('',(#4080,#4116,#4145,#4174));
#4080 = ORIENTED_EDGE('',*,*,#4081,.F.);
#4081 = EDGE_CURVE('',#4082,#4084,#4086,.T.);
#4082 = VERTEX_POINT('',#4083);
#4083 = CARTESIAN_POINT('',(4.092685537346,3.906657926613,2.362913096695
    ));
#4084 = VERTEX_POINT('',#4085);
#4085 = CARTESIAN_POINT('',(4.092685537346,3.906657926613,
    -2.362913096695));
#4086 = SURFACE_CURVE('',#4087,(#4092,#4104),.PCURVE_S1.);
#4087 = CIRCLE('',#4088,4.72582619339);
#4088 = AXIS2_PLACEMENT_3D('',#4089,#4090,#4091);
#4089 = CARTESIAN_POINT('',(3.659971235771E-16,3.906657926613,0.));
#4090 = DIRECTION('',(9.397070304261E-17,1.,-1.627620320928E-16));
#4091 = DIRECTION('',(0.866025403784,2.394568634727E-33,0.5));
#4092 = PCURVE('',#4093,#4098);
#4093 = TOROIDAL_SURFACE('',#4094,5.372093023256,1.023255813953);
#4094 = AXIS2_PLACEMENT_3D('',#4095,#4096,#4097);
#4095 = CARTESIAN_POINT('',(8.673617379884E-16,4.7,0.));
#4096 = DIRECTION('',(-9.368548013477E-17,-1.,-0.));
#4097 = DIRECTION('',(1.,-9.368548013477E-17,0.));
#4098 = DEFINITIONAL_REPRESENTATION('',(#4099),#4103);
#4099 = LINE('',#4100,#4101);
#4100 = CARTESIAN_POINT('',(6.806784082778,2.254384385967));
#4101 = VECTOR('',#4102,1.);
#4102 = DIRECTION('',(-1.,-0.));
#4103 = ( GEOMETRIC_REPRESENTATION_CONTEXT(2) 
PARAMETRIC_REPRESENTATION_CONTEXT() REPRESENTATION_CONTEXT('2D SPACE',''
  ) );
#4104 = PCURVE('',#4105,#4110);
#4105 = TOROIDAL_SURFACE('',#4106,4.255813953488,0.744186046512);
#4106 = AXIS2_PLACEMENT_3D('',#4107,#4108,#4109);
#4107 = CARTESIAN_POINT('',(4.336808689942E-16,3.329681873241,0.));
#4108 = DIRECTION('',(-9.368548013477E-17,-1.,-0.));
#4109 = DIRECTION('',(1.,-9.368548013477E-17,0.));
#4110 = DEFINITIONAL_REPRESENTATION('',(#4111),#4115);
#4111 = LINE('',#4112,#4113);
#4112 = CARTESIAN_POINT('',(6.806784082778,5.395977039557));
#4113 = VECTOR('',#4114,1.);
#4114 = DIRECTION('',(-1.,-0.));
#4115 = ( GEOMETRIC_REPRESENTATION_CONTEXT(2) 
PARAMETRIC_REPRESENTATION_CONTEXT() REPRESENTATION_CONTEXT('2D SPACE',''
  ) );
#4116 = ORIENTED_EDGE('',*,*,#4117,.F.);
#4117 = EDGE_CURVE('',#4118,#4082,#4120,.T.);
#4118 = VERTEX_POINT('',#4119);
#4119 = CARTESIAN_POINT('',(4.092685537346,5.493342073387,2.362913096695
    ));
#4120 = SURFACE_CURVE('',#4121,(#4126,#4133),.PCURVE_S1.);
#4121 = CIRCLE('',#4122,1.023255813953);
#4122 = AXIS2_PLACEMENT_3D('',#4123,#4124,#4125);
#4123 = CARTESIAN_POINT('',(4.652369029633,4.7,2.686046511628));
#4124 = DIRECTION('',(-0.5,-1.060145770116E-16,0.866025403784));
#4125 = DIRECTION('',(-0.546963412916,0.775311571719,-0.315789473684));
#4126 = PCURVE('',#4093,#4127);
#4127 = DEFINITIONAL_REPRESENTATION('',(#4128),#4132);
#4128 = LINE('',#4129,#4130);
#4129 = CARTESIAN_POINT('',(6.806784082778,4.028800921212));
#4130 = VECTOR('',#4131,1.);
#4131 = DIRECTION('',(-1.251366860681E-16,-1.));
#4132 = ( GEOMETRIC_REPRESENTATION_CONTEXT(2) 
PARAMETRIC_REPRESENTATION_CONTEXT() REPRESENTATION_CONTEXT('2D SPACE',''
  ) );
#4133 = PCURVE('',#4134,#4139);
#4134 = PLANE('',#4135);
#4135 = AXIS2_PLACEMENT_3D('',#4136,#4137,#4138);
#4136 = CARTESIAN_POINT('',(0.,0.,0.));
#4137 = DIRECTION('',(-0.5,4.684274006739E-17,0.866025403784));
#4138 = DIRECTION('',(0.866025403784,1.255147437232E-17,0.5));
#4139 = DEFINITIONAL_REPRESENTATION('',(#4140),#4144);
#4140 = CIRCLE('',#4141,1.023255813953);
#4141 = AXIS2_PLACEMENT_2D('',#4142,#4143);
#4142 = CARTESIAN_POINT('',(5.372093023256,4.7));
#4143 = DIRECTION('',(-0.631578947368,0.775311571719));
#4144 = ( GEOMETRIC_REPRESENTATION_CONTEXT(2) 
PARAMETRIC_REPRESENTATION_CONTEXT() REPRESENTATION_CONTEXT('2D SPACE',''
  ) );
#4145 = ORIENTED_EDGE('',*,*,#4146,.F.);
#4146 = EDGE_CURVE('',#4147,#4118,#4149,.T.);
#4147 = VERTEX_POINT('',#4148);
#4148 = CARTESIAN_POINT('',(4.092685537346,5.493342073387,
    -2.362913096695));
#4149 = SURFACE_CURVE('',#4150,(#4155,#4162),.PCURVE_S1.);
#4150 = CIRCLE('',#4151,4.72582619339);
#4151 = AXIS2_PLACEMENT_3D('',#4152,#4153,#4154);
#4152 = CARTESIAN_POINT('',(5.146463896898E-16,5.493342073387,0.));
#4153 = DIRECTION('',(0.,-1.,0.));
#4154 = DIRECTION('',(0.866025403784,0.,-0.5));
#4155 = PCURVE('',#4093,#4156);
#4156 = DEFINITIONAL_REPRESENTATION('',(#4157),#4161);
#4157 = LINE('',#4158,#4159);
#4158 = CARTESIAN_POINT('',(5.759586531581,4.028800921212));
#4159 = VECTOR('',#4160,1.);
#4160 = DIRECTION('',(1.,-1.696295830114E-15));
#4161 = ( GEOMETRIC_REPRESENTATION_CONTEXT(2) 
PARAMETRIC_REPRESENTATION_CONTEXT() REPRESENTATION_CONTEXT('2D SPACE',''
  ) );
#4162 = PCURVE('',#4163,#4168);
#4163 = TOROIDAL_SURFACE('',#4164,4.255813953488,0.744186046512);
#4164 = AXIS2_PLACEMENT_3D('',#4165,#4166,#4167);
#4165 = CARTESIAN_POINT('',(4.336808689942E-16,6.070318126759,0.));
#4166 = DIRECTION('',(-9.368548013477E-17,-1.,-0.));
#4167 = DIRECTION('',(1.,-9.368548013477E-17,0.));
#4168 = DEFINITIONAL_REPRESENTATION('',(#4169),#4173);
#4169 = LINE('',#4170,#4171);
#4170 = CARTESIAN_POINT('',(5.759586531581,0.887208267622));
#4171 = VECTOR('',#4172,1.);
#4172 = DIRECTION('',(1.,2.120369787642E-16));
#4173 = ( GEOMETRIC_REPRESENTATION_CONTEXT(2) 
PARAMETRIC_REPRESENTATION_CONTEXT() REPRESENTATION_CONTEXT('2D SPACE',''
  ) );
#4174 = ORIENTED_EDGE('',*,*,#4175,.F.);
#4175 = EDGE_CURVE('',#4084,#4147,#4176,.T.);
#4176 = SURFACE_CURVE('',#4177,(#4182,#4189),.PCURVE_S1.);
#4177 = CIRCLE('',#4178,1.023255813953);
#4178 = AXIS2_PLACEMENT_3D('',#4179,#4180,#4181);
#4179 = CARTESIAN_POINT('',(4.652369029633,4.7,-2.686046511628));
#4180 = DIRECTION('',(-0.5,-1.076089286644E-15,-0.866025403784));
#4181 = DIRECTION('',(-0.546963412916,-0.775311571719,0.315789473684));
#4182 = PCURVE('',#4093,#4183);
#4183 = DEFINITIONAL_REPRESENTATION('',(#4184),#4188);
#4184 = LINE('',#4185,#4186);
#4185 = CARTESIAN_POINT('',(5.759586531581,2.254384385967));
#4186 = VECTOR('',#4187,1.);
#4187 = DIRECTION('',(-0.,1.));
#4188 = ( GEOMETRIC_REPRESENTATION_CONTEXT(2) 
PARAMETRIC_REPRESENTATION_CONTEXT() REPRESENTATION_CONTEXT('2D SPACE',''
  ) );
#4189 = PCURVE('',#4190,#4195);
#4190 = PLANE('',#4191);
#4191 = AXIS2_PLACEMENT_3D('',#4192,#4193,#4194);
#4192 = CARTESIAN_POINT('',(0.,0.,0.));
#4193 = DIRECTION('',(0.5,-4.684274006739E-17,0.866025403784));
#4194 = DIRECTION('',(0.866025403784,1.255147437232E-17,-0.5));
#4195 = DEFINITIONAL_REPRESENTATION('',(#4196),#4204);
#4196 = ( BOUNDED_CURVE() B_SPLINE_CURVE(2,(#4197,#4198,#4199,#4200,
#4201,#4202,#4203),.UNSPECIFIED.,.T.,.F.) B_SPLINE_CURVE_WITH_KNOTS((1,2
    ,2,2,2,1),(-2.094395102393,0.,2.094395102393,4.188790204786,
6.28318530718,8.377580409573),.UNSPECIFIED.) CURVE() 
GEOMETRIC_REPRESENTATION_ITEM() RATIONAL_B_SPLINE_CURVE((1.,0.5,1.,0.5,
1.,0.5,1.)) REPRESENTATION_ITEM('') );
#4197 = CARTESIAN_POINT('',(4.72582619339,3.906657926613));
#4198 = CARTESIAN_POINT('',(3.351717414503,5.026024911187));
#4199 = CARTESIAN_POINT('',(5.008172048745,5.65635452898));
#4200 = CARTESIAN_POINT('',(6.664626682987,6.286684146773));
#4201 = CARTESIAN_POINT('',(6.382280827632,4.536987544407));
#4202 = CARTESIAN_POINT('',(6.099934972278,2.78729094204));
#4203 = CARTESIAN_POINT('',(4.72582619339,3.906657926613));
#4204 = ( GEOMETRIC_REPRESENTATION_CONTEXT(2) 
PARAMETRIC_REPRESENTATION_CONTEXT() REPRESENTATION_CONTEXT('2D SPACE',''
  ) );
#4205 = ADVANCED_FACE('',(#4206),#4190,.F.);
#4206 = FACE_BOUND('',#4207,.T.);
#4207 = EDGE_LOOP('',(#4208,#4209,#4236,#4263,#4291,#4319,#4346,#4374,
    #4397,#4425,#4452,#4480,#4512,#4539));
#4208 = ORIENTED_EDGE('',*,*,#4175,.F.);
#4209 = ORIENTED_EDGE('',*,*,#4210,.T.);
#4210 = EDGE_CURVE('',#4084,#4211,#4213,.T.);
#4211 = VERTEX_POINT('',#4212);
#4212 = CARTESIAN_POINT('',(4.330127018922,3.329681873241,-2.5));
#4213 = SURFACE_CURVE('',#4214,(#4219,#4230),.PCURVE_S1.);
#4214 = CIRCLE('',#4215,0.744186046512);
#4215 = AXIS2_PLACEMENT_3D('',#4216,#4217,#4218);
#4216 = CARTESIAN_POINT('',(3.685642997501,3.329681873241,
    -2.127906976744));
#4217 = DIRECTION('',(-0.5,4.684274006739E-17,-0.866025403784));
#4218 = DIRECTION('',(0.866025403784,5.244828009399E-15,-0.5));
#4219 = PCURVE('',#4190,#4220);
#4220 = DEFINITIONAL_REPRESENTATION('',(#4221),#4229);
#4221 = ( BOUNDED_CURVE() B_SPLINE_CURVE(2,(#4222,#4223,#4224,#4225,
#4226,#4227,#4228),.UNSPECIFIED.,.T.,.F.) B_SPLINE_CURVE_WITH_KNOTS((1,2
    ,2,2,2,1),(-2.094395102393,0.,2.094395102393,4.188790204786,
6.28318530718,8.377580409573),.UNSPECIFIED.) CURVE() 
GEOMETRIC_REPRESENTATION_ITEM() RATIONAL_B_SPLINE_CURVE((1.,0.5,1.,0.5,
1.,0.5,1.)) REPRESENTATION_ITEM('') );
#4222 = CARTESIAN_POINT('',(5.,3.329681873241));
#4223 = CARTESIAN_POINT('',(5.,2.040713830399));
#4224 = CARTESIAN_POINT('',(3.883720930233,2.68519785182));
#4225 = CARTESIAN_POINT('',(2.767441860465,3.329681873241));
#4226 = CARTESIAN_POINT('',(3.883720930233,3.974165894662));
#4227 = CARTESIAN_POINT('',(5.,4.618649916083));
#4228 = CARTESIAN_POINT('',(5.,3.329681873241));
#4229 = ( GEOMETRIC_REPRESENTATION_CONTEXT(2) 
PARAMETRIC_REPRESENTATION_CONTEXT() REPRESENTATION_CONTEXT('2D SPACE',''
  ) );
#4230 = PCURVE('',#4105,#4231);
#4231 = DEFINITIONAL_REPRESENTATION('',(#4232),#4235);
#4232 = B_SPLINE_CURVE_WITH_KNOTS('',1,(#4233,#4234),.UNSPECIFIED.,.F.,
  .F.,(2,2),(5.395977039557,6.28318530718),.PIECEWISE_BEZIER_KNOTS.);
#4233 = CARTESIAN_POINT('',(5.759586531581,5.395977039557));
#4234 = CARTESIAN_POINT('',(5.759586531581,6.28318530718));
#4235 = ( GEOMETRIC_REPRESENTATION_CONTEXT(2) 
PARAMETRIC_REPRESENTATION_CONTEXT() REPRESENTATION_CONTEXT('2D SPACE',''
  ) );
#4236 = ORIENTED_EDGE('',*,*,#4237,.T.);
#4237 = EDGE_CURVE('',#4211,#4238,#4240,.T.);
#4238 = VERTEX_POINT('',#4239);
#4239 = CARTESIAN_POINT('',(4.330127018922,1.233333333333,-2.5));
#4240 = SURFACE_CURVE('',#4241,(#4245,#4252),.PCURVE_S1.);
#4241 = LINE('',#4242,#4243);
#4242 = CARTESIAN_POINT('',(4.330127018922,6.275737186159E-17,-2.5));
#4243 = VECTOR('',#4244,1.);
#4244 = DIRECTION('',(-1.255147437232E-17,-1.,-4.684274006739E-17));
#4245 = PCURVE('',#4190,#4246);
#4246 = DEFINITIONAL_REPRESENTATION('',(#4247),#4251);
#4247 = LINE('',#4248,#4249);
#4248 = CARTESIAN_POINT('',(5.,1.383432725861E-32));
#4249 = VECTOR('',#4250,1.);
#4250 = DIRECTION('',(7.70834382626E-33,-1.));
#4251 = ( GEOMETRIC_REPRESENTATION_CONTEXT(2) 
PARAMETRIC_REPRESENTATION_CONTEXT() REPRESENTATION_CONTEXT('2D SPACE',''
  ) );
#4252 = PCURVE('',#4253,#4258);
#4253 = CYLINDRICAL_SURFACE('',#4254,5.);
#4254 = AXIS2_PLACEMENT_3D('',#4255,#4256,#4257);
#4255 = CARTESIAN_POINT('',(0.,0.,0.));
#4256 = DIRECTION('',(-9.368548013477E-17,-1.,-0.));
#4257 = DIRECTION('',(1.,-9.368548013477E-17,0.));
#4258 = DEFINITIONAL_REPRESENTATION('',(#4259),#4262);
#4259 = B_SPLINE_CURVE_WITH_KNOTS('',1,(#4260,#4261),.UNSPECIFIED.,.F.,
  .F.,(2,2),(-3.329681873241,-1.233333333333),.PIECEWISE_BEZIER_KNOTS.);
#4260 = CARTESIAN_POINT('',(5.759586531581,-3.329681873241));
#4261 = CARTESIAN_POINT('',(5.759586531581,-1.233333333333));
#4262 = ( GEOMETRIC_REPRESENTATION_CONTEXT(2) 
PARAMETRIC_REPRESENTATION_CONTEXT() REPRESENTATION_CONTEXT('2D SPACE',''
  ) );
#4263 = ORIENTED_EDGE('',*,*,#4264,.F.);
#4264 = EDGE_CURVE('',#4265,#4238,#4267,.T.);
#4265 = VERTEX_POINT('',#4266);
#4266 = CARTESIAN_POINT('',(3.86824680357,0.7,-2.233333333333));
#4267 = SURFACE_CURVE('',#4268,(#4273,#4280),.PCURVE_S1.);
#4268 = CIRCLE('',#4269,0.533333333333);
#4269 = AXIS2_PLACEMENT_3D('',#4270,#4271,#4272);
#4270 = CARTESIAN_POINT('',(3.86824680357,1.233333333333,-2.233333333333
    ));
#4271 = DIRECTION('',(0.5,-4.684274006739E-17,0.866025403784));
#4272 = DIRECTION('',(0.866025403784,-3.605843357525E-32,-0.5));
#4273 = PCURVE('',#4190,#4274);
#4274 = DEFINITIONAL_REPRESENTATION('',(#4275),#4279);
#4275 = CIRCLE('',#4276,0.533333333333);
#4276 = AXIS2_PLACEMENT_2D('',#4277,#4278);
#4277 = CARTESIAN_POINT('',(4.466666666667,1.233333333333));
#4278 = DIRECTION('',(1.,-1.255147437232E-17));
#4279 = ( GEOMETRIC_REPRESENTATION_CONTEXT(2) 
PARAMETRIC_REPRESENTATION_CONTEXT() REPRESENTATION_CONTEXT('2D SPACE',''
  ) );
#4280 = PCURVE('',#4281,#4286);
#4281 = TOROIDAL_SURFACE('',#4282,4.466666666667,0.533333333333);
#4282 = AXIS2_PLACEMENT_3D('',#4283,#4284,#4285);
#4283 = CARTESIAN_POINT('',(0.,1.233333333333,0.));
#4284 = DIRECTION('',(-9.368548013477E-17,-1.,-0.));
#4285 = DIRECTION('',(1.,-9.368548013477E-17,0.));
#4286 = DEFINITIONAL_REPRESENTATION('',(#4287),#4290);
#4287 = B_SPLINE_CURVE_WITH_KNOTS('',1,(#4288,#4289),.UNSPECIFIED.,.F.,
  .F.,(2,2),(4.712388980385,6.28318530718),.PIECEWISE_BEZIER_KNOTS.);
#4288 = CARTESIAN_POINT('',(5.759586531581,1.570796326795));
#4289 = CARTESIAN_POINT('',(5.759586531581,0.));
#4290 = ( GEOMETRIC_REPRESENTATION_CONTEXT(2) 
PARAMETRIC_REPRESENTATION_CONTEXT() REPRESENTATION_CONTEXT('2D SPACE',''
  ) );
#4291 = ORIENTED_EDGE('',*,*,#4292,.F.);
#4292 = EDGE_CURVE('',#4293,#4265,#4295,.T.);
#4293 = VERTEX_POINT('',#4294);
#4294 = CARTESIAN_POINT('',(3.524521992146,0.7,-2.03488372093));
#4295 = SURFACE_CURVE('',#4296,(#4300,#4307),.PCURVE_S1.);
#4296 = LINE('',#4297,#4298);
#4297 = CARTESIAN_POINT('',(8.786032060622E-18,0.7,3.278991804717E-17));
#4298 = VECTOR('',#4299,1.);
#4299 = DIRECTION('',(0.866025403784,1.255147437232E-17,-0.5));
#4300 = PCURVE('',#4190,#4301);
#4301 = DEFINITIONAL_REPRESENTATION('',(#4302),#4306);
#4302 = LINE('',#4303,#4304);
#4303 = CARTESIAN_POINT('',(-1.063437012712E-32,0.7));
#4304 = VECTOR('',#4305,1.);
#4305 = DIRECTION('',(1.,-1.54536800422E-33));
#4306 = ( GEOMETRIC_REPRESENTATION_CONTEXT(2) 
PARAMETRIC_REPRESENTATION_CONTEXT() REPRESENTATION_CONTEXT('2D SPACE',''
  ) );
#4307 = PCURVE('',#4308,#4313);
#4308 = PLANE('',#4309);
#4309 = AXIS2_PLACEMENT_3D('',#4310,#4311,#4312);
#4310 = CARTESIAN_POINT('',(8.786032060622E-18,0.7,3.278991804717E-17));
#4311 = DIRECTION('',(-9.368548013477E-17,-1.,0.));
#4312 = DIRECTION('',(1.,-9.368548013477E-17,0.));
#4313 = DEFINITIONAL_REPRESENTATION('',(#4314),#4318);
#4314 = LINE('',#4315,#4316);
#4315 = CARTESIAN_POINT('',(-1.54074395551E-33,0.));
#4316 = VECTOR('',#4317,1.);
#4317 = DIRECTION('',(0.866025403784,-0.5));
#4318 = ( GEOMETRIC_REPRESENTATION_CONTEXT(2) 
PARAMETRIC_REPRESENTATION_CONTEXT() REPRESENTATION_CONTEXT('2D SPACE',''
  ) );
#4319 = ORIENTED_EDGE('',*,*,#4320,.F.);
#4320 = EDGE_CURVE('',#4321,#4293,#4323,.T.);
#4321 = VERTEX_POINT('',#4322);
#4322 = CARTESIAN_POINT('',(3.524521992146,1.2,-2.03488372093));
#4323 = SURFACE_CURVE('',#4324,(#4328,#4335),.PCURVE_S1.);
#4324 = LINE('',#4325,#4326);
#4325 = CARTESIAN_POINT('',(3.524521992146,5.10815817478E-17,
    -2.03488372093));
#4326 = VECTOR('',#4327,1.);
#4327 = DIRECTION('',(-1.255147437232E-17,-1.,-4.684274006739E-17));
#4328 = PCURVE('',#4190,#4329);
#4329 = DEFINITIONAL_REPRESENTATION('',(#4330),#4334);
#4330 = LINE('',#4331,#4332);
#4331 = CARTESIAN_POINT('',(4.06976744186,-5.899768635408E-33));
#4332 = VECTOR('',#4333,1.);
#4333 = DIRECTION('',(7.70834382626E-33,-1.));
#4334 = ( GEOMETRIC_REPRESENTATION_CONTEXT(2) 
PARAMETRIC_REPRESENTATION_CONTEXT() REPRESENTATION_CONTEXT('2D SPACE',''
  ) );
#4335 = PCURVE('',#4336,#4341);
#4336 = CYLINDRICAL_SURFACE('',#4337,4.06976744186);
#4337 = AXIS2_PLACEMENT_3D('',#4338,#4339,#4340);
#4338 = CARTESIAN_POINT('',(0.,0.,0.));
#4339 = DIRECTION('',(-9.368548013477E-17,-1.,-0.));
#4340 = DIRECTION('',(1.,-9.368548013477E-17,0.));
#4341 = DEFINITIONAL_REPRESENTATION('',(#4342),#4345);
#4342 = B_SPLINE_CURVE_WITH_KNOTS('',1,(#4343,#4344),.UNSPECIFIED.,.F.,
  .F.,(2,2),(-1.2,-0.7),.PIECEWISE_BEZIER_KNOTS.);
#4343 = CARTESIAN_POINT('',(5.759586531581,-1.2));
#4344 = CARTESIAN_POINT('',(5.759586531581,-0.7));
#4345 = ( GEOMETRIC_REPRESENTATION_CONTEXT(2) 
PARAMETRIC_REPRESENTATION_CONTEXT() REPRESENTATION_CONTEXT('2D SPACE',''
  ) );
#4346 = ORIENTED_EDGE('',*,*,#4347,.F.);
#4347 = EDGE_CURVE('',#4348,#4321,#4350,.T.);
#4348 = VERTEX_POINT('',#4349);
#4349 = CARTESIAN_POINT('',(4.180791560529E-16,1.2,-1.764709086798E-16)
  );
#4350 = SURFACE_CURVE('',#4351,(#4355,#4362),.PCURVE_S1.);
#4351 = LINE('',#4352,#4353);
#4352 = CARTESIAN_POINT('',(7.043279302881E-17,1.2,2.424281259501E-17));
#4353 = VECTOR('',#4354,1.);
#4354 = DIRECTION('',(0.866025403784,-4.072931810411E-17,-0.5));
#4355 = PCURVE('',#4190,#4356);
#4356 = DEFINITIONAL_REPRESENTATION('',(#4357),#4361);
#4357 = LINE('',#4358,#4359);
#4358 = CARTESIAN_POINT('',(6.393695097172E-17,1.2));
#4359 = VECTOR('',#4360,1.);
#4360 = DIRECTION('',(1.,-5.328079247643E-17));
#4361 = ( GEOMETRIC_REPRESENTATION_CONTEXT(2) 
PARAMETRIC_REPRESENTATION_CONTEXT() REPRESENTATION_CONTEXT('2D SPACE',''
  ) );
#4362 = PCURVE('',#4363,#4368);
#4363 = PLANE('',#4364);
#4364 = AXIS2_PLACEMENT_3D('',#4365,#4366,#4367);
#4365 = CARTESIAN_POINT('',(7.043279302881E-17,1.2,2.424281259501E-17));
#4366 = DIRECTION('',(-9.368548013477E-17,-1.,0.));
#4367 = DIRECTION('',(1.,-9.368548013477E-17,0.));
#4368 = DEFINITIONAL_REPRESENTATION('',(#4369),#4373);
#4369 = LINE('',#4370,#4371);
#4370 = CARTESIAN_POINT('',(1.232595164408E-32,0.));
#4371 = VECTOR('',#4372,1.);
#4372 = DIRECTION('',(0.866025403784,-0.5));
#4373 = ( GEOMETRIC_REPRESENTATION_CONTEXT(2) 
PARAMETRIC_REPRESENTATION_CONTEXT() REPRESENTATION_CONTEXT('2D SPACE',''
  ) );
#4374 = ORIENTED_EDGE('',*,*,#4375,.F.);
#4375 = EDGE_CURVE('',#4376,#4348,#4378,.T.);
#4376 = VERTEX_POINT('',#4377);
#4377 = CARTESIAN_POINT('',(1.851809972364E-15,19.7,-3.583043685537E-18)
  );
#4378 = SURFACE_CURVE('',#4379,(#4383,#4390),.PCURVE_S1.);
#4379 = LINE('',#4380,#4381);
#4380 = CARTESIAN_POINT('',(4.137342472725E-16,-2.734915644618E-32,
    -2.388695790358E-16));
#4381 = VECTOR('',#4382,1.);
#4382 = DIRECTION('',(-7.299876777115E-17,-1.,-1.194347895179E-17));
#4383 = PCURVE('',#4190,#4384);
#4384 = DEFINITIONAL_REPRESENTATION('',(#4385),#4389);
#4385 = LINE('',#4386,#4387);
#4386 = CARTESIAN_POINT('',(4.777391580715E-16,-3.334548724537E-32));
#4387 = VECTOR('',#4388,1.);
#4388 = DIRECTION('',(-6.97985222312E-17,-1.));
#4389 = ( GEOMETRIC_REPRESENTATION_CONTEXT(2) 
PARAMETRIC_REPRESENTATION_CONTEXT() REPRESENTATION_CONTEXT('2D SPACE',''
  ) );
#4390 = PCURVE('',#4134,#4391);
#4391 = DEFINITIONAL_REPRESENTATION('',(#4392),#4396);
#4392 = LINE('',#4393,#4394);
#4393 = CARTESIAN_POINT('',(2.388695790358E-16,-1.096687604381E-32));
#4394 = VECTOR('',#4395,1.);
#4395 = DIRECTION('',(-8.174200118298E-17,-1.));
#4396 = ( GEOMETRIC_REPRESENTATION_CONTEXT(2) 
PARAMETRIC_REPRESENTATION_CONTEXT() REPRESENTATION_CONTEXT('2D SPACE',''
  ) );
#4397 = ORIENTED_EDGE('',*,*,#4398,.T.);
#4398 = EDGE_CURVE('',#4376,#4399,#4401,.T.);
#4399 = VERTEX_POINT('',#4400);
#4400 = CARTESIAN_POINT('',(3.351316911389,19.7,-1.93488372093));
#4401 = SURFACE_CURVE('',#4402,(#4406,#4413),.PCURVE_S1.);
#4402 = LINE('',#4403,#4404);
#4403 = CARTESIAN_POINT('',(2.472640451346E-16,19.7,9.228019793275E-16)
  );
#4404 = VECTOR('',#4405,1.);
#4405 = DIRECTION('',(0.866025403784,1.255147437232E-17,-0.5));
#4406 = PCURVE('',#4190,#4407);
#4407 = DEFINITIONAL_REPRESENTATION('',(#4408),#4412);
#4408 = LINE('',#4409,#4410);
#4409 = CARTESIAN_POINT('',(-2.279671247795E-31,19.7));
#4410 = VECTOR('',#4411,1.);
#4411 = DIRECTION('',(1.,-1.54536800422E-33));
#4412 = ( GEOMETRIC_REPRESENTATION_CONTEXT(2) 
PARAMETRIC_REPRESENTATION_CONTEXT() REPRESENTATION_CONTEXT('2D SPACE',''
  ) );
#4413 = PCURVE('',#4414,#4419);
#4414 = PLANE('',#4415);
#4415 = AXIS2_PLACEMENT_3D('',#4416,#4417,#4418);
#4416 = CARTESIAN_POINT('',(2.472640451346E-16,19.7,9.228019793275E-16)
  );
#4417 = DIRECTION('',(-9.368548013477E-17,-1.,0.));
#4418 = DIRECTION('',(1.,-9.368548013477E-17,0.));
#4419 = DEFINITIONAL_REPRESENTATION('',(#4420),#4424);
#4420 = LINE('',#4421,#4422);
#4421 = CARTESIAN_POINT('',(0.,0.));
#4422 = VECTOR('',#4423,1.);
#4423 = DIRECTION('',(0.866025403784,-0.5));
#4424 = ( GEOMETRIC_REPRESENTATION_CONTEXT(2) 
PARAMETRIC_REPRESENTATION_CONTEXT() REPRESENTATION_CONTEXT('2D SPACE',''
  ) );
#4425 = ORIENTED_EDGE('',*,*,#4426,.F.);
#4426 = EDGE_CURVE('',#4427,#4399,#4429,.T.);
#4427 = VERTEX_POINT('',#4428);
#4428 = CARTESIAN_POINT('',(3.351316911389,20.,-1.93488372093));
#4429 = SURFACE_CURVE('',#4430,(#4434,#4441),.PCURVE_S1.);
#4430 = LINE('',#4431,#4432);
#4431 = CARTESIAN_POINT('',(3.351316911389,4.857128687334E-17,
    -1.93488372093));
#4432 = VECTOR('',#4433,1.);
#4433 = DIRECTION('',(-1.255147437232E-17,-1.,-4.684274006739E-17));
#4434 = PCURVE('',#4190,#4435);
#4435 = DEFINITIONAL_REPRESENTATION('',(#4436),#4440);
#4436 = LINE('',#4437,#4438);
#4437 = CARTESIAN_POINT('',(3.86976744186,-5.816488971873E-33));
#4438 = VECTOR('',#4439,1.);
#4439 = DIRECTION('',(7.70834382626E-33,-1.));
#4440 = ( GEOMETRIC_REPRESENTATION_CONTEXT(2) 
PARAMETRIC_REPRESENTATION_CONTEXT() REPRESENTATION_CONTEXT('2D SPACE',''
  ) );
#4441 = PCURVE('',#4442,#4447);
#4442 = CYLINDRICAL_SURFACE('',#4443,3.86976744186);
#4443 = AXIS2_PLACEMENT_3D('',#4444,#4445,#4446);
#4444 = CARTESIAN_POINT('',(0.,0.,0.));
#4445 = DIRECTION('',(-9.368548013477E-17,-1.,-0.));
#4446 = DIRECTION('',(1.,-9.368548013477E-17,0.));
#4447 = DEFINITIONAL_REPRESENTATION('',(#4448),#4451);
#4448 = B_SPLINE_CURVE_WITH_KNOTS('',1,(#4449,#4450),.UNSPECIFIED.,.F.,
  .F.,(2,2),(-20.,-19.7),.PIECEWISE_BEZIER_KNOTS.);
#4449 = CARTESIAN_POINT('',(5.759586531581,-20.));
#4450 = CARTESIAN_POINT('',(5.759586531581,-19.7));
#4451 = ( GEOMETRIC_REPRESENTATION_CONTEXT(2) 
PARAMETRIC_REPRESENTATION_CONTEXT() REPRESENTATION_CONTEXT('2D SPACE',''
  ) );
#4452 = ORIENTED_EDGE('',*,*,#4453,.T.);
#4453 = EDGE_CURVE('',#4427,#4454,#4456,.T.);
#4454 = VERTEX_POINT('',#4455);
#4455 = CARTESIAN_POINT('',(3.86824680357,20.,-2.233333333333));
#4456 = SURFACE_CURVE('',#4457,(#4461,#4468),.PCURVE_S1.);
#4457 = LINE('',#4458,#4459);
#4458 = CARTESIAN_POINT('',(2.510294874463E-16,20.,9.368548013477E-16));
#4459 = VECTOR('',#4460,1.);
#4460 = DIRECTION('',(0.866025403784,1.255147437232E-17,-0.5));
#4461 = PCURVE('',#4190,#4462);
#4462 = DEFINITIONAL_REPRESENTATION('',(#4463),#4467);
#4463 = LINE('',#4464,#4465);
#4464 = CARTESIAN_POINT('',(-1.418409248811E-31,20.));
#4465 = VECTOR('',#4466,1.);
#4466 = DIRECTION('',(1.,-1.54536800422E-33));
#4467 = ( GEOMETRIC_REPRESENTATION_CONTEXT(2) 
PARAMETRIC_REPRESENTATION_CONTEXT() REPRESENTATION_CONTEXT('2D SPACE',''
  ) );
#4468 = PCURVE('',#4469,#4474);
#4469 = PLANE('',#4470);
#4470 = AXIS2_PLACEMENT_3D('',#4471,#4472,#4473);
#4471 = CARTESIAN_POINT('',(2.510294874463E-16,20.,9.368548013477E-16));
#4472 = DIRECTION('',(-9.368548013477E-17,-1.,0.));
#4473 = DIRECTION('',(1.,-9.368548013477E-17,0.));
#4474 = DEFINITIONAL_REPRESENTATION('',(#4475),#4479);
#4475 = LINE('',#4476,#4477);
#4476 = CARTESIAN_POINT('',(-4.930380657631E-32,0.));
#4477 = VECTOR('',#4478,1.);
#4478 = DIRECTION('',(0.866025403784,-0.5));
#4479 = ( GEOMETRIC_REPRESENTATION_CONTEXT(2) 
PARAMETRIC_REPRESENTATION_CONTEXT() REPRESENTATION_CONTEXT('2D SPACE',''
  ) );
#4480 = ORIENTED_EDGE('',*,*,#4481,.T.);
#4481 = EDGE_CURVE('',#4454,#4482,#4484,.T.);
#4482 = VERTEX_POINT('',#4483);
#4483 = CARTESIAN_POINT('',(4.330127018922,19.466666666667,-2.5));
#4484 = SURFACE_CURVE('',#4485,(#4490,#4501),.PCURVE_S1.);
#4485 = CIRCLE('',#4486,0.533333333333);
#4486 = AXIS2_PLACEMENT_3D('',#4487,#4488,#4489);
#4487 = CARTESIAN_POINT('',(3.86824680357,19.466666666667,
    -2.233333333333));
#4488 = DIRECTION('',(-0.5,4.684274006739E-17,-0.866025403784));
#4489 = DIRECTION('',(0.866025403784,2.541145094187E-33,-0.5));
#4490 = PCURVE('',#4190,#4491);
#4491 = DEFINITIONAL_REPRESENTATION('',(#4492),#4500);
#4492 = ( BOUNDED_CURVE() B_SPLINE_CURVE(2,(#4493,#4494,#4495,#4496,
#4497,#4498,#4499),.UNSPECIFIED.,.T.,.F.) B_SPLINE_CURVE_WITH_KNOTS((1,2
    ,2,2,2,1),(-2.094395102393,0.,2.094395102393,4.188790204786,
6.28318530718,8.377580409573),.UNSPECIFIED.) CURVE() 
GEOMETRIC_REPRESENTATION_ITEM() RATIONAL_B_SPLINE_CURVE((1.,0.5,1.,0.5,
1.,0.5,1.)) REPRESENTATION_ITEM('') );
#4493 = CARTESIAN_POINT('',(5.,19.466666666667));
#4494 = CARTESIAN_POINT('',(5.,18.542906235963));
#4495 = CARTESIAN_POINT('',(4.2,19.004786451315));
#4496 = CARTESIAN_POINT('',(3.4,19.466666666667));
#4497 = CARTESIAN_POINT('',(4.2,19.928546882018));
#4498 = CARTESIAN_POINT('',(5.,20.39042709737));
#4499 = CARTESIAN_POINT('',(5.,19.466666666667));
#4500 = ( GEOMETRIC_REPRESENTATION_CONTEXT(2) 
PARAMETRIC_REPRESENTATION_CONTEXT() REPRESENTATION_CONTEXT('2D SPACE',''
  ) );
#4501 = PCURVE('',#4502,#4507);
#4502 = TOROIDAL_SURFACE('',#4503,4.466666666667,0.533333333333);
#4503 = AXIS2_PLACEMENT_3D('',#4504,#4505,#4506);
#4504 = CARTESIAN_POINT('',(1.734723475977E-15,19.466666666667,0.));
#4505 = DIRECTION('',(-9.368548013477E-17,-1.,-0.));
#4506 = DIRECTION('',(1.,-9.368548013477E-17,0.));
#4507 = DEFINITIONAL_REPRESENTATION('',(#4508),#4511);
#4508 = B_SPLINE_CURVE_WITH_KNOTS('',1,(#4509,#4510),.UNSPECIFIED.,.F.,
  .F.,(2,2),(4.712388980385,6.28318530718),.PIECEWISE_BEZIER_KNOTS.);
#4509 = CARTESIAN_POINT('',(5.759586531581,4.712388980385));
#4510 = CARTESIAN_POINT('',(5.759586531581,6.28318530718));
#4511 = ( GEOMETRIC_REPRESENTATION_CONTEXT(2) 
PARAMETRIC_REPRESENTATION_CONTEXT() REPRESENTATION_CONTEXT('2D SPACE',''
  ) );
#4512 = ORIENTED_EDGE('',*,*,#4513,.T.);
#4513 = EDGE_CURVE('',#4482,#4514,#4516,.T.);
#4514 = VERTEX_POINT('',#4515);
#4515 = CARTESIAN_POINT('',(4.330127018922,6.070318126759,-2.5));
#4516 = SURFACE_CURVE('',#4517,(#4521,#4528),.PCURVE_S1.);
#4517 = LINE('',#4518,#4519);
#4518 = CARTESIAN_POINT('',(4.330127018922,6.275737186159E-17,-2.5));
#4519 = VECTOR('',#4520,1.);
#4520 = DIRECTION('',(-1.255147437232E-17,-1.,-4.684274006739E-17));
#4521 = PCURVE('',#4190,#4522);
#4522 = DEFINITIONAL_REPRESENTATION('',(#4523),#4527);
#4523 = LINE('',#4524,#4525);
#4524 = CARTESIAN_POINT('',(5.,1.383432725861E-32));
#4525 = VECTOR('',#4526,1.);
#4526 = DIRECTION('',(7.70834382626E-33,-1.));
#4527 = ( GEOMETRIC_REPRESENTATION_CONTEXT(2) 
PARAMETRIC_REPRESENTATION_CONTEXT() REPRESENTATION_CONTEXT('2D SPACE',''
  ) );
#4528 = PCURVE('',#4529,#4534);
#4529 = CYLINDRICAL_SURFACE('',#4530,5.);
#4530 = AXIS2_PLACEMENT_3D('',#4531,#4532,#4533);
#4531 = CARTESIAN_POINT('',(0.,0.,0.));
#4532 = DIRECTION('',(-9.368548013477E-17,-1.,-0.));
#4533 = DIRECTION('',(1.,-9.368548013477E-17,0.));
#4534 = DEFINITIONAL_REPRESENTATION('',(#4535),#4538);
#4535 = B_SPLINE_CURVE_WITH_KNOTS('',1,(#4536,#4537),.UNSPECIFIED.,.F.,
  .F.,(2,2),(-19.46666666666,-6.070318126759),.PIECEWISE_BEZIER_KNOTS.);
#4536 = CARTESIAN_POINT('',(5.759586531581,-19.46666666666));
#4537 = CARTESIAN_POINT('',(5.759586531581,-6.070318126759));
#4538 = ( GEOMETRIC_REPRESENTATION_CONTEXT(2) 
PARAMETRIC_REPRESENTATION_CONTEXT() REPRESENTATION_CONTEXT('2D SPACE',''
  ) );
#4539 = ORIENTED_EDGE('',*,*,#4540,.F.);
#4540 = EDGE_CURVE('',#4147,#4514,#4541,.T.);
#4541 = SURFACE_CURVE('',#4542,(#4547,#4554),.PCURVE_S1.);
#4542 = CIRCLE('',#4543,0.744186046512);
#4543 = AXIS2_PLACEMENT_3D('',#4544,#4545,#4546);
#4544 = CARTESIAN_POINT('',(3.685642997501,6.070318126759,
    -2.127906976744));
#4545 = DIRECTION('',(0.5,-4.684274006739E-17,0.866025403784));
#4546 = DIRECTION('',(0.866025403784,-1.275017182109E-34,-0.5));
#4547 = PCURVE('',#4190,#4548);
#4548 = DEFINITIONAL_REPRESENTATION('',(#4549),#4553);
#4549 = CIRCLE('',#4550,0.744186046512);
#4550 = AXIS2_PLACEMENT_2D('',#4551,#4552);
#4551 = CARTESIAN_POINT('',(4.255813953488,6.070318126759));
#4552 = DIRECTION('',(1.,-1.255147437232E-17));
#4553 = ( GEOMETRIC_REPRESENTATION_CONTEXT(2) 
PARAMETRIC_REPRESENTATION_CONTEXT() REPRESENTATION_CONTEXT('2D SPACE',''
  ) );
#4554 = PCURVE('',#4163,#4555);
#4555 = DEFINITIONAL_REPRESENTATION('',(#4556),#4559);
#4556 = B_SPLINE_CURVE_WITH_KNOTS('',1,(#4557,#4558),.UNSPECIFIED.,.F.,
  .F.,(2,2),(5.395977039557,6.28318530718),.PIECEWISE_BEZIER_KNOTS.);
#4557 = CARTESIAN_POINT('',(5.759586531581,0.887208267622));
#4558 = CARTESIAN_POINT('',(5.759586531581,8.881784197001E-16));
#4559 = ( GEOMETRIC_REPRESENTATION_CONTEXT(2) 
PARAMETRIC_REPRESENTATION_CONTEXT() REPRESENTATION_CONTEXT('2D SPACE',''
  ) );
#4560 = ADVANCED_FACE('',(#4561),#4529,.T.);
#4561 = FACE_BOUND('',#4562,.T.);
#4562 = EDGE_LOOP('',(#4563,#4587,#4609,#4631));
#4563 = ORIENTED_EDGE('',*,*,#4564,.F.);
#4564 = EDGE_CURVE('',#4565,#4482,#4567,.T.);
#4565 = VERTEX_POINT('',#4566);
#4566 = CARTESIAN_POINT('',(4.330127018922,19.466666666667,2.5));
#4567 = SURFACE_CURVE('',#4568,(#4573,#4580),.PCURVE_S1.);
#4568 = CIRCLE('',#4569,5.);
#4569 = AXIS2_PLACEMENT_3D('',#4570,#4571,#4572);
#4570 = CARTESIAN_POINT('',(1.82374401329E-15,19.466666666667,0.));
#4571 = DIRECTION('',(0.,1.,0.));
#4572 = DIRECTION('',(0.866025403784,-0.,0.5));
#4573 = PCURVE('',#4529,#4574);
#4574 = DEFINITIONAL_REPRESENTATION('',(#4575),#4579);
#4575 = LINE('',#4576,#4577);
#4576 = CARTESIAN_POINT('',(6.806784082778,-19.46666666666));
#4577 = VECTOR('',#4578,1.);
#4578 = DIRECTION('',(-1.,-0.));
#4579 = ( GEOMETRIC_REPRESENTATION_CONTEXT(2) 
PARAMETRIC_REPRESENTATION_CONTEXT() REPRESENTATION_CONTEXT('2D SPACE',''
  ) );
#4580 = PCURVE('',#4502,#4581);
#4581 = DEFINITIONAL_REPRESENTATION('',(#4582),#4586);
#4582 = LINE('',#4583,#4584);
#4583 = CARTESIAN_POINT('',(6.806784082778,6.28318530718));
#4584 = VECTOR('',#4585,1.);
#4585 = DIRECTION('',(-1.,-0.));
#4586 = ( GEOMETRIC_REPRESENTATION_CONTEXT(2) 
PARAMETRIC_REPRESENTATION_CONTEXT() REPRESENTATION_CONTEXT('2D SPACE',''
  ) );
#4587 = ORIENTED_EDGE('',*,*,#4588,.T.);
#4588 = EDGE_CURVE('',#4565,#4589,#4591,.T.);
#4589 = VERTEX_POINT('',#4590);
#4590 = CARTESIAN_POINT('',(4.330127018922,6.070318126759,2.5));
#4591 = SURFACE_CURVE('',#4592,(#4596,#4602),.PCURVE_S1.);
#4592 = LINE('',#4593,#4594);
#4593 = CARTESIAN_POINT('',(4.330127018922,6.275737186159E-17,2.5));
#4594 = VECTOR('',#4595,1.);
#4595 = DIRECTION('',(-1.255147437232E-17,-1.,4.684274006739E-17));
#4596 = PCURVE('',#4529,#4597);
#4597 = DEFINITIONAL_REPRESENTATION('',(#4598),#4601);
#4598 = B_SPLINE_CURVE_WITH_KNOTS('',1,(#4599,#4600),.UNSPECIFIED.,.F.,
  .F.,(2,2),(-19.46666666666,-6.070318126759),.PIECEWISE_BEZIER_KNOTS.);
#4599 = CARTESIAN_POINT('',(6.806784082778,-19.46666666666));
#4600 = CARTESIAN_POINT('',(6.806784082778,-6.070318126759));
#4601 = ( GEOMETRIC_REPRESENTATION_CONTEXT(2) 
PARAMETRIC_REPRESENTATION_CONTEXT() REPRESENTATION_CONTEXT('2D SPACE',''
  ) );
#4602 = PCURVE('',#4134,#4603);
#4603 = DEFINITIONAL_REPRESENTATION('',(#4604),#4608);
#4604 = LINE('',#4605,#4606);
#4605 = CARTESIAN_POINT('',(5.,-1.004951607614E-32));
#4606 = VECTOR('',#4607,1.);
#4607 = DIRECTION('',(-2.498506872904E-33,-1.));
#4608 = ( GEOMETRIC_REPRESENTATION_CONTEXT(2) 
PARAMETRIC_REPRESENTATION_CONTEXT() REPRESENTATION_CONTEXT('2D SPACE',''
  ) );
#4609 = ORIENTED_EDGE('',*,*,#4610,.T.);
#4610 = EDGE_CURVE('',#4589,#4514,#4611,.T.);
#4611 = SURFACE_CURVE('',#4612,(#4617,#4624),.PCURVE_S1.);
#4612 = CIRCLE('',#4613,5.);
#4613 = AXIS2_PLACEMENT_3D('',#4614,#4615,#4616);
#4614 = CARTESIAN_POINT('',(5.687006682762E-16,6.070318126759,0.));
#4615 = DIRECTION('',(1.7763568394E-16,1.,-3.076740298214E-16));
#4616 = DIRECTION('',(0.866025403784,-3.539854047302E-33,0.5));
#4617 = PCURVE('',#4529,#4618);
#4618 = DEFINITIONAL_REPRESENTATION('',(#4619),#4623);
#4619 = LINE('',#4620,#4621);
#4620 = CARTESIAN_POINT('',(6.806784082778,-6.070318126759));
#4621 = VECTOR('',#4622,1.);
#4622 = DIRECTION('',(-1.,-0.));
#4623 = ( GEOMETRIC_REPRESENTATION_CONTEXT(2) 
PARAMETRIC_REPRESENTATION_CONTEXT() REPRESENTATION_CONTEXT('2D SPACE',''
  ) );
#4624 = PCURVE('',#4163,#4625);
#4625 = DEFINITIONAL_REPRESENTATION('',(#4626),#4630);
#4626 = LINE('',#4627,#4628);
#4627 = CARTESIAN_POINT('',(6.806784082778,0.));
#4628 = VECTOR('',#4629,1.);
#4629 = DIRECTION('',(-1.,-0.));
#4630 = ( GEOMETRIC_REPRESENTATION_CONTEXT(2) 
PARAMETRIC_REPRESENTATION_CONTEXT() REPRESENTATION_CONTEXT('2D SPACE',''
  ) );
#4631 = ORIENTED_EDGE('',*,*,#4513,.F.);
#4632 = ADVANCED_FACE('',(#4633),#4502,.T.);
#4633 = FACE_BOUND('',#4634,.T.);
#4634 = EDGE_LOOP('',(#4635,#4659,#4684,#4685));
#4635 = ORIENTED_EDGE('',*,*,#4636,.T.);
#4636 = EDGE_CURVE('',#4454,#4637,#4639,.T.);
#4637 = VERTEX_POINT('',#4638);
#4638 = CARTESIAN_POINT('',(3.86824680357,20.,2.233333333333));
#4639 = SURFACE_CURVE('',#4640,(#4645,#4652),.PCURVE_S1.);
#4640 = CIRCLE('',#4641,4.466666666667);
#4641 = AXIS2_PLACEMENT_3D('',#4642,#4643,#4644);
#4642 = CARTESIAN_POINT('',(1.873709602695E-15,20.,0.));
#4643 = DIRECTION('',(0.,-1.,0.));
#4644 = DIRECTION('',(0.866025403784,0.,-0.5));
#4645 = PCURVE('',#4502,#4646);
#4646 = DEFINITIONAL_REPRESENTATION('',(#4647),#4651);
#4647 = LINE('',#4648,#4649);
#4648 = CARTESIAN_POINT('',(5.759586531581,4.712388980385));
#4649 = VECTOR('',#4650,1.);
#4650 = DIRECTION('',(1.,0.));
#4651 = ( GEOMETRIC_REPRESENTATION_CONTEXT(2) 
PARAMETRIC_REPRESENTATION_CONTEXT() REPRESENTATION_CONTEXT('2D SPACE',''
  ) );
#4652 = PCURVE('',#4469,#4653);
#4653 = DEFINITIONAL_REPRESENTATION('',(#4654),#4658);
#4654 = CIRCLE('',#4655,4.466666666667);
#4655 = AXIS2_PLACEMENT_2D('',#4656,#4657);
#4656 = CARTESIAN_POINT('',(1.622680115249E-15,-9.368548013477E-16));
#4657 = DIRECTION('',(0.866025403784,-0.5));
#4658 = ( GEOMETRIC_REPRESENTATION_CONTEXT(2) 
PARAMETRIC_REPRESENTATION_CONTEXT() REPRESENTATION_CONTEXT('2D SPACE',''
  ) );
#4659 = ORIENTED_EDGE('',*,*,#4660,.T.);
#4660 = EDGE_CURVE('',#4637,#4565,#4661,.T.);
#4661 = SURFACE_CURVE('',#4662,(#4667,#4673),.PCURVE_S1.);
#4662 = CIRCLE('',#4663,0.533333333333);
#4663 = AXIS2_PLACEMENT_3D('',#4664,#4665,#4666);
#4664 = CARTESIAN_POINT('',(3.86824680357,19.466666666667,2.233333333333
    ));
#4665 = DIRECTION('',(0.5,-4.684274006739E-17,-0.866025403784));
#4666 = DIRECTION('',(0.866025403784,7.810086334551E-33,0.5));
#4667 = PCURVE('',#4502,#4668);
#4668 = DEFINITIONAL_REPRESENTATION('',(#4669),#4672);
#4669 = B_SPLINE_CURVE_WITH_KNOTS('',1,(#4670,#4671),.UNSPECIFIED.,.F.,
  .F.,(2,2),(4.712388980385,6.28318530718),.PIECEWISE_BEZIER_KNOTS.);
#4670 = CARTESIAN_POINT('',(6.806784082778,4.712388980385));
#4671 = CARTESIAN_POINT('',(6.806784082778,6.28318530718));
#4672 = ( GEOMETRIC_REPRESENTATION_CONTEXT(2) 
PARAMETRIC_REPRESENTATION_CONTEXT() REPRESENTATION_CONTEXT('2D SPACE',''
  ) );
#4673 = PCURVE('',#4134,#4674);
#4674 = DEFINITIONAL_REPRESENTATION('',(#4675),#4683);
#4675 = ( BOUNDED_CURVE() B_SPLINE_CURVE(2,(#4676,#4677,#4678,#4679,
#4680,#4681,#4682),.UNSPECIFIED.,.T.,.F.) B_SPLINE_CURVE_WITH_KNOTS((1,2
    ,2,2,2,1),(-2.094395102393,0.,2.094395102393,4.188790204786,
6.28318530718,8.377580409573),.UNSPECIFIED.) CURVE() 
GEOMETRIC_REPRESENTATION_ITEM() RATIONAL_B_SPLINE_CURVE((1.,0.5,1.,0.5,
1.,0.5,1.)) REPRESENTATION_ITEM('') );
#4676 = CARTESIAN_POINT('',(5.,19.466666666667));
#4677 = CARTESIAN_POINT('',(5.,18.542906235963));
#4678 = CARTESIAN_POINT('',(4.2,19.004786451315));
#4679 = CARTESIAN_POINT('',(3.4,19.466666666667));
#4680 = CARTESIAN_POINT('',(4.2,19.928546882018));
#4681 = CARTESIAN_POINT('',(5.,20.39042709737));
#4682 = CARTESIAN_POINT('',(5.,19.466666666667));
#4683 = ( GEOMETRIC_REPRESENTATION_CONTEXT(2) 
PARAMETRIC_REPRESENTATION_CONTEXT() REPRESENTATION_CONTEXT('2D SPACE',''
  ) );
#4684 = ORIENTED_EDGE('',*,*,#4564,.T.);
#4685 = ORIENTED_EDGE('',*,*,#4481,.F.);
#4686 = ADVANCED_FACE('',(#4687),#4469,.F.);
#4687 = FACE_BOUND('',#4688,.T.);
#4688 = EDGE_LOOP('',(#4689,#4717,#4738,#4739));
#4689 = ORIENTED_EDGE('',*,*,#4690,.F.);
#4690 = EDGE_CURVE('',#4691,#4427,#4693,.T.);
#4691 = VERTEX_POINT('',#4692);
#4692 = CARTESIAN_POINT('',(3.351316911389,20.,1.93488372093));
#4693 = SURFACE_CURVE('',#4694,(#4699,#4710),.PCURVE_S1.);
#4694 = CIRCLE('',#4695,3.86976744186);
#4695 = AXIS2_PLACEMENT_3D('',#4696,#4697,#4698);
#4696 = CARTESIAN_POINT('',(1.873709602695E-15,20.,0.));
#4697 = DIRECTION('',(0.,1.,0.));
#4698 = DIRECTION('',(0.866025403784,-0.,0.5));
#4699 = PCURVE('',#4469,#4700);
#4700 = DEFINITIONAL_REPRESENTATION('',(#4701),#4709);
#4701 = ( BOUNDED_CURVE() B_SPLINE_CURVE(2,(#4702,#4703,#4704,#4705,
#4706,#4707,#4708),.UNSPECIFIED.,.T.,.F.) B_SPLINE_CURVE_WITH_KNOTS((1,2
    ,2,2,2,1),(-2.094395102393,0.,2.094395102393,4.188790204786,
6.28318530718,8.377580409573),.UNSPECIFIED.) CURVE() 
GEOMETRIC_REPRESENTATION_ITEM() RATIONAL_B_SPLINE_CURVE((1.,0.5,1.,0.5,
1.,0.5,1.)) REPRESENTATION_ITEM('') );
#4702 = CARTESIAN_POINT('',(3.351316911389,1.93488372093));
#4703 = CARTESIAN_POINT('',(6.702633822778,-3.86976744186));
#4704 = CARTESIAN_POINT('',(6.852284390849E-15,-3.86976744186));
#4705 = CARTESIAN_POINT('',(-6.702633822778,-3.86976744186));
#4706 = CARTESIAN_POINT('',(-3.351316911389,1.93488372093));
#4707 = CARTESIAN_POINT('',(-1.351113555584E-14,7.739534883721));
#4708 = CARTESIAN_POINT('',(3.351316911389,1.93488372093));
#4709 = ( GEOMETRIC_REPRESENTATION_CONTEXT(2) 
PARAMETRIC_REPRESENTATION_CONTEXT() REPRESENTATION_CONTEXT('2D SPACE',''
  ) );
#4710 = PCURVE('',#4442,#4711);
#4711 = DEFINITIONAL_REPRESENTATION('',(#4712),#4716);
#4712 = LINE('',#4713,#4714);
#4713 = CARTESIAN_POINT('',(6.806784082778,-20.));
#4714 = VECTOR('',#4715,1.);
#4715 = DIRECTION('',(-1.,-0.));
#4716 = ( GEOMETRIC_REPRESENTATION_CONTEXT(2) 
PARAMETRIC_REPRESENTATION_CONTEXT() REPRESENTATION_CONTEXT('2D SPACE',''
  ) );
#4717 = ORIENTED_EDGE('',*,*,#4718,.T.);
#4718 = EDGE_CURVE('',#4691,#4637,#4719,.T.);
#4719 = SURFACE_CURVE('',#4720,(#4724,#4731),.PCURVE_S1.);
#4720 = LINE('',#4721,#4722);
#4721 = CARTESIAN_POINT('',(2.510294874463E-16,20.,-9.368548013477E-16)
  );
#4722 = VECTOR('',#4723,1.);
#4723 = DIRECTION('',(0.866025403784,1.255147437232E-17,0.5));
#4724 = PCURVE('',#4469,#4725);
#4725 = DEFINITIONAL_REPRESENTATION('',(#4726),#4730);
#4726 = LINE('',#4727,#4728);
#4727 = CARTESIAN_POINT('',(0.,-1.873709602695E-15));
#4728 = VECTOR('',#4729,1.);
#4729 = DIRECTION('',(0.866025403784,0.5));
#4730 = ( GEOMETRIC_REPRESENTATION_CONTEXT(2) 
PARAMETRIC_REPRESENTATION_CONTEXT() REPRESENTATION_CONTEXT('2D SPACE',''
  ) );
#4731 = PCURVE('',#4134,#4732);
#4732 = DEFINITIONAL_REPRESENTATION('',(#4733),#4737);
#4733 = LINE('',#4734,#4735);
#4734 = CARTESIAN_POINT('',(4.997013745808E-32,20.));
#4735 = VECTOR('',#4736,1.);
#4736 = DIRECTION('',(1.,2.498506872904E-33));
#4737 = ( GEOMETRIC_REPRESENTATION_CONTEXT(2) 
PARAMETRIC_REPRESENTATION_CONTEXT() REPRESENTATION_CONTEXT('2D SPACE',''
  ) );
#4738 = ORIENTED_EDGE('',*,*,#4636,.F.);
#4739 = ORIENTED_EDGE('',*,*,#4453,.F.);
#4740 = ADVANCED_FACE('',(#4741),#4442,.F.);
#4741 = FACE_BOUND('',#4742,.F.);
#4742 = EDGE_LOOP('',(#4743,#4765,#4787,#4788));
#4743 = ORIENTED_EDGE('',*,*,#4744,.T.);
#4744 = EDGE_CURVE('',#4691,#4745,#4747,.T.);
#4745 = VERTEX_POINT('',#4746);
#4746 = CARTESIAN_POINT('',(3.351316911389,19.7,1.93488372093));
#4747 = SURFACE_CURVE('',#4748,(#4752,#4758),.PCURVE_S1.);
#4748 = LINE('',#4749,#4750);
#4749 = CARTESIAN_POINT('',(3.351316911389,4.857128687334E-17,
    1.93488372093));
#4750 = VECTOR('',#4751,1.);
#4751 = DIRECTION('',(-1.255147437232E-17,-1.,4.684274006739E-17));
#4752 = PCURVE('',#4442,#4753);
#4753 = DEFINITIONAL_REPRESENTATION('',(#4754),#4757);
#4754 = B_SPLINE_CURVE_WITH_KNOTS('',1,(#4755,#4756),.UNSPECIFIED.,.F.,
  .F.,(2,2),(-20.,-19.7),.PIECEWISE_BEZIER_KNOTS.);
#4755 = CARTESIAN_POINT('',(6.806784082778,-20.));
#4756 = CARTESIAN_POINT('',(6.806784082778,-19.7));
#4757 = ( GEOMETRIC_REPRESENTATION_CONTEXT(2) 
PARAMETRIC_REPRESENTATION_CONTEXT() REPRESENTATION_CONTEXT('2D SPACE',''
  ) );
#4758 = PCURVE('',#4134,#4759);
#4759 = DEFINITIONAL_REPRESENTATION('',(#4760),#4764);
#4760 = LINE('',#4761,#4762);
#4761 = CARTESIAN_POINT('',(3.86976744186,1.107985430825E-32));
#4762 = VECTOR('',#4763,1.);
#4763 = DIRECTION('',(-2.498506872904E-33,-1.));
#4764 = ( GEOMETRIC_REPRESENTATION_CONTEXT(2) 
PARAMETRIC_REPRESENTATION_CONTEXT() REPRESENTATION_CONTEXT('2D SPACE',''
  ) );
#4765 = ORIENTED_EDGE('',*,*,#4766,.F.);
#4766 = EDGE_CURVE('',#4399,#4745,#4767,.T.);
#4767 = SURFACE_CURVE('',#4768,(#4773,#4780),.PCURVE_S1.);
#4768 = CIRCLE('',#4769,3.86976744186);
#4769 = AXIS2_PLACEMENT_3D('',#4770,#4771,#4772);
#4770 = CARTESIAN_POINT('',(1.845603958655E-15,19.7,0.));
#4771 = DIRECTION('',(0.,-1.,0.));
#4772 = DIRECTION('',(0.866025403784,0.,-0.5));
#4773 = PCURVE('',#4442,#4774);
#4774 = DEFINITIONAL_REPRESENTATION('',(#4775),#4779);
#4775 = LINE('',#4776,#4777);
#4776 = CARTESIAN_POINT('',(5.759586531581,-19.7));
#4777 = VECTOR('',#4778,1.);
#4778 = DIRECTION('',(1.,0.));
#4779 = ( GEOMETRIC_REPRESENTATION_CONTEXT(2) 
PARAMETRIC_REPRESENTATION_CONTEXT() REPRESENTATION_CONTEXT('2D SPACE',''
  ) );
#4780 = PCURVE('',#4414,#4781);
#4781 = DEFINITIONAL_REPRESENTATION('',(#4782),#4786);
#4782 = CIRCLE('',#4783,3.86976744186);
#4783 = AXIS2_PLACEMENT_2D('',#4784,#4785);
#4784 = CARTESIAN_POINT('',(1.59833991352E-15,-9.228019793275E-16));
#4785 = DIRECTION('',(0.866025403784,-0.5));
#4786 = ( GEOMETRIC_REPRESENTATION_CONTEXT(2) 
PARAMETRIC_REPRESENTATION_CONTEXT() REPRESENTATION_CONTEXT('2D SPACE',''
  ) );
#4787 = ORIENTED_EDGE('',*,*,#4426,.F.);
#4788 = ORIENTED_EDGE('',*,*,#4690,.F.);
#4789 = ADVANCED_FACE('',(#4790),#4414,.F.);
#4790 = FACE_BOUND('',#4791,.T.);
#4791 = EDGE_LOOP('',(#4792,#4813,#4814));
#4792 = ORIENTED_EDGE('',*,*,#4793,.T.);
#4793 = EDGE_CURVE('',#4376,#4745,#4794,.T.);
#4794 = SURFACE_CURVE('',#4795,(#4799,#4806),.PCURVE_S1.);
#4795 = LINE('',#4796,#4797);
#4796 = CARTESIAN_POINT('',(2.472640451346E-16,19.7,-9.228019793275E-16)
  );
#4797 = VECTOR('',#4798,1.);
#4798 = DIRECTION('',(0.866025403784,1.255147437232E-17,0.5));
#4799 = PCURVE('',#4414,#4800);
#4800 = DEFINITIONAL_REPRESENTATION('',(#4801),#4805);
#4801 = LINE('',#4802,#4803);
#4802 = CARTESIAN_POINT('',(1.479114197289E-31,-1.845603958655E-15));
#4803 = VECTOR('',#4804,1.);
#4804 = DIRECTION('',(0.866025403784,0.5));
#4805 = ( GEOMETRIC_REPRESENTATION_CONTEXT(2) 
PARAMETRIC_REPRESENTATION_CONTEXT() REPRESENTATION_CONTEXT('2D SPACE',''
  ) );
#4806 = PCURVE('',#4134,#4807);
#4807 = DEFINITIONAL_REPRESENTATION('',(#4808),#4812);
#4808 = LINE('',#4809,#4810);
#4809 = CARTESIAN_POINT('',(-3.459588578353E-32,19.7));
#4810 = VECTOR('',#4811,1.);
#4811 = DIRECTION('',(1.,2.498506872904E-33));
#4812 = ( GEOMETRIC_REPRESENTATION_CONTEXT(2) 
PARAMETRIC_REPRESENTATION_CONTEXT() REPRESENTATION_CONTEXT('2D SPACE',''
  ) );
#4813 = ORIENTED_EDGE('',*,*,#4766,.F.);
#4814 = ORIENTED_EDGE('',*,*,#4398,.F.);
#4815 = ADVANCED_FACE('',(#4816),#4363,.T.);
#4816 = FACE_BOUND('',#4817,.T.);
#4817 = EDGE_LOOP('',(#4818,#4846,#4867));
#4818 = ORIENTED_EDGE('',*,*,#4819,.F.);
#4819 = EDGE_CURVE('',#4820,#4321,#4822,.T.);
#4820 = VERTEX_POINT('',#4821);
#4821 = CARTESIAN_POINT('',(3.524521992146,1.2,2.03488372093));
#4822 = SURFACE_CURVE('',#4823,(#4828,#4839),.PCURVE_S1.);
#4823 = CIRCLE('',#4824,4.06976744186);
#4824 = AXIS2_PLACEMENT_3D('',#4825,#4826,#4827);
#4825 = CARTESIAN_POINT('',(1.124225761617E-16,1.2,0.));
#4826 = DIRECTION('',(1.091190629917E-16,1.,2.923836480747E-17));
#4827 = DIRECTION('',(0.866025403784,-1.091190629917E-16,0.5));
#4828 = PCURVE('',#4363,#4829);
#4829 = DEFINITIONAL_REPRESENTATION('',(#4830),#4838);
#4830 = ( BOUNDED_CURVE() B_SPLINE_CURVE(2,(#4831,#4832,#4833,#4834,
#4835,#4836,#4837),.UNSPECIFIED.,.T.,.F.) B_SPLINE_CURVE_WITH_KNOTS((1,2
    ,2,2,2,1),(-2.094395102393,0.,2.094395102393,4.188790204786,
6.28318530718,8.377580409573),.UNSPECIFIED.) CURVE() 
GEOMETRIC_REPRESENTATION_ITEM() RATIONAL_B_SPLINE_CURVE((1.,0.5,1.,0.5,
1.,0.5,1.)) REPRESENTATION_ITEM('') );
#4831 = CARTESIAN_POINT('',(3.524521992146,2.03488372093));
#4832 = CARTESIAN_POINT('',(7.049043984292,-4.06976744186));
#4833 = CARTESIAN_POINT('',(5.906185271143E-15,-4.06976744186));
#4834 = CARTESIAN_POINT('',(-7.049043984292,-4.06976744186));
#4835 = CARTESIAN_POINT('',(-3.524521992146,2.03488372093));
#4836 = CARTESIAN_POINT('',(-1.59764157755E-14,8.139534883721));
#4837 = CARTESIAN_POINT('',(3.524521992146,2.03488372093));
#4838 = ( GEOMETRIC_REPRESENTATION_CONTEXT(2) 
PARAMETRIC_REPRESENTATION_CONTEXT() REPRESENTATION_CONTEXT('2D SPACE',''
  ) );
#4839 = PCURVE('',#4336,#4840);
#4840 = DEFINITIONAL_REPRESENTATION('',(#4841),#4845);
#4841 = LINE('',#4842,#4843);
#4842 = CARTESIAN_POINT('',(6.806784082778,-1.2));
#4843 = VECTOR('',#4844,1.);
#4844 = DIRECTION('',(-1.,-0.));
#4845 = ( GEOMETRIC_REPRESENTATION_CONTEXT(2) 
PARAMETRIC_REPRESENTATION_CONTEXT() REPRESENTATION_CONTEXT('2D SPACE',''
  ) );
#4846 = ORIENTED_EDGE('',*,*,#4847,.F.);
#4847 = EDGE_CURVE('',#4348,#4820,#4848,.T.);
#4848 = SURFACE_CURVE('',#4849,(#4853,#4860),.PCURVE_S1.);
#4849 = LINE('',#4850,#4851);
#4850 = CARTESIAN_POINT('',(7.043279302881E-17,1.2,-2.424281259501E-17)
  );
#4851 = VECTOR('',#4852,1.);
#4852 = DIRECTION('',(0.866025403784,-4.072931810411E-17,0.5));
#4853 = PCURVE('',#4363,#4854);
#4854 = DEFINITIONAL_REPRESENTATION('',(#4855),#4859);
#4855 = LINE('',#4856,#4857);
#4856 = CARTESIAN_POINT('',(2.465190328816E-32,-4.848562519001E-17));
#4857 = VECTOR('',#4858,1.);
#4858 = DIRECTION('',(0.866025403784,0.5));
#4859 = ( GEOMETRIC_REPRESENTATION_CONTEXT(2) 
PARAMETRIC_REPRESENTATION_CONTEXT() REPRESENTATION_CONTEXT('2D SPACE',''
  ) );
#4860 = PCURVE('',#4134,#4861);
#4861 = DEFINITIONAL_REPRESENTATION('',(#4862),#4866);
#4862 = LINE('',#4863,#4864);
#4863 = CARTESIAN_POINT('',(6.393695097172E-17,1.2));
#4864 = VECTOR('',#4865,1.);
#4865 = DIRECTION('',(1.,-5.328079247643E-17));
#4866 = ( GEOMETRIC_REPRESENTATION_CONTEXT(2) 
PARAMETRIC_REPRESENTATION_CONTEXT() REPRESENTATION_CONTEXT('2D SPACE',''
  ) );
#4867 = ORIENTED_EDGE('',*,*,#4347,.T.);
#4868 = ADVANCED_FACE('',(#4869),#4336,.F.);
#4869 = FACE_BOUND('',#4870,.F.);
#4870 = EDGE_LOOP('',(#4871,#4893,#4915,#4916));
#4871 = ORIENTED_EDGE('',*,*,#4872,.T.);
#4872 = EDGE_CURVE('',#4820,#4873,#4875,.T.);
#4873 = VERTEX_POINT('',#4874);
#4874 = CARTESIAN_POINT('',(3.524521992146,0.7,2.03488372093));
#4875 = SURFACE_CURVE('',#4876,(#4880,#4886),.PCURVE_S1.);
#4876 = LINE('',#4877,#4878);
#4877 = CARTESIAN_POINT('',(3.524521992146,5.10815817478E-17,
    2.03488372093));
#4878 = VECTOR('',#4879,1.);
#4879 = DIRECTION('',(-1.255147437232E-17,-1.,4.684274006739E-17));
#4880 = PCURVE('',#4336,#4881);
#4881 = DEFINITIONAL_REPRESENTATION('',(#4882),#4885);
#4882 = B_SPLINE_CURVE_WITH_KNOTS('',1,(#4883,#4884),.UNSPECIFIED.,.F.,
  .F.,(2,2),(-1.2,-0.7),.PIECEWISE_BEZIER_KNOTS.);
#4883 = CARTESIAN_POINT('',(6.806784082778,-1.2));
#4884 = CARTESIAN_POINT('',(6.806784082778,-0.7));
#4885 = ( GEOMETRIC_REPRESENTATION_CONTEXT(2) 
PARAMETRIC_REPRESENTATION_CONTEXT() REPRESENTATION_CONTEXT('2D SPACE',''
  ) );
#4886 = PCURVE('',#4134,#4887);
#4887 = DEFINITIONAL_REPRESENTATION('',(#4888),#4892);
#4888 = LINE('',#4889,#4890);
#4889 = CARTESIAN_POINT('',(4.06976744186,2.444289679458E-33));
#4890 = VECTOR('',#4891,1.);
#4891 = DIRECTION('',(-2.498506872904E-33,-1.));
#4892 = ( GEOMETRIC_REPRESENTATION_CONTEXT(2) 
PARAMETRIC_REPRESENTATION_CONTEXT() REPRESENTATION_CONTEXT('2D SPACE',''
  ) );
#4893 = ORIENTED_EDGE('',*,*,#4894,.F.);
#4894 = EDGE_CURVE('',#4293,#4873,#4895,.T.);
#4895 = SURFACE_CURVE('',#4896,(#4901,#4908),.PCURVE_S1.);
#4896 = CIRCLE('',#4897,4.06976744186);
#4897 = AXIS2_PLACEMENT_3D('',#4898,#4899,#4900);
#4898 = CARTESIAN_POINT('',(6.557983609434E-17,0.7,0.));
#4899 = DIRECTION('',(-8.18392972438E-17,-1.,2.192877360561E-17));
#4900 = DIRECTION('',(0.866025403784,-8.18392972438E-17,-0.5));
#4901 = PCURVE('',#4336,#4902);
#4902 = DEFINITIONAL_REPRESENTATION('',(#4903),#4907);
#4903 = LINE('',#4904,#4905);
#4904 = CARTESIAN_POINT('',(5.759586531581,-0.7));
#4905 = VECTOR('',#4906,1.);
#4906 = DIRECTION('',(1.,0.));
#4907 = ( GEOMETRIC_REPRESENTATION_CONTEXT(2) 
PARAMETRIC_REPRESENTATION_CONTEXT() REPRESENTATION_CONTEXT('2D SPACE',''
  ) );
#4908 = PCURVE('',#4308,#4909);
#4909 = DEFINITIONAL_REPRESENTATION('',(#4910),#4914);
#4910 = CIRCLE('',#4911,4.06976744186);
#4911 = AXIS2_PLACEMENT_2D('',#4912,#4913);
#4912 = CARTESIAN_POINT('',(5.679380403372E-17,-3.278991804717E-17));
#4913 = DIRECTION('',(0.866025403784,-0.5));
#4914 = ( GEOMETRIC_REPRESENTATION_CONTEXT(2) 
PARAMETRIC_REPRESENTATION_CONTEXT() REPRESENTATION_CONTEXT('2D SPACE',''
  ) );
#4915 = ORIENTED_EDGE('',*,*,#4320,.F.);
#4916 = ORIENTED_EDGE('',*,*,#4819,.F.);
#4917 = ADVANCED_FACE('',(#4918),#4308,.T.);
#4918 = FACE_BOUND('',#4919,.T.);
#4919 = EDGE_LOOP('',(#4920,#4948,#4969,#4970));
#4920 = ORIENTED_EDGE('',*,*,#4921,.F.);
#4921 = EDGE_CURVE('',#4922,#4265,#4924,.T.);
#4922 = VERTEX_POINT('',#4923);
#4923 = CARTESIAN_POINT('',(3.86824680357,0.7,2.233333333333));
#4924 = SURFACE_CURVE('',#4925,(#4930,#4941),.PCURVE_S1.);
#4925 = CIRCLE('',#4926,4.466666666667);
#4926 = AXIS2_PLACEMENT_3D('',#4927,#4928,#4929);
#4927 = CARTESIAN_POINT('',(6.557983609434E-17,0.7,0.));
#4928 = DIRECTION('',(9.942295742912E-17,1.,-2.307117756231E-17));
#4929 = DIRECTION('',(0.866025403784,-7.456721807184E-17,0.5));
#4930 = PCURVE('',#4308,#4931);
#4931 = DEFINITIONAL_REPRESENTATION('',(#4932),#4940);
#4932 = ( BOUNDED_CURVE() B_SPLINE_CURVE(2,(#4933,#4934,#4935,#4936,
#4937,#4938,#4939),.UNSPECIFIED.,.T.,.F.) B_SPLINE_CURVE_WITH_KNOTS((1,2
    ,2,2,2,1),(-2.094395102393,0.,2.094395102393,4.188790204786,
6.28318530718,8.377580409573),.UNSPECIFIED.) CURVE() 
GEOMETRIC_REPRESENTATION_ITEM() RATIONAL_B_SPLINE_CURVE((1.,0.5,1.,0.5,
1.,0.5,1.)) REPRESENTATION_ITEM('') );
#4933 = CARTESIAN_POINT('',(3.86824680357,2.233333333333));
#4934 = CARTESIAN_POINT('',(7.736493607141,-4.466666666667));
#4935 = CARTESIAN_POINT('',(5.904499803238E-15,-4.466666666667));
#4936 = CARTESIAN_POINT('',(-7.736493607141,-4.466666666667));
#4937 = CARTESIAN_POINT('',(-3.86824680357,2.233333333333));
#4938 = CARTESIAN_POINT('',(-1.669781785155E-14,8.933333333333));
#4939 = CARTESIAN_POINT('',(3.86824680357,2.233333333333));
#4940 = ( GEOMETRIC_REPRESENTATION_CONTEXT(2) 
PARAMETRIC_REPRESENTATION_CONTEXT() REPRESENTATION_CONTEXT('2D SPACE',''
  ) );
#4941 = PCURVE('',#4281,#4942);
#4942 = DEFINITIONAL_REPRESENTATION('',(#4943),#4947);
#4943 = LINE('',#4944,#4945);
#4944 = CARTESIAN_POINT('',(6.806784082778,1.570796326795));
#4945 = VECTOR('',#4946,1.);
#4946 = DIRECTION('',(-1.,-0.));
#4947 = ( GEOMETRIC_REPRESENTATION_CONTEXT(2) 
PARAMETRIC_REPRESENTATION_CONTEXT() REPRESENTATION_CONTEXT('2D SPACE',''
  ) );
#4948 = ORIENTED_EDGE('',*,*,#4949,.F.);
#4949 = EDGE_CURVE('',#4873,#4922,#4950,.T.);
#4950 = SURFACE_CURVE('',#4951,(#4955,#4962),.PCURVE_S1.);
#4951 = LINE('',#4952,#4953);
#4952 = CARTESIAN_POINT('',(8.786032060622E-18,0.7,-3.278991804717E-17)
  );
#4953 = VECTOR('',#4954,1.);
#4954 = DIRECTION('',(0.866025403784,1.255147437232E-17,0.5));
#4955 = PCURVE('',#4308,#4956);
#4956 = DEFINITIONAL_REPRESENTATION('',(#4957),#4961);
#4957 = LINE('',#4958,#4959);
#4958 = CARTESIAN_POINT('',(3.08148791102E-33,-6.557983609434E-17));
#4959 = VECTOR('',#4960,1.);
#4960 = DIRECTION('',(0.866025403784,0.5));
#4961 = ( GEOMETRIC_REPRESENTATION_CONTEXT(2) 
PARAMETRIC_REPRESENTATION_CONTEXT() REPRESENTATION_CONTEXT('2D SPACE',''
  ) );
#4962 = PCURVE('',#4134,#4963);
#4963 = DEFINITIONAL_REPRESENTATION('',(#4964),#4968);
#4964 = LINE('',#4965,#4966);
#4965 = CARTESIAN_POINT('',(1.132657228829E-33,0.7));
#4966 = VECTOR('',#4967,1.);
#4967 = DIRECTION('',(1.,2.498506872904E-33));
#4968 = ( GEOMETRIC_REPRESENTATION_CONTEXT(2) 
PARAMETRIC_REPRESENTATION_CONTEXT() REPRESENTATION_CONTEXT('2D SPACE',''
  ) );
#4969 = ORIENTED_EDGE('',*,*,#4894,.F.);
#4970 = ORIENTED_EDGE('',*,*,#4292,.T.);
#4971 = ADVANCED_FACE('',(#4972),#4281,.T.);
#4972 = FACE_BOUND('',#4973,.T.);
#4973 = EDGE_LOOP('',(#4974,#4998,#5019,#5020));
#4974 = ORIENTED_EDGE('',*,*,#4975,.F.);
#4975 = EDGE_CURVE('',#4976,#4238,#4978,.T.);
#4976 = VERTEX_POINT('',#4977);
#4977 = CARTESIAN_POINT('',(4.330127018922,1.233333333333,2.5));
#4978 = SURFACE_CURVE('',#4979,(#4984,#4991),.PCURVE_S1.);
#4979 = CIRCLE('',#4980,5.);
#4980 = AXIS2_PLACEMENT_3D('',#4981,#4982,#4983);
#4981 = CARTESIAN_POINT('',(1.155454254996E-16,1.233333333333,0.));
#4982 = DIRECTION('',(8.881784197001E-17,1.,2.379866902934E-17));
#4983 = DIRECTION('',(0.866025403784,-8.881784197001E-17,0.5));
#4984 = PCURVE('',#4281,#4985);
#4985 = DEFINITIONAL_REPRESENTATION('',(#4986),#4990);
#4986 = LINE('',#4987,#4988);
#4987 = CARTESIAN_POINT('',(6.806784082778,0.));
#4988 = VECTOR('',#4989,1.);
#4989 = DIRECTION('',(-1.,-0.));
#4990 = ( GEOMETRIC_REPRESENTATION_CONTEXT(2) 
PARAMETRIC_REPRESENTATION_CONTEXT() REPRESENTATION_CONTEXT('2D SPACE',''
  ) );
#4991 = PCURVE('',#4253,#4992);
#4992 = DEFINITIONAL_REPRESENTATION('',(#4993),#4997);
#4993 = LINE('',#4994,#4995);
#4994 = CARTESIAN_POINT('',(6.806784082778,-1.233333333333));
#4995 = VECTOR('',#4996,1.);
#4996 = DIRECTION('',(-1.,-0.));
#4997 = ( GEOMETRIC_REPRESENTATION_CONTEXT(2) 
PARAMETRIC_REPRESENTATION_CONTEXT() REPRESENTATION_CONTEXT('2D SPACE',''
  ) );
#4998 = ORIENTED_EDGE('',*,*,#4999,.F.);
#4999 = EDGE_CURVE('',#4922,#4976,#5000,.T.);
#5000 = SURFACE_CURVE('',#5001,(#5006,#5012),.PCURVE_S1.);
#5001 = CIRCLE('',#5002,0.533333333333);
#5002 = AXIS2_PLACEMENT_3D('',#5003,#5004,#5005);
#5003 = CARTESIAN_POINT('',(3.86824680357,1.233333333333,2.233333333333)
  );
#5004 = DIRECTION('',(-0.5,4.684274006739E-17,0.866025403784));
#5005 = DIRECTION('',(0.866025403784,-1.169612354948E-32,0.5));
#5006 = PCURVE('',#4281,#5007);
#5007 = DEFINITIONAL_REPRESENTATION('',(#5008),#5011);
#5008 = B_SPLINE_CURVE_WITH_KNOTS('',1,(#5009,#5010),.UNSPECIFIED.,.F.,
  .F.,(2,2),(4.712388980385,6.28318530718),.PIECEWISE_BEZIER_KNOTS.);
#5009 = CARTESIAN_POINT('',(6.806784082778,1.570796326795));
#5010 = CARTESIAN_POINT('',(6.806784082778,8.881784197001E-16));
#5011 = ( GEOMETRIC_REPRESENTATION_CONTEXT(2) 
PARAMETRIC_REPRESENTATION_CONTEXT() REPRESENTATION_CONTEXT('2D SPACE',''
  ) );
#5012 = PCURVE('',#4134,#5013);
#5013 = DEFINITIONAL_REPRESENTATION('',(#5014),#5018);
#5014 = CIRCLE('',#5015,0.533333333333);
#5015 = AXIS2_PLACEMENT_2D('',#5016,#5017);
#5016 = CARTESIAN_POINT('',(4.466666666667,1.233333333333));
#5017 = DIRECTION('',(1.,-1.255147437232E-17));
#5018 = ( GEOMETRIC_REPRESENTATION_CONTEXT(2) 
PARAMETRIC_REPRESENTATION_CONTEXT() REPRESENTATION_CONTEXT('2D SPACE',''
  ) );
#5019 = ORIENTED_EDGE('',*,*,#4921,.T.);
#5020 = ORIENTED_EDGE('',*,*,#4264,.T.);
#5021 = ADVANCED_FACE('',(#5022),#4253,.T.);
#5022 = FACE_BOUND('',#5023,.T.);
#5023 = EDGE_LOOP('',(#5024,#5048,#5068,#5069));
#5024 = ORIENTED_EDGE('',*,*,#5025,.F.);
#5025 = EDGE_CURVE('',#5026,#4211,#5028,.T.);
#5026 = VERTEX_POINT('',#5027);
#5027 = CARTESIAN_POINT('',(4.330127018922,3.329681873241,2.5));
#5028 = SURFACE_CURVE('',#5029,(#5034,#5041),.PCURVE_S1.);
#5029 = CIRCLE('',#5030,5.);
#5030 = AXIS2_PLACEMENT_3D('',#5031,#5032,#5033);
#5031 = CARTESIAN_POINT('',(3.119428449907E-16,3.329681873241,0.));
#5032 = DIRECTION('',(8.881784197001E-17,1.,2.379866902934E-17));
#5033 = DIRECTION('',(0.866025403784,-8.881784197001E-17,0.5));
#5034 = PCURVE('',#4253,#5035);
#5035 = DEFINITIONAL_REPRESENTATION('',(#5036),#5040);
#5036 = LINE('',#5037,#5038);
#5037 = CARTESIAN_POINT('',(6.806784082778,-3.329681873241));
#5038 = VECTOR('',#5039,1.);
#5039 = DIRECTION('',(-1.,-0.));
#5040 = ( GEOMETRIC_REPRESENTATION_CONTEXT(2) 
PARAMETRIC_REPRESENTATION_CONTEXT() REPRESENTATION_CONTEXT('2D SPACE',''
  ) );
#5041 = PCURVE('',#4105,#5042);
#5042 = DEFINITIONAL_REPRESENTATION('',(#5043),#5047);
#5043 = LINE('',#5044,#5045);
#5044 = CARTESIAN_POINT('',(6.806784082778,6.28318530718));
#5045 = VECTOR('',#5046,1.);
#5046 = DIRECTION('',(-1.,-0.));
#5047 = ( GEOMETRIC_REPRESENTATION_CONTEXT(2) 
PARAMETRIC_REPRESENTATION_CONTEXT() REPRESENTATION_CONTEXT('2D SPACE',''
  ) );
#5048 = ORIENTED_EDGE('',*,*,#5049,.T.);
#5049 = EDGE_CURVE('',#5026,#4976,#5050,.T.);
#5050 = SURFACE_CURVE('',#5051,(#5055,#5061),.PCURVE_S1.);
#5051 = LINE('',#5052,#5053);
#5052 = CARTESIAN_POINT('',(4.330127018922,6.275737186159E-17,2.5));
#5053 = VECTOR('',#5054,1.);
#5054 = DIRECTION('',(-1.255147437232E-17,-1.,4.684274006739E-17));
#5055 = PCURVE('',#4253,#5056);
#5056 = DEFINITIONAL_REPRESENTATION('',(#5057),#5060);
#5057 = B_SPLINE_CURVE_WITH_KNOTS('',1,(#5058,#5059),.UNSPECIFIED.,.F.,
  .F.,(2,2),(-3.329681873241,-1.233333333333),.PIECEWISE_BEZIER_KNOTS.);
#5058 = CARTESIAN_POINT('',(6.806784082778,-3.329681873241));
#5059 = CARTESIAN_POINT('',(6.806784082778,-1.233333333333));
#5060 = ( GEOMETRIC_REPRESENTATION_CONTEXT(2) 
PARAMETRIC_REPRESENTATION_CONTEXT() REPRESENTATION_CONTEXT('2D SPACE',''
  ) );
#5061 = PCURVE('',#4134,#5062);
#5062 = DEFINITIONAL_REPRESENTATION('',(#5063),#5067);
#5063 = LINE('',#5064,#5065);
#5064 = CARTESIAN_POINT('',(5.,-1.004951607614E-32));
#5065 = VECTOR('',#5066,1.);
#5066 = DIRECTION('',(-2.498506872904E-33,-1.));
#5067 = ( GEOMETRIC_REPRESENTATION_CONTEXT(2) 
PARAMETRIC_REPRESENTATION_CONTEXT() REPRESENTATION_CONTEXT('2D SPACE',''
  ) );
#5068 = ORIENTED_EDGE('',*,*,#4975,.T.);
#5069 = ORIENTED_EDGE('',*,*,#4237,.F.);
#5070 = ADVANCED_FACE('',(#5071),#4163,.T.);
#5071 = FACE_BOUND('',#5072,.T.);
#5072 = EDGE_LOOP('',(#5073,#5074,#5095,#5096));
#5073 = ORIENTED_EDGE('',*,*,#4610,.F.);
#5074 = ORIENTED_EDGE('',*,*,#5075,.F.);
#5075 = EDGE_CURVE('',#4118,#4589,#5076,.T.);
#5076 = SURFACE_CURVE('',#5077,(#5082,#5088),.PCURVE_S1.);
#5077 = CIRCLE('',#5078,0.744186046512);
#5078 = AXIS2_PLACEMENT_3D('',#5079,#5080,#5081);
#5079 = CARTESIAN_POINT('',(3.685642997501,6.070318126759,2.127906976744
    ));
#5080 = DIRECTION('',(-0.5,4.684274006739E-17,0.866025403784));
#5081 = DIRECTION('',(0.866025403784,5.141439522154E-33,0.5));
#5082 = PCURVE('',#4163,#5083);
#5083 = DEFINITIONAL_REPRESENTATION('',(#5084),#5087);
#5084 = B_SPLINE_CURVE_WITH_KNOTS('',1,(#5085,#5086),.UNSPECIFIED.,.F.,
  .F.,(2,2),(5.395977039557,6.28318530718),.PIECEWISE_BEZIER_KNOTS.);
#5085 = CARTESIAN_POINT('',(6.806784082778,0.887208267622));
#5086 = CARTESIAN_POINT('',(6.806784082778,0.));
#5087 = ( GEOMETRIC_REPRESENTATION_CONTEXT(2) 
PARAMETRIC_REPRESENTATION_CONTEXT() REPRESENTATION_CONTEXT('2D SPACE',''
  ) );
#5088 = PCURVE('',#4134,#5089);
#5089 = DEFINITIONAL_REPRESENTATION('',(#5090),#5094);
#5090 = CIRCLE('',#5091,0.744186046512);
#5091 = AXIS2_PLACEMENT_2D('',#5092,#5093);
#5092 = CARTESIAN_POINT('',(4.255813953488,6.070318126759));
#5093 = DIRECTION('',(1.,-1.255147437232E-17));
#5094 = ( GEOMETRIC_REPRESENTATION_CONTEXT(2) 
PARAMETRIC_REPRESENTATION_CONTEXT() REPRESENTATION_CONTEXT('2D SPACE',''
  ) );
#5095 = ORIENTED_EDGE('',*,*,#4146,.F.);
#5096 = ORIENTED_EDGE('',*,*,#4540,.T.);
#5097 = ADVANCED_FACE('',(#5098),#4134,.T.);
#5098 = FACE_BOUND('',#5099,.T.);
#5099 = EDGE_LOOP('',(#5100,#5101,#5102,#5103,#5104,#5105,#5106,#5107,
    #5108,#5109,#5110,#5111,#5112,#5113));
#5100 = ORIENTED_EDGE('',*,*,#4117,.F.);
#5101 = ORIENTED_EDGE('',*,*,#5075,.T.);
#5102 = ORIENTED_EDGE('',*,*,#4588,.F.);
#5103 = ORIENTED_EDGE('',*,*,#4660,.F.);
#5104 = ORIENTED_EDGE('',*,*,#4718,.F.);
#5105 = ORIENTED_EDGE('',*,*,#4744,.T.);
#5106 = ORIENTED_EDGE('',*,*,#4793,.F.);
#5107 = ORIENTED_EDGE('',*,*,#4375,.T.);
#5108 = ORIENTED_EDGE('',*,*,#4847,.T.);
#5109 = ORIENTED_EDGE('',*,*,#4872,.T.);
#5110 = ORIENTED_EDGE('',*,*,#4949,.T.);
#5111 = ORIENTED_EDGE('',*,*,#4999,.T.);
#5112 = ORIENTED_EDGE('',*,*,#5049,.F.);
#5113 = ORIENTED_EDGE('',*,*,#5114,.F.);
#5114 = EDGE_CURVE('',#4082,#5026,#5115,.T.);
#5115 = SURFACE_CURVE('',#5116,(#5121,#5132),.PCURVE_S1.);
#5116 = CIRCLE('',#5117,0.744186046512);
#5117 = AXIS2_PLACEMENT_3D('',#5118,#5119,#5120);
#5118 = CARTESIAN_POINT('',(3.685642997501,3.329681873241,2.127906976744
    ));
#5119 = DIRECTION('',(0.5,-4.684274006739E-17,-0.866025403784));
#5120 = DIRECTION('',(0.866025403784,4.662069341688E-15,0.5));
#5121 = PCURVE('',#4134,#5122);
#5122 = DEFINITIONAL_REPRESENTATION('',(#5123),#5131);
#5123 = ( BOUNDED_CURVE() B_SPLINE_CURVE(2,(#5124,#5125,#5126,#5127,
#5128,#5129,#5130),.UNSPECIFIED.,.T.,.F.) B_SPLINE_CURVE_WITH_KNOTS((1,2
    ,2,2,2,1),(-2.094395102393,0.,2.094395102393,4.188790204786,
6.28318530718,8.377580409573),.UNSPECIFIED.) CURVE() 
GEOMETRIC_REPRESENTATION_ITEM() RATIONAL_B_SPLINE_CURVE((1.,0.5,1.,0.5,
1.,0.5,1.)) REPRESENTATION_ITEM('') );
#5124 = CARTESIAN_POINT('',(5.,3.329681873241));
#5125 = CARTESIAN_POINT('',(5.,2.040713830399));
#5126 = CARTESIAN_POINT('',(3.883720930233,2.68519785182));
#5127 = CARTESIAN_POINT('',(2.767441860465,3.329681873241));
#5128 = CARTESIAN_POINT('',(3.883720930233,3.974165894662));
#5129 = CARTESIAN_POINT('',(5.,4.618649916083));
#5130 = CARTESIAN_POINT('',(5.,3.329681873241));
#5131 = ( GEOMETRIC_REPRESENTATION_CONTEXT(2) 
PARAMETRIC_REPRESENTATION_CONTEXT() REPRESENTATION_CONTEXT('2D SPACE',''
  ) );
#5132 = PCURVE('',#4105,#5133);
#5133 = DEFINITIONAL_REPRESENTATION('',(#5134),#5137);
#5134 = B_SPLINE_CURVE_WITH_KNOTS('',1,(#5135,#5136),.UNSPECIFIED.,.F.,
  .F.,(2,2),(5.395977039557,6.28318530718),.PIECEWISE_BEZIER_KNOTS.);
#5135 = CARTESIAN_POINT('',(6.806784082778,5.395977039557));
#5136 = CARTESIAN_POINT('',(6.806784082778,6.28318530718));
#5137 = ( GEOMETRIC_REPRESENTATION_CONTEXT(2) 
PARAMETRIC_REPRESENTATION_CONTEXT() REPRESENTATION_CONTEXT('2D SPACE',''
  ) );
#5138 = ADVANCED_FACE('',(#5139),#4105,.T.);
#5139 = FACE_BOUND('',#5140,.T.);
#5140 = EDGE_LOOP('',(#5141,#5142,#5143,#5144));
#5141 = ORIENTED_EDGE('',*,*,#4081,.F.);
#5142 = ORIENTED_EDGE('',*,*,#5114,.T.);
#5143 = ORIENTED_EDGE('',*,*,#5025,.T.);
#5144 = ORIENTED_EDGE('',*,*,#4210,.F.);
#5145 = ( GEOMETRIC_REPRESENTATION_CONTEXT(3) 
GLOBAL_UNCERTAINTY_ASSIGNED_CONTEXT((#5149)) 
GLOBAL_UNIT_ASSIGNED_CONTEXT((#5146,#5147,#5148)) REPRESENTATION_CONTEXT
('Context #1','3D Context with UNIT and UNCERTAINTY') );
#5146 = ( LENGTH_UNIT() NAMED_UNIT(*) SI_UNIT(.MILLI.,.METRE.) );
#5147 = ( NAMED_UNIT(*) PLANE_ANGLE_UNIT() SI_UNIT($,.RADIAN.) );
#5148 = ( NAMED_UNIT(*) SI_UNIT($,.STERADIAN.) SOLID_ANGLE_UNIT() );
#5149 = UNCERTAINTY_MEASURE_WITH_UNIT(LENGTH_MEASURE(1.E-07),#5146,
  'distance_accuracy_value','confusion accuracy');
#5150 = PRODUCT_RELATED_PRODUCT_CATEGORY('part',$,(#7));
#5151 = MECHANICAL_DESIGN_GEOMETRIC_PRESENTATION_REPRESENTATION('',(
    #5152,#5162,#5171,#5180,#5189),#5145);
#5152 = STYLED_ITEM('color',(#5153),#15);
#5153 = PRESENTATION_STYLE_ASSIGNMENT((#5154,#5160));
#5154 = SURFACE_STYLE_USAGE(.BOTH.,#5155);
#5155 = SURFACE_SIDE_STYLE('',(#5156));
#5156 = SURFACE_STYLE_FILL_AREA(#5157);
#5157 = FILL_AREA_STYLE('',(#5158));
#5158 = FILL_AREA_STYLE_COLOUR('',#5159);
#5159 = COLOUR_RGB('',0.792156867455,0.819607826924,0.933333342953);
#5160 = CURVE_STYLE('',#5161,POSITIVE_LENGTH_MEASURE(0.1),#5159);
#5161 = DRAUGHTING_PRE_DEFINED_CURVE_FONT('continuous');
#5162 = STYLED_ITEM('color',(#5163),#1061);
#5163 = PRESENTATION_STYLE_ASSIGNMENT((#5164,#5169));
#5164 = SURFACE_STYLE_USAGE(.BOTH.,#5165);
#5165 = SURFACE_SIDE_STYLE('',(#5166));
#5166 = SURFACE_STYLE_FILL_AREA(#5167);
#5167 = FILL_AREA_STYLE('',(#5168));
#5168 = FILL_AREA_STYLE_COLOUR('',#5159);
#5169 = CURVE_STYLE('',#5170,POSITIVE_LENGTH_MEASURE(0.1),#5159);
#5170 = DRAUGHTING_PRE_DEFINED_CURVE_FONT('continuous');
#5171 = STYLED_ITEM('color',(#5172),#1163);
#5172 = PRESENTATION_STYLE_ASSIGNMENT((#5173,#5178));
#5173 = SURFACE_STYLE_USAGE(.BOTH.,#5174);
#5174 = SURFACE_SIDE_STYLE('',(#5175));
#5175 = SURFACE_STYLE_FILL_AREA(#5176);
#5176 = FILL_AREA_STYLE('',(#5177));
#5177 = FILL_AREA_STYLE_COLOUR('',#5159);
#5178 = CURVE_STYLE('',#5179,POSITIVE_LENGTH_MEASURE(0.1),#5159);
#5179 = DRAUGHTING_PRE_DEFINED_CURVE_FONT('continuous');
#5180 = STYLED_ITEM('color',(#5181),#1265);
#5181 = PRESENTATION_STYLE_ASSIGNMENT((#5182,#5187));
#5182 = SURFACE_STYLE_USAGE(.BOTH.,#5183);
#5183 = SURFACE_SIDE_STYLE('',(#5184));
#5184 = SURFACE_STYLE_FILL_AREA(#5185);
#5185 = FILL_AREA_STYLE('',(#5186));
#5186 = FILL_AREA_STYLE_COLOUR('',#5159);
#5187 = CURVE_STYLE('',#5188,POSITIVE_LENGTH_MEASURE(0.1),#5159);
#5188 = DRAUGHTING_PRE_DEFINED_CURVE_FONT('continuous');
#5189 = STYLED_ITEM('color',(#5190),#4075);
#5190 = PRESENTATION_STYLE_ASSIGNMENT((#5191,#5196));
#5191 = SURFACE_STYLE_USAGE(.BOTH.,#5192);
#5192 = SURFACE_SIDE_STYLE('',(#5193));
#5193 = SURFACE_STYLE_FILL_AREA(#5194);
#5194 = FILL_AREA_STYLE('',(#5195));
#5195 = FILL_AREA_STYLE_COLOUR('',#5159);
#5196 = CURVE_STYLE('',#5197,POSITIVE_LENGTH_MEASURE(0.1),#5159);
#5197 = DRAUGHTING_PRE_DEFINED_CURVE_FONT('continuous');
ENDSEC;
END-ISO-10303-21;
