ISO-10303-21;
HEADER;
FILE_DESCRIPTION (( 'STEP AP214' ),
    '1' );
FILE_NAME ('SLA-12VDC-SL-A.STEP',
    '2025-02-12T18:32:11',
    ( '' ),
    ( '' ),
    'SwSTEP 2.0',
    'SolidWorks 2021',
    '' );
FILE_SCHEMA (( 'AUTOMOTIVE_DESIGN' ));
ENDSEC;

DATA;
#1 =( LENGTH_UNIT ( ) NAMED_UNIT ( * ) SI_UNIT ( .MILLI., .METRE. ) );
#2 = ORIENTED_EDGE ( 'NONE', *, *, #3681, .F. ) ;
#3 = EDGE_CURVE ( 'NONE', #4770, #251, #3316, .T. ) ;
#4 = LINE ( 'NONE', #453, #4050 ) ;
#5 = EDGE_CURVE ( 'NONE', #4975, #1848, #1445, .T. ) ;
#6 = ORIENTED_EDGE ( 'NONE', *, *, #6249, .T. ) ;
#7 = EDGE_CURVE ( 'NONE', #1007, #3143, #7349, .T. ) ;
#8 = ORIENTED_EDGE ( 'NONE', *, *, #2715, .F. ) ;
#9 = DIRECTION ( 'NONE',  ( 1.000000000000000000, 0.000000000000000000, -0.000000000000000000 ) ) ;
#10 =( LENGTH_UNIT ( ) NAMED_UNIT ( * ) SI_UNIT ( .MILLI., .METRE. ) );
#11 =( NAMED_UNIT ( * ) SI_UNIT ( $, .STERADIAN. ) SOLID_ANGLE_UNIT ( ) );
#12 = DIRECTION ( 'NONE',  ( 0.000000000000000000, 1.000000000000000000, 0.000000000000000000 ) ) ;
#13 = CIRCLE ( 'NONE', #2146, 0.8000000000000012657 ) ;
#14 = FILL_AREA_STYLE_COLOUR ( '', #2873 ) ;
#15 = FACE_OUTER_BOUND ( 'NONE', #5474, .T. ) ;
#16 = FILL_AREA_STYLE ('',( #2293 ) ) ;
#17 = VECTOR ( 'NONE', #4535, 1000.000000000000000 ) ;
#18 = SURFACE_STYLE_FILL_AREA ( #4134 ) ;
#19 = LINE ( 'NONE', #4508, #4229 ) ;
#20 = ORIENTED_EDGE ( 'NONE', *, *, #5046, .T. ) ;
#21 = PRESENTATION_LAYER_ASSIGNMENT (  '', '', ( #5365 ) ) ;
#22 = DIRECTION ( 'NONE',  ( -0.7071067811865517916, 0.000000000000000000, -0.7071067811865432429 ) ) ;
#23 = ORIENTED_EDGE ( 'NONE', *, *, #6241, .T. ) ;
#24 = AXIS2_PLACEMENT_3D ( 'NONE', #6098, #4388, #6667 ) ;
#25 = PRESENTATION_STYLE_ASSIGNMENT (( #1698 ) ) ;
#26 = ORIENTED_EDGE ( 'NONE', *, *, #4263, .T. ) ;
#27 = SURFACE_STYLE_FILL_AREA ( #7348 ) ;
#28 = LINE ( 'NONE', #5802, #6312 ) ;
#29 = STYLED_ITEM ( 'NONE', ( #3187 ), #6776 ) ;
#30 = ADVANCED_FACE ( 'NONE', ( #4941 ), #6653, .F. ) ;
#31 = CIRCLE ( 'NONE', #6118, 0.5000000000000004441 ) ;
#32 = ORIENTED_EDGE ( 'NONE', *, *, #2616, .F. ) ;
#33 = SURFACE_STYLE_FILL_AREA ( #2978 ) ;
#34 = ORIENTED_EDGE ( 'NONE', *, *, #6008, .F. ) ;
#35 = FILL_AREA_STYLE ('',( #3357 ) ) ;
#36 = ORIENTED_EDGE ( 'NONE', *, *, #2385, .F. ) ;
#37 = AXIS2_PLACEMENT_3D ( 'NONE', #489, #2746, #1638 ) ;
#38 = SURFACE_STYLE_FILL_AREA ( #5244 ) ;
#39 = UNCERTAINTY_MEASURE_WITH_UNIT (LENGTH_MEASURE( 1.000000000000000082E-05 ), #5978, 'distance_accuracy_value', 'NONE');
#40 = SURFACE_STYLE_FILL_AREA ( #5708 ) ;
#41 = EDGE_CURVE ( 'NONE', #3906, #1887, #6842, .T. ) ;
#42 = PRESENTATION_LAYER_ASSIGNMENT (  '', '', ( #1585 ) ) ;
#43 = ORIENTED_EDGE ( 'NONE', *, *, #6988, .T. ) ;
#44 = FILL_AREA_STYLE_COLOUR ( '', #3836 ) ;
#45 = DIRECTION ( 'NONE',  ( -0.000000000000000000, 0.000000000000000000, 1.000000000000000000 ) ) ;
#46 = CARTESIAN_POINT ( 'NONE',  ( -10.05000000000000426, 1.000000000000000888, 15.00000000000000000 ) ) ;
#47 = EDGE_CURVE ( 'NONE', #3222, #7091, #28, .T. ) ;
#48 = CIRCLE ( 'NONE', #1830, 0.8000000000000008216 ) ;
#49 = CARTESIAN_POINT ( 'NONE',  ( -10.05000000000000426, 1.500000000000000000, 15.00000000000000000 ) ) ;
#50 = VECTOR ( 'NONE', #475, 1000.000000000000000 ) ;
#51 = SURFACE_STYLE_FILL_AREA ( #5218 ) ;
#52 = ORIENTED_EDGE ( 'NONE', *, *, #1286, .F. ) ;
#53 = PRESENTATION_LAYER_ASSIGNMENT (  '', '', ( #5651 ) ) ;
#54 = PRESENTATION_STYLE_ASSIGNMENT (( #1316 ) ) ;
#55 = CARTESIAN_POINT ( 'NONE',  ( -12.30000000000000249, 20.29999999999999716, 0.2499999999999994726 ) ) ;
#56 = CARTESIAN_POINT ( 'NONE',  ( -9.150000000000002132, 0.5000000000000004441, 13.79999999999999893 ) ) ;
#57 = VECTOR ( 'NONE', #4438, 1000.000000000000000 ) ;
#58 = AXIS2_PLACEMENT_3D ( 'NONE', #7230, #1552, #3805 ) ;
#59 = DIRECTION ( 'NONE',  ( 0.000000000000000000, 0.000000000000000000, -1.000000000000000000 ) ) ;
#60 = ORIENTED_EDGE ( 'NONE', *, *, #6157, .F. ) ;
#61 = CARTESIAN_POINT ( 'NONE',  ( -13.50000000000000178, 0.5000000000000004441, 1.749999999999999778 ) ) ;
#62 = LINE ( 'NONE', #4120, #530 ) ;
#63 = CARTESIAN_POINT ( 'NONE',  ( -5.600000000000000533, -2.700000000000025491, 9.900000000018419399 ) ) ;
#64 = STYLED_ITEM ( 'NONE', ( #146 ), #1261 ) ;
#65 = VERTEX_POINT ( 'NONE', #4518 ) ;
#66 = SURFACE_STYLE_USAGE ( .BOTH. , #6915 ) ;
#67 = PRESENTATION_STYLE_ASSIGNMENT (( #6470 ) ) ;
#68 = ORIENTED_EDGE ( 'NONE', *, *, #3459, .T. ) ;
#69 = CARTESIAN_POINT ( 'NONE',  ( 0.3400000000000032441, 20.40000000000000213, 4.051964908660714570 ) ) ;
#70 = MECHANICAL_DESIGN_GEOMETRIC_PRESENTATION_REPRESENTATION (  '', ( #4462 ), #2686 ) ;
#71 = SURFACE_STYLE_FILL_AREA ( #105 ) ;
#72 = STYLED_ITEM ( 'NONE', ( #6748 ), #5512 ) ;
#73 =( GEOMETRIC_REPRESENTATION_CONTEXT ( 3 ) GLOBAL_UNCERTAINTY_ASSIGNED_CONTEXT ( ( #3700 ) ) GLOBAL_UNIT_ASSIGNED_CONTEXT ( ( #10, #1645, #5132 ) ) REPRESENTATION_CONTEXT ( 'NONE', 'WORKASPACE' ) );
#74 = ORIENTED_EDGE ( 'NONE', *, *, #790, .T. ) ;
#75 = EDGE_CURVE ( 'NONE', #4734, #2733, #3983, .T. ) ;
#76 = SURFACE_STYLE_USAGE ( .BOTH. , #5747 ) ;
#77 = DIRECTION ( 'NONE',  ( 1.000000000000000000, 0.000000000000000000, 0.000000000000000000 ) ) ;
#78 = AXIS2_PLACEMENT_3D ( 'NONE', #6434, #1338, #3575 ) ;
#79 = PRESENTATION_LAYER_ASSIGNMENT (  '', '', ( #678 ) ) ;
#80 = FACE_OUTER_BOUND ( 'NONE', #1997, .T. ) ;
#81 = AXIS2_PLACEMENT_3D ( 'NONE', #2507, #5996, #2005 ) ;
#82 = ORIENTED_EDGE ( 'NONE', *, *, #4185, .T. ) ;
#83 = COLOUR_RGB ( '',0.000000000000000000, 0.000000000000000000, 1.000000000000000000 ) ;
#84 = EDGE_CURVE ( 'NONE', #7275, #7091, #2938, .T. ) ;
#85 = VECTOR ( 'NONE', #473, 1000.000000000000000 ) ;
#86 = CARTESIAN_POINT ( 'NONE',  ( 13.71213203435596384, 20.29999999999999716, -8.587867965644122137 ) ) ;
#87 = LINE ( 'NONE', #2336, #6580 ) ;
#88 = ORIENTED_EDGE ( 'NONE', *, *, #178, .F. ) ;
#89 = AXIS2_PLACEMENT_3D ( 'NONE', #983, #3266, #6831 ) ;
#90 = DIRECTION ( 'NONE',  ( 0.000000000000000000, 0.000000000000000000, -1.000000000000000000 ) ) ;
#91 = ORIENTED_EDGE ( 'NONE', *, *, #2596, .F. ) ;
#92 = CARTESIAN_POINT ( 'NONE',  ( 0.3400000000000035771, 20.19999999999999929, 3.742157287525381903 ) ) ;
#93 = DIRECTION ( 'NONE',  ( -0.000000000000000000, 1.000000000000000000, 0.000000000000000000 ) ) ;
#94 = CARTESIAN_POINT ( 'NONE',  ( 0.000000000000000000, 0.5000000000000000000, -11.40839202169004096 ) ) ;
#95 = DIRECTION ( 'NONE',  ( -1.000000000000000000, 0.000000000000000000, -0.000000000000000000 ) ) ;
#96 = AXIS2_PLACEMENT_3D ( 'NONE', #1603, #3288, #6699 ) ;
#97 = UNCERTAINTY_MEASURE_WITH_UNIT (LENGTH_MEASURE( 1.000000000000000082E-05 ), #7197, 'distance_accuracy_value', 'NONE');
#98 =( NAMED_UNIT ( * ) PLANE_ANGLE_UNIT ( ) SI_UNIT ( $, .RADIAN. ) );
#99 =( LENGTH_UNIT ( ) NAMED_UNIT ( * ) SI_UNIT ( .MILLI., .METRE. ) );
#100 = ORIENTED_EDGE ( 'NONE', *, *, #185, .T. ) ;
#101 = DIRECTION ( 'NONE',  ( 1.000000000000000000, 0.000000000000000000, 0.000000000000000000 ) ) ;
#102 = CARTESIAN_POINT ( 'NONE',  ( -5.600000000000000533, -2.700000000174895831, 9.500000000000001776 ) ) ;
#103 = ORIENTED_EDGE ( 'NONE', *, *, #4386, .T. ) ;
#104 = CARTESIAN_POINT ( 'NONE',  ( -1.863929817321426263, 20.35000000000000497, 1.798035091339284408 ) ) ;
#105 = FILL_AREA_STYLE ('',( #5815 ) ) ;
#106 = ORIENTED_EDGE ( 'NONE', *, *, #3648, .F. ) ;
#107 = VECTOR ( 'NONE', #3444, 1000.000000000000000 ) ;
#108 =( NAMED_UNIT ( * ) PLANE_ANGLE_UNIT ( ) SI_UNIT ( $, .RADIAN. ) );
#109 =( LENGTH_UNIT ( ) NAMED_UNIT ( * ) SI_UNIT ( .MILLI., .METRE. ) );
#110 = FILL_AREA_STYLE_COLOUR ( '', #4638 ) ;
#111 =( LENGTH_UNIT ( ) NAMED_UNIT ( * ) SI_UNIT ( .MILLI., .METRE. ) );
#112 = AXIS2_PLACEMENT_3D ( 'NONE', #3068, #253, #332 ) ;
#113 = EDGE_CURVE ( 'NONE', #5724, #6003, #3525, .T. ) ;
#114 = SURFACE_STYLE_USAGE ( .BOTH. , #613 ) ;
#115 = VERTEX_POINT ( 'NONE', #2381 ) ;
#116 = AXIS2_PLACEMENT_3D ( 'NONE', #6351, #3455, #6846 ) ;
#117 = ORIENTED_EDGE ( 'NONE', *, *, #7291, .F. ) ;
#118 =( NAMED_UNIT ( * ) PLANE_ANGLE_UNIT ( ) SI_UNIT ( $, .RADIAN. ) );
#119 = CARTESIAN_POINT ( 'NONE',  ( -13.80000000000000071, 20.29999999999999716, 16.00000000000000000 ) ) ;
#120 = CARTESIAN_POINT ( 'NONE',  ( -5.600000000000000533, 1.000000000000000888, 9.500000000000001776 ) ) ;
#121 = VERTEX_POINT ( 'NONE', #2908 ) ;
#122 = EDGE_CURVE ( 'NONE', #3143, #1294, #5852, .T. ) ;
#123 = CIRCLE ( 'NONE', #3082, 0.09999999999999939493 ) ;
#124 =( NAMED_UNIT ( * ) SI_UNIT ( $, .STERADIAN. ) SOLID_ANGLE_UNIT ( ) );
#125 = ORIENTED_EDGE ( 'NONE', *, *, #2221, .F. ) ;
#126 = DIRECTION ( 'NONE',  ( 0.000000000000000000, 0.000000000000000000, 1.000000000000000000 ) ) ;
#127 = SURFACE_STYLE_FILL_AREA ( #4241 ) ;
#128 = CARTESIAN_POINT ( 'NONE',  ( -9.400000000000002132, 1.000000000000000888, -3.199999999999997957 ) ) ;
#129 =( GEOMETRIC_REPRESENTATION_CONTEXT ( 3 ) GLOBAL_UNCERTAINTY_ASSIGNED_CONTEXT ( ( #3741 ) ) GLOBAL_UNIT_ASSIGNED_CONTEXT ( ( #4502, #3363, #5000 ) ) REPRESENTATION_CONTEXT ( 'NONE', 'WORKASPACE' ) );
#130 = DIRECTION ( 'NONE',  ( 0.000000000000000000, 1.000000000000000000, 0.000000000000000000 ) ) ;
#131 = DIRECTION ( 'NONE',  ( -1.000000000000000000, 0.000000000000000000, 0.000000000000000000 ) ) ;
#132 = AXIS2_PLACEMENT_3D ( 'NONE', #1292, #2539, #1995 ) ;
#133 = FILL_AREA_STYLE ('',( #4122 ) ) ;
#134 = EDGE_CURVE ( 'NONE', #6981, #7268, #2344, .T. ) ;
#135 = ORIENTED_EDGE ( 'NONE', *, *, #1667, .F. ) ;
#136 =( GEOMETRIC_REPRESENTATION_CONTEXT ( 3 ) GLOBAL_UNCERTAINTY_ASSIGNED_CONTEXT ( ( #5546 ) ) GLOBAL_UNIT_ASSIGNED_CONTEXT ( ( #5329, #4143, #7162 ) ) REPRESENTATION_CONTEXT ( 'NONE', 'WORKASPACE' ) );
#137 = COLOUR_RGB ( '',0.2509803921568627416, 0.2509803921568627416, 0.2509803921568627416 ) ;
#138 = ORIENTED_EDGE ( 'NONE', *, *, #1627, .T. ) ;
#139 = CARTESIAN_POINT ( 'NONE',  ( -10.35000000000000142, 1.500000000000000000, 14.69999999999999929 ) ) ;
#140 = DIRECTION ( 'NONE',  ( 0.000000000000000000, -0.000000000000000000, -1.000000000000000000 ) ) ;
#141 = ORIENTED_EDGE ( 'NONE', *, *, #1935, .F. ) ;
#142 = DIRECTION ( 'NONE',  ( -0.000000000000000000, -1.000000000000000000, 0.000000000000000000 ) ) ;
#143 = COLOUR_RGB ( '',0.2509803921568627416, 0.2509803921568627416, 0.2509803921568627416 ) ;
#144 = AXIS2_PLACEMENT_3D ( 'NONE', #4041, #553, #1170 ) ;
#145 = VERTEX_POINT ( 'NONE', #626 ) ;
#146 = PRESENTATION_STYLE_ASSIGNMENT (( #1093 ) ) ;
#147 = LINE ( 'NONE', #1784, #2281 ) ;
#148 = COLOUR_RGB ( '',0.000000000000000000, 0.000000000000000000, 1.000000000000000000 ) ;
#149 = CYLINDRICAL_SURFACE ( 'NONE', #5183, 0.2999999999999999334 ) ;
#150 =( LENGTH_UNIT ( ) NAMED_UNIT ( * ) SI_UNIT ( .MILLI., .METRE. ) );
#151 = COLOUR_RGB ( '',0.2509803921568627416, 0.2509803921568627416, 0.2509803921568627416 ) ;
#152 = PRESENTATION_LAYER_ASSIGNMENT (  '', '', ( #989 ) ) ;
#153 = FACE_OUTER_BOUND ( 'NONE', #5576, .T. ) ;
#154 = ORIENTED_EDGE ( 'NONE', *, *, #4312, .T. ) ;
#155 = ORIENTED_EDGE ( 'NONE', *, *, #2287, .T. ) ;
#156 = CYLINDRICAL_SURFACE ( 'NONE', #5125, 0.5000000000000004441 ) ;
#157 = ADVANCED_FACE ( 'NONE', ( #3413 ), #1776, .F. ) ;
#158 = SURFACE_SIDE_STYLE ('',( #1394 ) ) ;
#159 = CYLINDRICAL_SURFACE ( 'NONE', #4817, 0.4000000000000010214 ) ;
#160 = COLOUR_RGB ( '',0.000000000000000000, 0.000000000000000000, 1.000000000000000000 ) ;
#161 = ORIENTED_EDGE ( 'NONE', *, *, #7015, .F. ) ;
#162 = FILL_AREA_STYLE ('',( #718 ) ) ;
#163 = ORIENTED_EDGE ( 'NONE', *, *, #1033, .F. ) ;
#164 = DIRECTION ( 'NONE',  ( 0.000000000000000000, 1.000000000000000000, -0.000000000000000000 ) ) ;
#165 = DIRECTION ( 'NONE',  ( 0.000000000000000000, -0.000000000000000000, -1.000000000000000000 ) ) ;
#166 =( LENGTH_UNIT ( ) NAMED_UNIT ( * ) SI_UNIT ( .MILLI., .METRE. ) );
#167 = ADVANCED_FACE ( 'NONE', ( #4620 ), #250, .T. ) ;
#168 = CARTESIAN_POINT ( 'NONE',  ( 4.599999999999997868, -8.662741699796955075, 9.900000000000002132 ) ) ;
#169 = DIRECTION ( 'NONE',  ( 0.000000000000000000, 0.000000000000000000, 1.000000000000000000 ) ) ;
#170 =( GEOMETRIC_REPRESENTATION_CONTEXT ( 3 ) GLOBAL_UNCERTAINTY_ASSIGNED_CONTEXT ( ( #5481 ) ) GLOBAL_UNIT_ASSIGNED_CONTEXT ( ( #2038, #2548, #5993 ) ) REPRESENTATION_CONTEXT ( 'NONE', 'WORKASPACE' ) );
#171 = DIRECTION ( 'NONE',  ( 0.000000000000000000, 1.000000000000000000, 0.000000000000000000 ) ) ;
#172 = ORIENTED_EDGE ( 'NONE', *, *, #3780, .T. ) ;
#173 = SURFACE_STYLE_USAGE ( .BOTH. , #631 ) ;
#174 =( GEOMETRIC_REPRESENTATION_CONTEXT ( 3 ) GLOBAL_UNCERTAINTY_ASSIGNED_CONTEXT ( ( #3146 ) ) GLOBAL_UNIT_ASSIGNED_CONTEXT ( ( #1106, #1742, #7102 ) ) REPRESENTATION_CONTEXT ( 'NONE', 'WORKASPACE' ) );
#175 = VERTEX_POINT ( 'NONE', #2460 ) ;
#176 = CARTESIAN_POINT ( 'NONE',  ( 12.50000000000000178, 0.5000000000000000000, -4.249999999999999112 ) ) ;
#177 = CARTESIAN_POINT ( 'NONE',  ( 8.400000000000000355, -8.662741699796955075, -5.699999999999998401 ) ) ;
#178 = EDGE_CURVE ( 'NONE', #6003, #6581, #4738, .T. ) ;
#179 = ORIENTED_EDGE ( 'NONE', *, *, #134, .F. ) ;
#180 = DIRECTION ( 'NONE',  ( 2.126576849775160206E-17, 0.9848077530093370946, -0.1736481776832116408 ) ) ;
#181 = FACE_OUTER_BOUND ( 'NONE', #5743, .T. ) ;
#182 = ORIENTED_EDGE ( 'NONE', *, *, #4682, .F. ) ;
#183 = FILL_AREA_STYLE_COLOUR ( '', #394 ) ;
#184 = DIRECTION ( 'NONE',  ( -0.000000000000000000, 1.000000000000000000, -0.000000000000000000 ) ) ;
#185 = EDGE_CURVE ( 'NONE', #4513, #3571, #971, .T. ) ;
#186 =( NAMED_UNIT ( * ) SI_UNIT ( $, .STERADIAN. ) SOLID_ANGLE_UNIT ( ) );
#187 = CIRCLE ( 'NONE', #6849, 0.2999999999999999334 ) ;
#188 = FACE_OUTER_BOUND ( 'NONE', #1599, .T. ) ;
#189 = STYLED_ITEM ( 'NONE', ( #4321 ), #3029 ) ;
#190 = MECHANICAL_DESIGN_GEOMETRIC_PRESENTATION_REPRESENTATION (  '', ( #6618 ), #6366 ) ;
#191 = FILL_AREA_STYLE_COLOUR ( '', #1640 ) ;
#192 =( NAMED_UNIT ( * ) PLANE_ANGLE_UNIT ( ) SI_UNIT ( $, .RADIAN. ) );
#193 = SURFACE_STYLE_FILL_AREA ( #6976 ) ;
#194 = CARTESIAN_POINT ( 'NONE',  ( 0.4154812567631304132, 20.39999999999999503, 1.711432550960843457 ) ) ;
#195 = SURFACE_SIDE_STYLE ('',( #6534 ) ) ;
#196 = COLOUR_RGB ( '',0.000000000000000000, 0.000000000000000000, 1.000000000000000000 ) ;
#197 = COLOUR_RGB ( '',0.000000000000000000, 0.000000000000000000, 1.000000000000000000 ) ;
#198 = AXIS2_PLACEMENT_3D ( 'NONE', #2376, #1203, #1244 ) ;
#199 = FILL_AREA_STYLE ('',( #5374 ) ) ;
#200 = FILL_AREA_STYLE_COLOUR ( '', #6515 ) ;
#201 = ORIENTED_EDGE ( 'NONE', *, *, #3849, .T. ) ;
#202 = SURFACE_SIDE_STYLE ('',( #127 ) ) ;
#203 = LINE ( 'NONE', #6285, #1474 ) ;
#204 =( NAMED_UNIT ( * ) SI_UNIT ( $, .STERADIAN. ) SOLID_ANGLE_UNIT ( ) );
#205 = CARTESIAN_POINT ( 'NONE',  ( 7.500000000000001776, 1.500000000000000000, -3.949999999999998845 ) ) ;
#206 = PRESENTATION_LAYER_ASSIGNMENT (  '', '', ( #578 ) ) ;
#207 = EDGE_CURVE ( 'NONE', #6211, #1963, #3602, .T. ) ;
#208 = CARTESIAN_POINT ( 'NONE',  ( -5.600000000000000533, 0.5000000000000000000, 9.500000000000001776 ) ) ;
#209 = ADVANCED_BREP_SHAPE_REPRESENTATION ( '', ( #4827, #7343, #2404, #7264, #2309, #7276, #7256, #6240 ), #136 ) ;
#210 = ORIENTED_EDGE ( 'NONE', *, *, #5872, .T. ) ;
#211 = SURFACE_SIDE_STYLE ('',( #5947 ) ) ;
#212 = COLOUR_RGB ( '',0.2509803921568627416, 0.2509803921568627416, 0.2509803921568627416 ) ;
#213 = EDGE_LOOP ( 'NONE', ( #3436, #2625, #6330, #74 ) ) ;
#214 = FACE_OUTER_BOUND ( 'NONE', #3764, .T. ) ;
#215 = ORIENTED_EDGE ( 'NONE', *, *, #3501, .T. ) ;
#216 = DIRECTION ( 'NONE',  ( 0.000000000000000000, -0.000000000000000000, -1.000000000000000000 ) ) ;
#217 = DIRECTION ( 'NONE',  ( -0.000000000000000000, -1.000000000000000000, -0.000000000000000000 ) ) ;
#218 = EDGE_CURVE ( 'NONE', #3574, #2031, #5906, .T. ) ;
#219 = ADVANCED_FACE ( 'NONE', ( #3719 ), #4311, .T. ) ;
#220 = VERTEX_POINT ( 'NONE', #4270 ) ;
#221 = CARTESIAN_POINT ( 'NONE',  ( 0.3400000000000035216, 20.39999999999999858, 4.088567449039156365 ) ) ;
#222 = CARTESIAN_POINT ( 'NONE',  ( 1.162379847571381575, 20.19999999999999218, 3.110770696390337431 ) ) ;
#223 = CARTESIAN_POINT ( 'NONE',  ( -12.80000000000000249, 1.500000000000000000, -14.69999999999999929 ) ) ;
#224 = PRESENTATION_STYLE_ASSIGNMENT (( #2992 ) ) ;
#225 = SHAPE_REPRESENTATION_RELATIONSHIP ( 'NONE' , 'NONE' ,  #850, #209 ) ;
#226 = UNCERTAINTY_MEASURE_WITH_UNIT (LENGTH_MEASURE( 1.000000000000000082E-05 ), #1191, 'distance_accuracy_value', 'NONE');
#227 = FACE_OUTER_BOUND ( 'NONE', #244, .T. ) ;
#228 =( NAMED_UNIT ( * ) PLANE_ANGLE_UNIT ( ) SI_UNIT ( $, .RADIAN. ) );
#229 = CARTESIAN_POINT ( 'NONE',  ( 6.085786437626904188, 0.4166666666666669627, 11.50699335140836688 ) ) ;
#230 = PRESENTATION_STYLE_ASSIGNMENT (( #1239 ) ) ;
#231 = FILL_AREA_STYLE ('',( #5336 ) ) ;
#232 = MECHANICAL_DESIGN_GEOMETRIC_PRESENTATION_REPRESENTATION (  '', ( #6415 ), #3193 ) ;
#233 = SURFACE_STYLE_FILL_AREA ( #1361 ) ;
#234 =( NAMED_UNIT ( * ) SI_UNIT ( $, .STERADIAN. ) SOLID_ANGLE_UNIT ( ) );
#235 = ORIENTED_EDGE ( 'NONE', *, *, #6910, .F. ) ;
#236 = SURFACE_SIDE_STYLE ('',( #5875 ) ) ;
#237 =( LENGTH_UNIT ( ) NAMED_UNIT ( * ) SI_UNIT ( .MILLI., .METRE. ) );
#238 = DIRECTION ( 'NONE',  ( -0.000000000000000000, 1.000000000000000000, -0.000000000000000000 ) ) ;
#239 = DIRECTION ( 'NONE',  ( -1.000000000000000000, -0.000000000000000000, -0.000000000000000000 ) ) ;
#240 =( GEOMETRIC_REPRESENTATION_CONTEXT ( 3 ) GLOBAL_UNCERTAINTY_ASSIGNED_CONTEXT ( ( #2712 ) ) GLOBAL_UNIT_ASSIGNED_CONTEXT ( ( #6468, #5949, #800 ) ) REPRESENTATION_CONTEXT ( 'NONE', 'WORKASPACE' ) );
#241 = DIRECTION ( 'NONE',  ( 0.000000000000000000, 0.000000000000000000, 1.000000000000000000 ) ) ;
#242 = ORIENTED_EDGE ( 'NONE', *, *, #5126, .T. ) ;
#243 = CARTESIAN_POINT ( 'NONE',  ( 7.500000000000001776, 1.500000000000000000, -3.949999999999998845 ) ) ;
#244 = EDGE_LOOP ( 'NONE', ( #3905, #1699, #4862, #1314, #5989, #6076 ) ) ;
#245 = CARTESIAN_POINT ( 'NONE',  ( 12.25857864376269291, 20.39999999999999858, -7.861522368915061065 ) ) ;
#246 = SURFACE_STYLE_USAGE ( .BOTH. , #802 ) ;
#247 = ORIENTED_EDGE ( 'NONE', *, *, #4957, .T. ) ;
#248 = DIRECTION ( 'NONE',  ( -0.000000000000000000, -1.000000000000000000, 0.000000000000000000 ) ) ;
#249 = EDGE_CURVE ( 'NONE', #1968, #917, #6133, .T. ) ;
#250 = CONICAL_SURFACE ( 'NONE', #3210, 0.7999999999985900612, 0.1745329251884007449 ) ;
#251 = VERTEX_POINT ( 'NONE', #6093 ) ;
#252 = DIRECTION ( 'NONE',  ( -0.000000000000000000, -1.000000000000000000, -0.000000000000000000 ) ) ;
#253 = DIRECTION ( 'NONE',  ( -1.000000000000000000, 0.000000000000000000, -4.505775262277420368E-17 ) ) ;
#254 = CARTESIAN_POINT ( 'NONE',  ( 1.156334446144326122, 20.19999999999999929, 2.690992684285808512 ) ) ;
#255 = PLANE ( 'NONE',  #2993 ) ;
#256 = ADVANCED_FACE ( 'NONE', ( #5562 ), #7206, .T. ) ;
#257 = VECTOR ( 'NONE', #5634, 1000.000000000000000 ) ;
#258 =( GEOMETRIC_REPRESENTATION_CONTEXT ( 3 ) GLOBAL_UNCERTAINTY_ASSIGNED_CONTEXT ( ( #4867 ) ) GLOBAL_UNIT_ASSIGNED_CONTEXT ( ( #5687, #5014, #1582 ) ) REPRESENTATION_CONTEXT ( 'NONE', 'WORKASPACE' ) );
#259 = CYLINDRICAL_SURFACE ( 'NONE', #3757, 0.09999999999999939493 ) ;
#260 = DIRECTION ( 'NONE',  ( 0.000000000000000000, -1.000000000000000000, 0.000000000000000000 ) ) ;
#261 = EDGE_CURVE ( 'NONE', #1432, #1926, #4146, .T. ) ;
#262 = DIRECTION ( 'NONE',  ( 1.000000000000000000, 0.000000000000000000, 0.000000000000000000 ) ) ;
#263 = CARTESIAN_POINT ( 'NONE',  ( 11.60000000000000142, 0.5000000000000004441, -13.79999999999999893 ) ) ;
#264 = VECTOR ( 'NONE', #6017, 1000.000000000000000 ) ;
#265 = ORIENTED_EDGE ( 'NONE', *, *, #2480, .T. ) ;
#266 = DIRECTION ( 'NONE',  ( 0.000000000000000000, -0.000000000000000000, -1.000000000000000000 ) ) ;
#267 = FILL_AREA_STYLE ('',( #3083 ) ) ;
#268 = VERTEX_POINT ( 'NONE', #4068 ) ;
#269 = FILL_AREA_STYLE ('',( #3675 ) ) ;
#270 = FILL_AREA_STYLE_COLOUR ( '', #5644 ) ;
#271 = DIRECTION ( 'NONE',  ( -0.000000000000000000, 1.000000000000000000, -0.000000000000000000 ) ) ;
#272 = DIRECTION ( 'NONE',  ( 0.000000000000000000, 0.000000000000000000, -1.000000000000000000 ) ) ;
#273 = ORIENTED_EDGE ( 'NONE', *, *, #6055, .T. ) ;
#274 = DIRECTION ( 'NONE',  ( -1.000000000000000000, -0.000000000000000000, -0.000000000000000000 ) ) ;
#275 = VERTEX_POINT ( 'NONE', #5364 ) ;
#276 = DIRECTION ( 'NONE',  ( 0.7071067811865517916, -0.000000000000000000, 0.7071067811865432429 ) ) ;
#277 = SURFACE_STYLE_FILL_AREA ( #6652 ) ;
#278 = ORIENTED_EDGE ( 'NONE', *, *, #7292, .F. ) ;
#279 = SURFACE_STYLE_FILL_AREA ( #3137 ) ;
#280 = CIRCLE ( 'NONE', #4799, 0.8000000000000003775 ) ;
#281 = STYLED_ITEM ( 'NONE', ( #2469 ), #4909 ) ;
#282 = ORIENTED_EDGE ( 'NONE', *, *, #4242, .T. ) ;
#283 = CARTESIAN_POINT ( 'NONE',  ( -0.7907884004836529535, 20.39999999999999503, 2.533320862955842134 ) ) ;
#284 = ORIENTED_EDGE ( 'NONE', *, *, #3594, .T. ) ;
#285 = PLANE ( 'NONE',  #3899 ) ;
#286 = DIRECTION ( 'NONE',  ( 8.870745047608673807E-16, 0.000000000000000000, -1.000000000000000000 ) ) ;
#287 = FILL_AREA_STYLE ('',( #738 ) ) ;
#288 = DIRECTION ( 'NONE',  ( 0.000000000000000000, -1.000000000000000000, -0.000000000000000000 ) ) ;
#289 = DIRECTION ( 'NONE',  ( 0.000000000000000000, 1.000000000000000000, 0.000000000000000000 ) ) ;
#290 =( NAMED_UNIT ( * ) PLANE_ANGLE_UNIT ( ) SI_UNIT ( $, .RADIAN. ) );
#291 = UNCERTAINTY_MEASURE_WITH_UNIT (LENGTH_MEASURE( 1.000000000000000082E-05 ), #2076, 'distance_accuracy_value', 'NONE');
#292 = CARTESIAN_POINT ( 'NONE',  ( 0.3400000000000035216, 20.19999999999999929, 2.057842712474617919 ) ) ;
#293 = CARTESIAN_POINT ( 'NONE',  ( 12.80000000000000249, 1.500000000000000000, -14.70000000000000107 ) ) ;
#294 = EDGE_CURVE ( 'NONE', #3078, #4533, #7088, .T. ) ;
#295 = COLOUR_RGB ( '',0.000000000000000000, 0.000000000000000000, 1.000000000000000000 ) ;
#296 = DIRECTION ( 'NONE',  ( 1.000000000000000000, 0.000000000000000000, 0.000000000000000000 ) ) ;
#297 = LINE ( 'NONE', #6099, #7112 ) ;
#298 = FILL_AREA_STYLE ('',( #2722 ) ) ;
#299 = CARTESIAN_POINT ( 'NONE',  ( 1.122573985411906561, 20.39999999999999858, 3.798366680417154306 ) ) ;
#300 = MECHANICAL_DESIGN_GEOMETRIC_PRESENTATION_REPRESENTATION (  '', ( #6850 ), #2554 ) ;
#301 = COLOUR_RGB ( '',0.2509803921568627416, 0.2509803921568627416, 0.2509803921568627416 ) ;
#302 = ORIENTED_EDGE ( 'NONE', *, *, #2421, .F. ) ;
#303 = EDGE_CURVE ( 'NONE', #4156, #3478, #1349, .T. ) ;
#304 = EDGE_CURVE ( 'NONE', #2675, #6063, #1002, .T. ) ;
#305 = CARTESIAN_POINT ( 'NONE',  ( -9.750000000000001776, 20.29999999999999716, 0.000000000000000000 ) ) ;
#306 = SURFACE_STYLE_USAGE ( .BOTH. , #4849 ) ;
#307 = PRESENTATION_LAYER_ASSIGNMENT (  '', '', ( #3485 ) ) ;
#308 = ORIENTED_EDGE ( 'NONE', *, *, #5956, .T. ) ;
#309 =( GEOMETRIC_REPRESENTATION_CONTEXT ( 3 ) GLOBAL_UNCERTAINTY_ASSIGNED_CONTEXT ( ( #7006 ) ) GLOBAL_UNIT_ASSIGNED_CONTEXT ( ( #5799, #1840, #555 ) ) REPRESENTATION_CONTEXT ( 'NONE', 'WORKASPACE' ) );
#310 = DIRECTION ( 'NONE',  ( 0.000000000000000000, 1.000000000000000000, 0.000000000000000000 ) ) ;
#311 = STYLED_ITEM ( 'NONE', ( #7228 ), #5769 ) ;
#312 = CARTESIAN_POINT ( 'NONE',  ( 6.600000000000001421, 0.5000000000000000000, -5.699999999999998401 ) ) ;
#313 = FACE_OUTER_BOUND ( 'NONE', #408, .T. ) ;
#314 = SURFACE_STYLE_USAGE ( .BOTH. , #3088 ) ;
#315 = PRESENTATION_LAYER_ASSIGNMENT (  '', '', ( #6511 ) ) ;
#316 = MECHANICAL_DESIGN_GEOMETRIC_PRESENTATION_REPRESENTATION (  '', ( #678 ), #6168 ) ;
#317 = FILL_AREA_STYLE_COLOUR ( '', #197 ) ;
#318 = ORIENTED_EDGE ( 'NONE', *, *, #4312, .F. ) ;
#319 = DIRECTION ( 'NONE',  ( 0.000000000000000000, 0.000000000000000000, 1.000000000000000000 ) ) ;
#320 = ORIENTED_EDGE ( 'NONE', *, *, #3103, .F. ) ;
#321 = AXIS2_PLACEMENT_3D ( 'NONE', #4073, #262, #2413 ) ;
#322 =( LENGTH_UNIT ( ) NAMED_UNIT ( * ) SI_UNIT ( .MILLI., .METRE. ) );
#323 = VERTEX_POINT ( 'NONE', #293 ) ;
#324 = MECHANICAL_DESIGN_GEOMETRIC_PRESENTATION_REPRESENTATION (  '', ( #5423 ), #680 ) ;
#325 = DIRECTION ( 'NONE',  ( 1.000000000000000000, 0.000000000000000000, 0.000000000000000000 ) ) ;
#326 = AXIS2_PLACEMENT_3D ( 'NONE', #2823, #6753, #7379 ) ;
#327 = UNCERTAINTY_MEASURE_WITH_UNIT (LENGTH_MEASURE( 1.000000000000000082E-05 ), #724, 'distance_accuracy_value', 'NONE');
#328 = CARTESIAN_POINT ( 'NONE',  ( -10.35000000000000142, 0.4000000000000000222, 11.40839202169004096 ) ) ;
#329 = EDGE_LOOP ( 'NONE', ( #6226, #3165, #3381, #4567 ) ) ;
#330 = DIRECTION ( 'NONE',  ( 1.000000000000000000, 0.000000000000000000, 0.000000000000000000 ) ) ;
#331 = ORIENTED_EDGE ( 'NONE', *, *, #7243, .T. ) ;
#332 = DIRECTION ( 'NONE',  ( -4.505775262277420368E-17, 0.000000000000000000, 1.000000000000000000 ) ) ;
#333 =( BOUNDED_CURVE ( )  B_SPLINE_CURVE ( 3, ( #6224, #6873, #5763, #2906 ),
 .UNSPECIFIED., .F., .T. ) 
 B_SPLINE_CURVE_WITH_KNOTS ( ( 4, 4 ),
 ( 1.570796326794896558, 3.141592653589793116 ),
 .UNSPECIFIED. ) 
 CURVE ( )  GEOMETRIC_REPRESENTATION_ITEM ( )  RATIONAL_B_SPLINE_CURVE ( ( 1.000000000000000000, 0.8047378541243649375, 0.8047378541243649375, 1.000000000000000000 ) ) 
 REPRESENTATION_ITEM ( '' )  );
#334 = UNCERTAINTY_MEASURE_WITH_UNIT (LENGTH_MEASURE( 1.000000000000000082E-05 ), #3705, 'distance_accuracy_value', 'NONE');
#335 = PRESENTATION_STYLE_ASSIGNMENT (( #5892 ) ) ;
#336 =( NAMED_UNIT ( * ) SI_UNIT ( $, .STERADIAN. ) SOLID_ANGLE_UNIT ( ) );
#337 = FILL_AREA_STYLE_COLOUR ( '', #6058 ) ;
#338 = CARTESIAN_POINT ( 'NONE',  ( -9.150000000000002132, 40.93805269026350402, 13.79999999999999893 ) ) ;
#339 = SURFACE_SIDE_STYLE ('',( #2018 ) ) ;
#340 = CARTESIAN_POINT ( 'NONE',  ( 1.470788400483660441, 20.40000000000000213, 3.266679137044155912 ) ) ;
#341 = CARTESIAN_POINT ( 'NONE',  ( 8.400000000000000355, -8.662741699796955075, -4.899999999999996803 ) ) ;
#342 = EDGE_CURVE ( 'NONE', #3524, #5130, #3513, .T. ) ;
#343 = ORIENTED_EDGE ( 'NONE', *, *, #2174, .T. ) ;
#344 = PRESENTATION_STYLE_ASSIGNMENT (( #6641 ) ) ;
#345 =( LENGTH_UNIT ( ) NAMED_UNIT ( * ) SI_UNIT ( .MILLI., .METRE. ) );
#346 = ORIENTED_EDGE ( 'NONE', *, *, #6064, .T. ) ;
#347 = CARTESIAN_POINT ( 'NONE',  ( 0.3400000000000035216, 20.39999999999999858, 4.088567449039156365 ) ) ;
#348 = FILL_AREA_STYLE ('',( #3167 ) ) ;
#349 = CARTESIAN_POINT ( 'NONE',  ( 12.80000000000000249, 1.000000000000000888, -4.249999999999999112 ) ) ;
#350 = FILL_AREA_STYLE_COLOUR ( '', #1199 ) ;
#351 = LINE ( 'NONE', #7181, #765 ) ;
#352 = DIRECTION ( 'NONE',  ( -1.000000000000000000, -0.000000000000000000, -0.000000000000000000 ) ) ;
#353 = ADVANCED_FACE ( 'NONE', ( #1764 ), #5681, .T. ) ;
#354 = PRESENTATION_LAYER_ASSIGNMENT (  '', '', ( #6085 ) ) ;
#355 = LINE ( 'NONE', #7185, #5136 ) ;
#356 = ORIENTED_EDGE ( 'NONE', *, *, #7052, .T. ) ;
#357 = PRESENTATION_STYLE_ASSIGNMENT (( #2701 ) ) ;
#358 = ORIENTED_EDGE ( 'NONE', *, *, #3459, .F. ) ;
#359 = CARTESIAN_POINT ( 'NONE',  ( -0.4823798475713740874, 20.19999999999999574, 2.689229303609767197 ) ) ;
#360 = AXIS2_PLACEMENT_3D ( 'NONE', #7227, #4374, #2178 ) ;
#361 = ORIENTED_EDGE ( 'NONE', *, *, #1511, .T. ) ;
#362 = SURFACE_STYLE_USAGE ( .BOTH. , #3875 ) ;
#363 = EDGE_CURVE ( 'NONE', #3199, #5083, #2262, .T. ) ;
#364 = DIRECTION ( 'NONE',  ( -1.000000000000000000, 0.000000000000000000, 0.000000000000000000 ) ) ;
#365 = CIRCLE ( 'NONE', #5954, 0.8000000000000008216 ) ;
#366 = VECTOR ( 'NONE', #3214, 1000.000000000000000 ) ;
#367 = ORIENTED_EDGE ( 'NONE', *, *, #5, .T. ) ;
#368 = SURFACE_SIDE_STYLE ('',( #4908 ) ) ;
#369 = PRESENTATION_STYLE_ASSIGNMENT (( #2474 ) ) ;
#370 = VECTOR ( 'NONE', #7013, 1000.000000000000000 ) ;
#371 = ORIENTED_EDGE ( 'NONE', *, *, #2371, .T. ) ;
#372 =( LENGTH_UNIT ( ) NAMED_UNIT ( * ) SI_UNIT ( .MILLI., .METRE. ) );
#373 = FILL_AREA_STYLE ('',( #3145 ) ) ;
#374 = CARTESIAN_POINT ( 'NONE',  ( -12.80000000000000249, 1.000000000000000888, 0.7500000000000006661 ) ) ;
#375 = VECTOR ( 'NONE', #3049, 1000.000000000000000 ) ;
#376 = UNCERTAINTY_MEASURE_WITH_UNIT (LENGTH_MEASURE( 1.000000000000000082E-05 ), #5777, 'distance_accuracy_value', 'NONE');
#377 =( BOUNDED_CURVE ( )  B_SPLINE_CURVE ( 3, ( #5702, #245, #2503, #4745 ),
 .UNSPECIFIED., .F., .F. ) 
 B_SPLINE_CURVE_WITH_KNOTS ( ( 4, 4 ),
 ( 1.570796326794896558, 3.141592653589793116 ),
 .UNSPECIFIED. ) 
 CURVE ( )  GEOMETRIC_REPRESENTATION_ITEM ( )  RATIONAL_B_SPLINE_CURVE ( ( 1.000000000000000000, 0.8047378541243649375, 0.8047378541243649375, 1.000000000000000000 ) ) 
 REPRESENTATION_ITEM ( '' )  );
#378 = COLOUR_RGB ( '',0.7921568627450980005, 0.8196078431372548767, 0.9333333333333333481 ) ;
#379 = COLOUR_RGB ( '',0.000000000000000000, 0.000000000000000000, 1.000000000000000000 ) ;
#380 = PRODUCT_DEFINITION ( 'UNKNOWN', '', #4287, #3062 ) ;
#381 = SURFACE_STYLE_FILL_AREA ( #3260 ) ;
#382 = SURFACE_STYLE_FILL_AREA ( #5490 ) ;
#383 = CARTESIAN_POINT ( 'NONE',  ( -13.50000000000000178, 20.29999999999999716, 1.749999999999999778 ) ) ;
#384 = CARTESIAN_POINT ( 'NONE',  ( -5.600000000000000533, -2.700000000174895831, 9.500000000000001776 ) ) ;
#385 = DIRECTION ( 'NONE',  ( 0.000000000000000000, 0.000000000000000000, -1.000000000000000000 ) ) ;
#386 = CARTESIAN_POINT ( 'NONE',  ( 0.3400000000000036326, 20.40000000000000213, 4.051964908660714570 ) ) ;
#387 = ORIENTED_EDGE ( 'NONE', *, *, #5473, .T. ) ;
#388 = LINE ( 'NONE', #2138, #7366 ) ;
#389 = EDGE_CURVE ( 'NONE', #1025, #5053, #4032, .T. ) ;
#390 = VECTOR ( 'NONE', #4946, 1000.000000000000000 ) ;
#391 = DIRECTION ( 'NONE',  ( -4.505775262277420368E-17, 0.000000000000000000, 1.000000000000000000 ) ) ;
#392 = CIRCLE ( 'NONE', #5639, 0.5000000000000004441 ) ;
#393 = DIRECTION ( 'NONE',  ( -0.000000000000000000, 1.000000000000000000, -0.000000000000000000 ) ) ;
#394 = COLOUR_RGB ( '',0.000000000000000000, 0.000000000000000000, 1.000000000000000000 ) ;
#395 = DIRECTION ( 'NONE',  ( 0.000000000000000000, 0.000000000000000000, 1.000000000000000000 ) ) ;
#396 = EDGE_LOOP ( 'NONE', ( #515, #4494 ) ) ;
#397 = CARTESIAN_POINT ( 'NONE',  ( -12.80000000000000426, 0.4000000000000000222, -11.40839202169004096 ) ) ;
#398 = EDGE_CURVE ( 'NONE', #640, #5103, #2862, .T. ) ;
#399 = VERTEX_POINT ( 'NONE', #4506 ) ;
#400 = DIRECTION ( 'NONE',  ( 0.000000000000000000, 3.794707603699288396E-15, -1.000000000000000000 ) ) ;
#401 = PLANE ( 'NONE',  #6853 ) ;
#402 = ORIENTED_EDGE ( 'NONE', *, *, #3, .T. ) ;
#403 =( LENGTH_UNIT ( ) NAMED_UNIT ( * ) SI_UNIT ( .MILLI., .METRE. ) );
#404 = UNCERTAINTY_MEASURE_WITH_UNIT (LENGTH_MEASURE( 1.000000000000000082E-05 ), #6894, 'distance_accuracy_value', 'NONE');
#405 = CYLINDRICAL_SURFACE ( 'NONE', #4219, 0.09999999999999939493 ) ;
#406 = CIRCLE ( 'NONE', #5394, 0.4000000000000010214 ) ;
#407 = PRESENTATION_LAYER_ASSIGNMENT (  '', '', ( #751 ) ) ;
#408 = EDGE_LOOP ( 'NONE', ( #5789, #26, #5505, #7295 ) ) ;
#409 = EDGE_CURVE ( 'NONE', #5416, #2219, #4575, .T. ) ;
#410 = DIRECTION ( 'NONE',  ( 0.000000000000000000, 1.000000000000000000, 0.000000000000000000 ) ) ;
#411 = ORIENTED_EDGE ( 'NONE', *, *, #673, .T. ) ;
#412 = SURFACE_STYLE_USAGE ( .BOTH. , #1558 ) ;
#413 = ORIENTED_EDGE ( 'NONE', *, *, #5907, .T. ) ;
#414 = CARTESIAN_POINT ( 'NONE',  ( 1.080422435828005678, 20.19999999999999218, 2.482193847370246509 ) ) ;
#415 = UNCERTAINTY_MEASURE_WITH_UNIT (LENGTH_MEASURE( 1.000000000000000082E-05 ), #1493, 'distance_accuracy_value', 'NONE');
#416 = DIRECTION ( 'NONE',  ( 0.000000000000000000, 0.000000000000000000, 1.000000000000000000 ) ) ;
#417 = PRESENTATION_STYLE_ASSIGNMENT (( #1531 ) ) ;
#418 = APPLICATION_PROTOCOL_DEFINITION ( 'draft international standard', 'automotive_design', 1998, #5680 ) ;
#419 = CIRCLE ( 'NONE', #6474, 0.09999999999999939493 ) ;
#420 = CARTESIAN_POINT ( 'NONE',  ( -0.4999999999999972800, -2.699999999999905587, 12.79999999999937543 ) ) ;
#421 = STYLED_ITEM ( 'NONE', ( #2667 ), #5013 ) ;
#422 = EDGE_CURVE ( 'NONE', #4616, #6720, #6000, .T. ) ;
#423 = CYLINDRICAL_SURFACE ( 'NONE', #2115, 0.1000000000000002554 ) ;
#424 = CARTESIAN_POINT ( 'NONE',  ( 7.200000000000002842, 0.5000000000000000000, 14.69999999999999929 ) ) ;
#425 = STYLED_ITEM ( 'NONE', ( #7337 ), #5263 ) ;
#426 = CARTESIAN_POINT ( 'NONE',  ( -5.600000000000000533, -2.700000000174895831, 9.100000000012418155 ) ) ;
#427 = LINE ( 'NONE', #2566, #3159 ) ;
#428 = CARTESIAN_POINT ( 'NONE',  ( 4.599999999999997868, -8.662741699796955075, 9.500000000000001776 ) ) ;
#429 = PRESENTATION_STYLE_ASSIGNMENT (( #3296 ) ) ;
#430 =( LENGTH_UNIT ( ) NAMED_UNIT ( * ) SI_UNIT ( .MILLI., .METRE. ) );
#431 = STYLED_ITEM ( 'NONE', ( #821 ), #5396 ) ;
#432 = SURFACE_SIDE_STYLE ('',( #2652 ) ) ;
#433 = CARTESIAN_POINT ( 'NONE',  ( 6.599999999999997868, 1.000000000000000888, -13.79999999999999893 ) ) ;
#434 = VERTEX_POINT ( 'NONE', #49 ) ;
#435 = CARTESIAN_POINT ( 'NONE',  ( 6.600000000000001421, 1.000000000000000444, -5.699999999999998401 ) ) ;
#436 = AXIS2_PLACEMENT_3D ( 'NONE', #1921, #2467, #4708 ) ;
#437 = SURFACE_STYLE_FILL_AREA ( #2729 ) ;
#438 = EDGE_LOOP ( 'NONE', ( #7321, #3997, #3136, #6807 ) ) ;
#439 = VECTOR ( 'NONE', #164, 1000.000000000000000 ) ;
#440 = CARTESIAN_POINT ( 'NONE',  ( 10.19999999999999929, 0.5000000000000000000, -5.699999999999998401 ) ) ;
#441 = EDGE_LOOP ( 'NONE', ( #5958, #361, #2136, #3046 ) ) ;
#442 = PRESENTATION_STYLE_ASSIGNMENT (( #3242 ) ) ;
#443 = DIRECTION ( 'NONE',  ( 0.000000000000000000, -1.000000000000000000, 0.000000000000000000 ) ) ;
#444 = ORIENTED_EDGE ( 'NONE', *, *, #3518, .T. ) ;
#445 = DIRECTION ( 'NONE',  ( 0.000000000000000000, -0.000000000000000000, -1.000000000000000000 ) ) ;
#446 = PRESENTATION_LAYER_ASSIGNMENT (  '', '', ( #3025 ) ) ;
#447 = COLOUR_RGB ( '',0.000000000000000000, 0.000000000000000000, 1.000000000000000000 ) ;
#448 =( NAMED_UNIT ( * ) SI_UNIT ( $, .STERADIAN. ) SOLID_ANGLE_UNIT ( ) );
#449 = EDGE_CURVE ( 'NONE', #5780, #5507, #6245, .T. ) ;
#450 = MECHANICAL_DESIGN_GEOMETRIC_PRESENTATION_REPRESENTATION (  '', ( #5794 ), #915 ) ;
#451 = VECTOR ( 'NONE', #7252, 1000.000000000000000 ) ;
#452 = CARTESIAN_POINT ( 'NONE',  ( -10.05000000000000426, 1.000000000000000888, 7.700000000000000178 ) ) ;
#453 = CARTESIAN_POINT ( 'NONE',  ( 13.80000000000000071, 20.29999999999999716, -3.249999999999999556 ) ) ;
#454 = PRESENTATION_LAYER_ASSIGNMENT (  '', '', ( #5200 ) ) ;
#455 = EDGE_LOOP ( 'NONE', ( #2640, #1895, #6999, #6350 ) ) ;
#456 = CARTESIAN_POINT ( 'NONE',  ( 7.000000000000000888, 20.29999999999999716, -4.749999999999999112 ) ) ;
#457 = EDGE_LOOP ( 'NONE', ( #3323, #1095, #833, #6041, #4635, #2864, #3301, #3452, #7117, #1547, #4297, #6192 ) ) ;
#458 = FILL_AREA_STYLE_COLOUR ( '', #1116 ) ;
#459 = CARTESIAN_POINT ( 'NONE',  ( 6.958578643762691307, 20.39999999999999858, -4.791421356237309581 ) ) ;
#460 = FILL_AREA_STYLE_COLOUR ( '', #5307 ) ;
#461 = UNCERTAINTY_MEASURE_WITH_UNIT (LENGTH_MEASURE( 1.000000000000000082E-05 ), #1134, 'distance_accuracy_value', 'NONE');
#462 = EDGE_CURVE ( 'NONE', #5591, #7301, #1124, .T. ) ;
#463 = EDGE_CURVE ( 'NONE', #5689, #6023, #4798, .T. ) ;
#464 = VECTOR ( 'NONE', #4608, 1000.000000000000000 ) ;
#465 =( LENGTH_UNIT ( ) NAMED_UNIT ( * ) SI_UNIT ( .MILLI., .METRE. ) );
#466 = DIRECTION ( 'NONE',  ( -0.000000000000000000, -1.000000000000000000, 0.000000000000000000 ) ) ;
#467 = STYLED_ITEM ( 'NONE', ( #4955 ), #3241 ) ;
#468 = SURFACE_STYLE_FILL_AREA ( #4664 ) ;
#469 = DIRECTION ( 'NONE',  ( -0.000000000000000000, 0.000000000000000000, 1.000000000000000000 ) ) ;
#470 = SURFACE_SIDE_STYLE ('',( #5139 ) ) ;
#471 = CARTESIAN_POINT ( 'NONE',  ( 6.387867965644037582, 20.29999999999999716, -15.91213203435596135 ) ) ;
#472 = FILL_AREA_STYLE ('',( #4927 ) ) ;
#473 = DIRECTION ( 'NONE',  ( -0.000000000000000000, 1.000000000000000000, -0.000000000000000000 ) ) ;
#474 = ORIENTED_EDGE ( 'NONE', *, *, #3018, .F. ) ;
#475 = DIRECTION ( 'NONE',  ( 0.000000000000000000, -0.000000000000000000, -1.000000000000000000 ) ) ;
#476 = LINE ( 'NONE', #1835, #2954 ) ;
#477 = DIRECTION ( 'NONE',  ( 0.000000000000000000, 1.000000000000000000, 0.000000000000000000 ) ) ;
#478 = ORIENTED_EDGE ( 'NONE', *, *, #389, .T. ) ;
#479 = CARTESIAN_POINT ( 'NONE',  ( 6.299999999999999822, 1.000000000000000888, -5.450000000000000178 ) ) ;
#480 = VERTEX_POINT ( 'NONE', #610 ) ;
#481 = CARTESIAN_POINT ( 'NONE',  ( 0.3400000000000037437, 20.25490381056766864, 3.947061098093049836 ) ) ;
#482 = CARTESIAN_POINT ( 'NONE',  ( 0.01758215980210860521, 20.20000000000000284, 3.678100552434751869 ) ) ;
#483 = DIRECTION ( 'NONE',  ( 0.000000000000000000, 0.000000000000000000, -1.000000000000000000 ) ) ;
#484 = PRESENTATION_STYLE_ASSIGNMENT (( #362 ) ) ;
#485 = COLOUR_RGB ( '',0.2509803921568627416, 0.2509803921568627416, 0.2509803921568627416 ) ;
#486 = CARTESIAN_POINT ( 'NONE',  ( -5.600000000000001421, 0.5000000000000000000, 11.30000000000000249 ) ) ;
#487 = DIRECTION ( 'NONE',  ( -0.000000000000000000, -1.000000000000000000, 0.000000000000000000 ) ) ;
#488 = AXIS2_PLACEMENT_3D ( 'NONE', #2881, #101, #5811 ) ;
#489 = CARTESIAN_POINT ( 'NONE',  ( 8.400000000000000355, -2.699999999999900258, -5.699999999999998401 ) ) ;
#490 = ORIENTED_EDGE ( 'NONE', *, *, #5536, .F. ) ;
#491 = DIRECTION ( 'NONE',  ( -1.000000000000000000, -0.000000000000000000, -0.000000000000000000 ) ) ;
#492 = EDGE_CURVE ( 'NONE', #7260, #4156, #5145, .T. ) ;
#493 = UNCERTAINTY_MEASURE_WITH_UNIT (LENGTH_MEASURE( 1.000000000000000082E-05 ), #1605, 'distance_accuracy_value', 'NONE');
#494 = DIRECTION ( 'NONE',  ( -0.000000000000000000, 1.000000000000000000, 0.000000000000000000 ) ) ;
#495 = DIRECTION ( 'NONE',  ( 2.126576849677192310E-17, 0.9848077530107477440, -0.1736481776752119843 ) ) ;
#496 = VECTOR ( 'NONE', #3227, 1000.000000000000000 ) ;
#497 = ADVANCED_FACE ( 'NONE', ( #2476 ), #255, .F. ) ;
#498 = AXIS2_PLACEMENT_3D ( 'NONE', #4983, #5062, #483 ) ;
#499 = CARTESIAN_POINT ( 'NONE',  ( 7.500000000000001776, 1.500000000000000000, 14.69999999999999929 ) ) ;
#500 = VECTOR ( 'NONE', #4371, 1000.000000000000000 ) ;
#501 = LINE ( 'NONE', #2160, #1916 ) ;
#502 = LINE ( 'NONE', #3963, #6970 ) ;
#503 = DIRECTION ( 'NONE',  ( -0.000000000000000000, 1.000000000000000000, 0.000000000000000000 ) ) ;
#504 = AXIS2_PLACEMENT_3D ( 'NONE', #3664, #5933, #3749 ) ;
#505 = CARTESIAN_POINT ( 'NONE',  ( 4.599999999999997868, 0.5000000000000000000, 11.30000000000000071 ) ) ;
#506 = CARTESIAN_POINT ( 'NONE',  ( 12.30000000000000249, 20.29999999999999716, 0.000000000000000000 ) ) ;
#507 = LINE ( 'NONE', #2194, #7115 ) ;
#508 = ORIENTED_EDGE ( 'NONE', *, *, #750, .F. ) ;
#509 = CARTESIAN_POINT ( 'NONE',  ( -11.35000000000000320, 0.5000000000000000000, 12.00000000000000000 ) ) ;
#510 = CARTESIAN_POINT ( 'NONE',  ( -10.65000000000000036, 1.000000000000000888, -0.4499999999999992339 ) ) ;
#511 = PLANE ( 'NONE',  #5968 ) ;
#512 = CARTESIAN_POINT ( 'NONE',  ( 11.60000000000000142, 0.5000000000000004441, -13.79999999999999716 ) ) ;
#513 = VECTOR ( 'NONE', #5327, 1000.000000000000000 ) ;
#514 = ORIENTED_EDGE ( 'NONE', *, *, #5473, .F. ) ;
#515 = ORIENTED_EDGE ( 'NONE', *, *, #1215, .F. ) ;
#516 = FILL_AREA_STYLE_COLOUR ( '', #4960 ) ;
#517 = MECHANICAL_DESIGN_GEOMETRIC_PRESENTATION_REPRESENTATION (  '', ( #1339 ), #6448 ) ;
#518 = CARTESIAN_POINT ( 'NONE',  ( 12.80000000000000249, 0.5000000000000000000, -4.549999999999998934 ) ) ;
#519 =( NAMED_UNIT ( * ) PLANE_ANGLE_UNIT ( ) SI_UNIT ( $, .RADIAN. ) );
#520 = VERTEX_POINT ( 'NONE', #2683 ) ;
#521 = CARTESIAN_POINT ( 'NONE',  ( -9.150000000000002132, 0.5000000000000004441, 13.79999999999999893 ) ) ;
#522 = COLOUR_RGB ( '',0.000000000000000000, 0.000000000000000000, 1.000000000000000000 ) ;
#523 = ADVANCED_FACE ( 'NONE', ( #4316 ), #2400, .F. ) ;
#524 = AXIS2_PLACEMENT_3D ( 'NONE', #3157, #4926, #4886 ) ;
#525 = FACE_OUTER_BOUND ( 'NONE', #1225, .T. ) ;
#526 = CARTESIAN_POINT ( 'NONE',  ( -12.50000000000000355, 1.000000000000000888, -15.00000000000000000 ) ) ;
#527 = EDGE_LOOP ( 'NONE', ( #3273, #877, #2037, #5456 ) ) ;
#528 = CARTESIAN_POINT ( 'NONE',  ( 6.300000000000000711, 40.93805269026350402, -5.450000000000000178 ) ) ;
#529 = ORIENTED_EDGE ( 'NONE', *, *, #4106, .T. ) ;
#530 = VECTOR ( 'NONE', #4700, 1000.000000000000000 ) ;
#531 = DIRECTION ( 'NONE',  ( -0.000000000000000000, 1.000000000000000000, -0.000000000000000000 ) ) ;
#532 = VECTOR ( 'NONE', #1789, 1000.000000000000000 ) ;
#533 = MECHANICAL_DESIGN_GEOMETRIC_PRESENTATION_REPRESENTATION (  '', ( #5651 ), #2888 ) ;
#534 = CARTESIAN_POINT ( 'NONE',  ( 7.800000000000000711, 1.000000000000000888, -3.949999999999998845 ) ) ;
#535 = DIRECTION ( 'NONE',  ( -0.000000000000000000, -1.000000000000000000, 0.000000000000000000 ) ) ;
#536 =( LENGTH_UNIT ( ) NAMED_UNIT ( * ) SI_UNIT ( .MILLI., .METRE. ) );
#537 = DIRECTION ( 'NONE',  ( 0.000000000000000000, 0.000000000000000000, -1.000000000000000000 ) ) ;
#538 = CARTESIAN_POINT ( 'NONE',  ( 4.599999999999997868, -2.700000000000025491, 9.099999999981582377 ) ) ;
#539 = CARTESIAN_POINT ( 'NONE',  ( -9.150000000000002132, 40.93805269026350402, 11.30000000000000249 ) ) ;
#540 =( GEOMETRIC_REPRESENTATION_CONTEXT ( 3 ) GLOBAL_UNCERTAINTY_ASSIGNED_CONTEXT ( ( #2317 ) ) GLOBAL_UNIT_ASSIGNED_CONTEXT ( ( #5704, #3499, #6290 ) ) REPRESENTATION_CONTEXT ( 'NONE', 'WORKASPACE' ) );
#541 = DIRECTION ( 'NONE',  ( 1.000000000000000000, -0.000000000000000000, 3.212450881438531255E-16 ) ) ;
#542 = FACE_OUTER_BOUND ( 'NONE', #3505, .T. ) ;
#543 = EDGE_CURVE ( 'NONE', #121, #1490, #6469, .T. ) ;
#544 =( NAMED_UNIT ( * ) PLANE_ANGLE_UNIT ( ) SI_UNIT ( $, .RADIAN. ) );
#545 = PRESENTATION_LAYER_ASSIGNMENT (  '', '', ( #3129 ) ) ;
#546 = VERTEX_POINT ( 'NONE', #1543 ) ;
#547 = DIRECTION ( 'NONE',  ( 0.000000000000000000, -1.000000000000000000, 0.000000000000000000 ) ) ;
#548 = CARTESIAN_POINT ( 'NONE',  ( 8.800000000000000711, 0.5000000000000004441, -3.249999999999999556 ) ) ;
#549 = SURFACE_SIDE_STYLE ('',( #2826 ) ) ;
#550 = COLOUR_RGB ( '',0.2509803921568627416, 0.2509803921568627416, 0.2509803921568627416 ) ;
#551 = EDGE_CURVE ( 'NONE', #3912, #3222, #5611, .T. ) ;
#552 = EDGE_CURVE ( 'NONE', #6949, #7260, #2169, .T. ) ;
#553 = DIRECTION ( 'NONE',  ( -0.000000000000000000, -1.000000000000000000, -0.000000000000000000 ) ) ;
#554 = ORIENTED_EDGE ( 'NONE', *, *, #1453, .T. ) ;
#555 =( NAMED_UNIT ( * ) SI_UNIT ( $, .STERADIAN. ) SOLID_ANGLE_UNIT ( ) );
#556 =( GEOMETRIC_REPRESENTATION_CONTEXT ( 3 ) GLOBAL_UNCERTAINTY_ASSIGNED_CONTEXT ( ( #6291 ) ) GLOBAL_UNIT_ASSIGNED_CONTEXT ( ( #5335, #2485, #1355 ) ) REPRESENTATION_CONTEXT ( 'NONE', 'WORKASPACE' ) );
#557 = CARTESIAN_POINT ( 'NONE',  ( 8.500000000000000000, 0.5000000000000002220, -2.949999999999997957 ) ) ;
#558 =( NAMED_UNIT ( * ) SI_UNIT ( $, .STERADIAN. ) SOLID_ANGLE_UNIT ( ) );
#559 =( NAMED_UNIT ( * ) SI_UNIT ( $, .STERADIAN. ) SOLID_ANGLE_UNIT ( ) );
#560 = CARTESIAN_POINT ( 'NONE',  ( -10.05000000000000426, 1.000000000000000888, -5.450000000000000178 ) ) ;
#561 = LINE ( 'NONE', #4377, #676 ) ;
#562 = AXIS2_PLACEMENT_3D ( 'NONE', #3826, #6607, #2162 ) ;
#563 = MECHANICAL_DESIGN_GEOMETRIC_PRESENTATION_REPRESENTATION (  '', ( #2218 ), #3162 ) ;
#564 = ORIENTED_EDGE ( 'NONE', *, *, #3119, .T. ) ;
#565 = CARTESIAN_POINT ( 'NONE',  ( -10.35000000000000142, 0.5000000000000000000, 11.40839202169004096 ) ) ;
#566 = EDGE_LOOP ( 'NONE', ( #3553, #1446, #5049, #5135, #3735, #444, #5147, #3410 ) ) ;
#567 = PLANE ( 'NONE',  #488 ) ;
#568 = AXIS2_PLACEMENT_3D ( 'NONE', #397, #5059, #1663 ) ;
#569 = ORIENTED_EDGE ( 'NONE', *, *, #4395, .T. ) ;
#570 = UNCERTAINTY_MEASURE_WITH_UNIT (LENGTH_MEASURE( 1.000000000000000082E-05 ), #804, 'distance_accuracy_value', 'NONE');
#571 = PRESENTATION_STYLE_ASSIGNMENT (( #3051 ) ) ;
#572 =( LENGTH_UNIT ( ) NAMED_UNIT ( * ) SI_UNIT ( .MILLI., .METRE. ) );
#573 = DIRECTION ( 'NONE',  ( -0.000000000000000000, 0.000000000000000000, 1.000000000000000000 ) ) ;
#574 = CARTESIAN_POINT ( 'NONE',  ( 0.000000000000000000, 1.500000000000000000, 0.000000000000000000 ) ) ;
#575 =( LENGTH_UNIT ( ) NAMED_UNIT ( * ) SI_UNIT ( .MILLI., .METRE. ) );
#576 = FILL_AREA_STYLE ('',( #3892 ) ) ;
#577 = DIRECTION ( 'NONE',  ( 0.000000000000000000, 0.000000000000000000, -1.000000000000000000 ) ) ;
#578 = STYLED_ITEM ( 'NONE', ( #1390 ), #3748 ) ;
#579 =( NAMED_UNIT ( * ) SI_UNIT ( $, .STERADIAN. ) SOLID_ANGLE_UNIT ( ) );
#580 =( LENGTH_UNIT ( ) NAMED_UNIT ( * ) SI_UNIT ( .MILLI., .METRE. ) );
#581 = VECTOR ( 'NONE', #5640, 1000.000000000000000 ) ;
#582 = FILL_AREA_STYLE ('',( #5251 ) ) ;
#583 = DIRECTION ( 'NONE',  ( 1.807003620809171674E-16, 0.000000000000000000, 1.000000000000000000 ) ) ;
#584 = ORIENTED_EDGE ( 'NONE', *, *, #5863, .F. ) ;
#585 = SURFACE_SIDE_STYLE ('',( #3865 ) ) ;
#586 = ADVANCED_FACE ( 'NONE', ( #6712 ), #4928, .T. ) ;
#587 = PRESENTATION_STYLE_ASSIGNMENT (( #1197 ) ) ;
#588 = ORIENTED_EDGE ( 'NONE', *, *, #7149, .T. ) ;
#589 = AXIS2_PLACEMENT_3D ( 'NONE', #6900, #4077, #3523 ) ;
#590 = CARTESIAN_POINT ( 'NONE',  ( 7.800000000000000711, 0.5000000000000000000, -3.949999999999998845 ) ) ;
#591 = ORIENTED_EDGE ( 'NONE', *, *, #5102, .T. ) ;
#592 = CARTESIAN_POINT ( 'NONE',  ( 0.3400000000000037437, 20.25490381056766864, 3.947061098093049836 ) ) ;
#593 = FILL_AREA_STYLE_COLOUR ( '', #2028 ) ;
#594 = CARTESIAN_POINT ( 'NONE',  ( -10.35000000000000142, 1.000000000000000000, 0.7499999999999988898 ) ) ;
#595 = EDGE_CURVE ( 'NONE', #6811, #3953, #844, .T. ) ;
#596 = PLANE ( 'NONE',  #5894 ) ;
#597 = LINE ( 'NONE', #824, #1153 ) ;
#598 = CYLINDRICAL_SURFACE ( 'NONE', #5984, 1.799999999999999600 ) ;
#599 = ORIENTED_EDGE ( 'NONE', *, *, #7044, .F. ) ;
#600 = EDGE_CURVE ( 'NONE', #3524, #7275, #3061, .T. ) ;
#601 = VERTEX_POINT ( 'NONE', #3646 ) ;
#602 = CARTESIAN_POINT ( 'NONE',  ( -1.963929817321424798, 20.39999999999999858, 1.748035091339285030 ) ) ;
#603 = MECHANICAL_DESIGN_GEOMETRIC_PRESENTATION_REPRESENTATION (  '', ( #4257 ), #2475 ) ;
#604 = ORIENTED_EDGE ( 'NONE', *, *, #3064, .T. ) ;
#605 = PLANE ( 'NONE',  #4151 ) ;
#606 =( GEOMETRIC_REPRESENTATION_CONTEXT ( 3 ) GLOBAL_UNCERTAINTY_ASSIGNED_CONTEXT ( ( #3424 ) ) GLOBAL_UNIT_ASSIGNED_CONTEXT ( ( #5241, #2843, #2247 ) ) REPRESENTATION_CONTEXT ( 'NONE', 'WORKASPACE' ) );
#607 = SURFACE_STYLE_USAGE ( .BOTH. , #3927 ) ;
#608 =( NAMED_UNIT ( * ) PLANE_ANGLE_UNIT ( ) SI_UNIT ( $, .RADIAN. ) );
#609 = DIRECTION ( 'NONE',  ( -0.000000000000000000, -1.000000000000000000, -0.000000000000000000 ) ) ;
#610 = CARTESIAN_POINT ( 'NONE',  ( -10.65000000000000391, 1.000000000000000444, 0.7499999999999998890 ) ) ;
#611 = STYLED_ITEM ( 'NONE', ( #2874 ), #4289 ) ;
#612 = VECTOR ( 'NONE', #2029, 1000.000000000000000 ) ;
#613 = SURFACE_SIDE_STYLE ('',( #51 ) ) ;
#614 = ORIENTED_EDGE ( 'NONE', *, *, #3930, .F. ) ;
#615 = CARTESIAN_POINT ( 'NONE',  ( 10.01862915010149280, 20.29999999999999716, -10.01862915010161714 ) ) ;
#616 = DIRECTION ( 'NONE',  ( -1.000000000000000000, 0.000000000000000000, 0.000000000000000000 ) ) ;
#617 = DIRECTION ( 'NONE',  ( -0.000000000000000000, -1.000000000000000000, -0.000000000000000000 ) ) ;
#618 = PRESENTATION_LAYER_ASSIGNMENT (  '', '', ( #4408 ) ) ;
#619 = ORIENTED_EDGE ( 'NONE', *, *, #4623, .T. ) ;
#620 = CIRCLE ( 'NONE', #974, 0.8000000000000012657 ) ;
#621 = SURFACE_SIDE_STYLE ('',( #5092 ) ) ;
#622 = EDGE_LOOP ( 'NONE', ( #2997, #4035 ) ) ;
#623 = CARTESIAN_POINT ( 'NONE',  ( 2.543929817321433529, 20.35000000000000497, 1.798035091339284630 ) ) ;
#624 = CARTESIAN_POINT ( 'NONE',  ( -5.600000000000000533, -8.662741699796955075, 9.500000000000001776 ) ) ;
#625 = DIRECTION ( 'NONE',  ( 1.000000000000000000, 0.000000000000000000, 0.000000000000000000 ) ) ;
#626 = CARTESIAN_POINT ( 'NONE',  ( 12.50000000000000178, 1.500000000000000000, -15.00000000000000000 ) ) ;
#627 = FILL_AREA_STYLE_COLOUR ( '', #6145 ) ;
#628 = UNCERTAINTY_MEASURE_WITH_UNIT (LENGTH_MEASURE( 1.000000000000000082E-05 ), #2074, 'distance_accuracy_value', 'NONE');
#629 = EDGE_CURVE ( 'NONE', #4847, #3240, #419, .T. ) ;
#630 = AXIS2_PLACEMENT_3D ( 'NONE', #4367, #4203, #6028 ) ;
#631 = SURFACE_SIDE_STYLE ('',( #6348 ) ) ;
#632 = VERTEX_POINT ( 'NONE', #243 ) ;
#633 =( NAMED_UNIT ( * ) PLANE_ANGLE_UNIT ( ) SI_UNIT ( $, .RADIAN. ) );
#634 = VERTEX_POINT ( 'NONE', #2499 ) ;
#635 = STYLED_ITEM ( 'NONE', ( #1998 ), #1711 ) ;
#636 = UNCERTAINTY_MEASURE_WITH_UNIT (LENGTH_MEASURE( 1.000000000000000082E-05 ), #4729, 'distance_accuracy_value', 'NONE');
#637 = CARTESIAN_POINT ( 'NONE',  ( -2.299999999999996714, 0.5000000000000000000, 12.00000000000000000 ) ) ;
#638 = COLOUR_RGB ( '',0.2509803921568627416, 0.2509803921568627416, 0.2509803921568627416 ) ;
#639 = ADVANCED_FACE ( 'NONE', ( #4209 ), #3941, .F. ) ;
#640 = VERTEX_POINT ( 'NONE', #5618 ) ;
#641 = FACE_OUTER_BOUND ( 'NONE', #1710, .T. ) ;
#642 = SURFACE_STYLE_FILL_AREA ( #5174 ) ;
#643 = CYLINDRICAL_SURFACE ( 'NONE', #3868, 0.2999999999999999334 ) ;
#644 = PRESENTATION_STYLE_ASSIGNMENT (( #6327 ) ) ;
#645 = PLANE ( 'NONE',  #3477 ) ;
#646 = STYLED_ITEM ( 'NONE', ( #7180 ), #6065 ) ;
#647 = CARTESIAN_POINT ( 'NONE',  ( 10.19999999999999929, 40.93805269026350402, -5.449999999999999289 ) ) ;
#648 = VECTOR ( 'NONE', #5401, 1000.000000000000000 ) ;
#649 = FILL_AREA_STYLE_COLOUR ( '', #4595 ) ;
#650 = ORIENTED_EDGE ( 'NONE', *, *, #6897, .F. ) ;
#651 = AXIS2_PLACEMENT_3D ( 'NONE', #5357, #7081, #3658 ) ;
#652 = CARTESIAN_POINT ( 'NONE',  ( 0.7067509398896505424, 20.40000000000000213, 1.769239989536667057 ) ) ;
#653 = VERTEX_POINT ( 'NONE', #5056 ) ;
#654 = CYLINDRICAL_SURFACE ( 'NONE', #1066, 0.2999999999999999334 ) ;
#655 = ORIENTED_EDGE ( 'NONE', *, *, #6198, .F. ) ;
#656 = CARTESIAN_POINT ( 'NONE',  ( -9.850000000000001421, 20.29999999999999716, 0.2499999999999994726 ) ) ;
#657 = FILL_AREA_STYLE_COLOUR ( '', #1554 ) ;
#658 = VECTOR ( 'NONE', #1806, 1000.000000000000000 ) ;
#659 =( BOUNDED_CURVE ( )  B_SPLINE_CURVE ( 3, ( #2756, #5042, #7328, #2189 ),
 .UNSPECIFIED., .F., .F. ) 
 B_SPLINE_CURVE_WITH_KNOTS ( ( 4, 4 ),
 ( 1.570796326794896558, 3.141592653589793116 ),
 .UNSPECIFIED. ) 
 CURVE ( )  GEOMETRIC_REPRESENTATION_ITEM ( )  RATIONAL_B_SPLINE_CURVE ( ( 1.000000000000000000, 0.8047378541243649375, 0.8047378541243649375, 1.000000000000000000 ) ) 
 REPRESENTATION_ITEM ( '' )  );
#660 = STYLED_ITEM ( 'NONE', ( #587 ), #5272 ) ;
#661 = PLANE ( 'NONE',  #5142 ) ;
#662 = ORIENTED_EDGE ( 'NONE', *, *, #6104, .T. ) ;
#663 = SURFACE_STYLE_FILL_AREA ( #35 ) ;
#664 = SURFACE_STYLE_USAGE ( .BOTH. , #5278 ) ;
#665 = ORIENTED_EDGE ( 'NONE', *, *, #6249, .F. ) ;
#666 = CARTESIAN_POINT ( 'NONE',  ( -10.05000000000000426, 1.000000000000000888, 13.79999999999999893 ) ) ;
#667 = EDGE_CURVE ( 'NONE', #2322, #3185, #1915, .T. ) ;
#668 =( GEOMETRIC_REPRESENTATION_CONTEXT ( 3 ) GLOBAL_UNCERTAINTY_ASSIGNED_CONTEXT ( ( #1221 ) ) GLOBAL_UNIT_ASSIGNED_CONTEXT ( ( #2288, #608, #4503 ) ) REPRESENTATION_CONTEXT ( 'NONE', 'WORKASPACE' ) );
#669 = PRESENTATION_LAYER_ASSIGNMENT (  '', '', ( #6369 ) ) ;
#670 = VERTEX_POINT ( 'NONE', #2994 ) ;
#671 = PLANE ( 'NONE',  #752 ) ;
#672 = SURFACE_STYLE_FILL_AREA ( #4603 ) ;
#673 = EDGE_CURVE ( 'NONE', #434, #4018, #2855, .T. ) ;
#674 = PRESENTATION_STYLE_ASSIGNMENT (( #76 ) ) ;
#675 = ADVANCED_FACE ( 'NONE', ( #227 ), #6346, .F. ) ;
#676 = VECTOR ( 'NONE', #2811, 1000.000000000000000 ) ;
#677 = CARTESIAN_POINT ( 'NONE',  ( 10.19999999999999929, 0.5000000000000000000, -5.699999999999998401 ) ) ;
#678 = STYLED_ITEM ( 'NONE', ( #795 ), #2090 ) ;
#679 = ORIENTED_EDGE ( 'NONE', *, *, #5511, .T. ) ;
#680 =( GEOMETRIC_REPRESENTATION_CONTEXT ( 3 ) GLOBAL_UNCERTAINTY_ASSIGNED_CONTEXT ( ( #6564 ) ) GLOBAL_UNIT_ASSIGNED_CONTEXT ( ( #7161, #3699, #336 ) ) REPRESENTATION_CONTEXT ( 'NONE', 'WORKASPACE' ) );
#681 = ORIENTED_EDGE ( 'NONE', *, *, #6870, .T. ) ;
#682 = AXIS2_PLACEMENT_3D ( 'NONE', #4107, #1832, #1311 ) ;
#683 = EDGE_CURVE ( 'NONE', #670, #4043, #5744, .T. ) ;
#684 = DIRECTION ( 'NONE',  ( -0.000000000000000000, 0.000000000000000000, 1.000000000000000000 ) ) ;
#685 = CARTESIAN_POINT ( 'NONE',  ( 1.064598948505100173, 20.39999999999999503, 1.943815661483947910 ) ) ;
#686 = PRESENTATION_LAYER_ASSIGNMENT (  '', '', ( #1996 ) ) ;
#687 =( LENGTH_UNIT ( ) NAMED_UNIT ( * ) SI_UNIT ( .MILLI., .METRE. ) );
#688 = ORIENTED_EDGE ( 'NONE', *, *, #1904, .F. ) ;
#689 =( NAMED_UNIT ( * ) PLANE_ANGLE_UNIT ( ) SI_UNIT ( $, .RADIAN. ) );
#690 = CARTESIAN_POINT ( 'NONE',  ( 6.900000000000000355, 20.39999999999999858, 0.000000000000000000 ) ) ;
#691 = DIRECTION ( 'NONE',  ( 1.000000000000000000, -0.000000000000000000, -0.000000000000000000 ) ) ;
#692 = ORIENTED_EDGE ( 'NONE', *, *, #2330, .F. ) ;
#693 =( NAMED_UNIT ( * ) PLANE_ANGLE_UNIT ( ) SI_UNIT ( $, .RADIAN. ) );
#694 = ORIENTED_EDGE ( 'NONE', *, *, #3354, .T. ) ;
#695 = UNCERTAINTY_MEASURE_WITH_UNIT (LENGTH_MEASURE( 1.000000000000000082E-05 ), #109, 'distance_accuracy_value', 'NONE');
#696 = DIRECTION ( 'NONE',  ( 0.000000000000000000, 1.000000000000000000, 0.000000000000000000 ) ) ;
#697 = ORIENTED_EDGE ( 'NONE', *, *, #7302, .F. ) ;
#698 = ADVANCED_FACE ( 'NONE', ( #4245 ), #3578, .F. ) ;
#699 = LINE ( 'NONE', #6786, #6179 ) ;
#700 = STYLED_ITEM ( 'NONE', ( #1546 ), #938 ) ;
#701 = FILL_AREA_STYLE_COLOUR ( '', #1429 ) ;
#702 = DIRECTION ( 'NONE',  ( 0.000000000000000000, -1.000000000000000000, 0.000000000000000000 ) ) ;
#703 =( NAMED_UNIT ( * ) PLANE_ANGLE_UNIT ( ) SI_UNIT ( $, .RADIAN. ) );
#704 = EDGE_CURVE ( 'NONE', #6283, #1295, #6878, .T. ) ;
#705 = LINE ( 'NONE', #2928, #2705 ) ;
#706 = VERTEX_POINT ( 'NONE', #3491 ) ;
#707 = PRESENTATION_LAYER_ASSIGNMENT (  '', '', ( #6202 ) ) ;
#708 = EDGE_LOOP ( 'NONE', ( #6575, #6078, #6765, #2006 ) ) ;
#709 = CARTESIAN_POINT ( 'NONE',  ( -10.65000000000000391, 0.5000000000000000000, 1.050000000000000044 ) ) ;
#710 = FILL_AREA_STYLE_COLOUR ( '', #3985 ) ;
#711 = CYLINDRICAL_SURFACE ( 'NONE', #3853, 1.799999999999999600 ) ;
#712 =( NAMED_UNIT ( * ) PLANE_ANGLE_UNIT ( ) SI_UNIT ( $, .RADIAN. ) );
#713 = CARTESIAN_POINT ( 'NONE',  ( -12.30000000000000249, 20.29999999999999716, -14.50000000000000178 ) ) ;
#714 = ORIENTED_EDGE ( 'NONE', *, *, #6015, .F. ) ;
#715 =( GEOMETRIC_REPRESENTATION_CONTEXT ( 3 ) GLOBAL_UNCERTAINTY_ASSIGNED_CONTEXT ( ( #5036 ) ) GLOBAL_UNIT_ASSIGNED_CONTEXT ( ( #237, #1990, #1880 ) ) REPRESENTATION_CONTEXT ( 'NONE', 'WORKASPACE' ) );
#716 = EDGE_CURVE ( 'NONE', #6292, #4553, #7304, .T. ) ;
#717 = MECHANICAL_DESIGN_GEOMETRIC_PRESENTATION_REPRESENTATION (  '', ( #6911 ), #5019 ) ;
#718 = FILL_AREA_STYLE_COLOUR ( '', #6877 ) ;
#719 = ORIENTED_EDGE ( 'NONE', *, *, #5826, .T. ) ;
#720 = DIRECTION ( 'NONE',  ( -1.000000000000000000, 0.000000000000000000, -1.636531581110195902E-16 ) ) ;
#721 = CARTESIAN_POINT ( 'NONE',  ( 1.300000000000002487, 1.000000000000000444, 12.00000000000000000 ) ) ;
#722 = AXIS2_PLACEMENT_3D ( 'NONE', #6906, #2835, #5730 ) ;
#723 = LINE ( 'NONE', #1330, #1487 ) ;
#724 =( LENGTH_UNIT ( ) NAMED_UNIT ( * ) SI_UNIT ( .MILLI., .METRE. ) );
#725 = VECTOR ( 'NONE', #537, 1000.000000000000000 ) ;
#726 = EDGE_LOOP ( 'NONE', ( #1919, #7315 ) ) ;
#727 = VECTOR ( 'NONE', #45, 1000.000000000000000 ) ;
#728 =( GEOMETRIC_REPRESENTATION_CONTEXT ( 3 ) GLOBAL_UNCERTAINTY_ASSIGNED_CONTEXT ( ( #2549 ) ) GLOBAL_UNIT_ASSIGNED_CONTEXT ( ( #1114, #3361, #4663 ) ) REPRESENTATION_CONTEXT ( 'NONE', 'WORKASPACE' ) );
#729 = ORIENTED_EDGE ( 'NONE', *, *, #6197, .T. ) ;
#730 = DIRECTION ( 'NONE',  ( 0.000000000000000000, 1.000000000000000000, 0.000000000000000000 ) ) ;
#731 = LINE ( 'NONE', #6885, #3618 ) ;
#732 = EDGE_CURVE ( 'NONE', #706, #2265, #4642, .T. ) ;
#733 = AXIS2_PLACEMENT_3D ( 'NONE', #4816, #352, #7103 ) ;
#734 = CARTESIAN_POINT ( 'NONE',  ( 0.000000000000000000, -3.200000000000000178, 0.000000000000000000 ) ) ;
#735 = ORIENTED_EDGE ( 'NONE', *, *, #4613, .T. ) ;
#736 = CARTESIAN_POINT ( 'NONE',  ( 13.79999999999999893, 0.4166666666666667407, -11.50699335140836865 ) ) ;
#737 = DIRECTION ( 'NONE',  ( 0.000000000000000000, 0.000000000000000000, 1.000000000000000000 ) ) ;
#738 = FILL_AREA_STYLE_COLOUR ( '', #2408 ) ;
#739 = FILL_AREA_STYLE_COLOUR ( '', #6053 ) ;
#740 = LINE ( 'NONE', #1788, #3446 ) ;
#741 = DIRECTION ( 'NONE',  ( 0.000000000000000000, -1.000000000000000000, 0.000000000000000000 ) ) ;
#742 = PRESENTATION_LAYER_ASSIGNMENT (  '', '', ( #6227 ) ) ;
#743 = PRESENTATION_STYLE_ASSIGNMENT (( #3552 ) ) ;
#744 = VERTEX_POINT ( 'NONE', #4314 ) ;
#745 = PRESENTATION_STYLE_ASSIGNMENT (( #5261 ) ) ;
#746 = DIRECTION ( 'NONE',  ( 0.000000000000000000, 1.000000000000000000, 0.000000000000000000 ) ) ;
#747 = CIRCLE ( 'NONE', #1941, 0.2999999999999999334 ) ;
#748 = FILL_AREA_STYLE_COLOUR ( '', #6689 ) ;
#749 = FILL_AREA_STYLE ('',( #4190 ) ) ;
#750 = EDGE_CURVE ( 'NONE', #3141, #4820, #3777, .T. ) ;
#751 = STYLED_ITEM ( 'NONE', ( #5598 ), #523 ) ;
#752 = AXIS2_PLACEMENT_3D ( 'NONE', #2324, #702, #4718 ) ;
#753 = LINE ( 'NONE', #4733, #2698 ) ;
#754 = ORIENTED_EDGE ( 'NONE', *, *, #2487, .T. ) ;
#755 = SURFACE_STYLE_USAGE ( .BOTH. , #5903 ) ;
#756 = CARTESIAN_POINT ( 'NONE',  ( 0.000000000000000000, 0.5000000000000000000, -3.249999999999999556 ) ) ;
#757 = DIRECTION ( 'NONE',  ( 0.000000000000000000, 1.000000000000000000, -0.000000000000000000 ) ) ;
#758 = MECHANICAL_DESIGN_GEOMETRIC_PRESENTATION_REPRESENTATION (  '', ( #1369 ), #6250 ) ;
#759 = EDGE_CURVE ( 'NONE', #4553, #121, #811, .T. ) ;
#760 = EDGE_CURVE ( 'NONE', #5376, #5478, #2490, .T. ) ;
#761 = AXIS2_PLACEMENT_3D ( 'NONE', #3244, #5027, #2179 ) ;
#762 = DIRECTION ( 'NONE',  ( 0.000000000000000000, -1.000000000000000000, 0.000000000000000000 ) ) ;
#763 = ORIENTED_EDGE ( 'NONE', *, *, #5226, .F. ) ;
#764 = DIRECTION ( 'NONE',  ( -0.000000000000000000, -1.000000000000000000, -0.000000000000000000 ) ) ;
#765 = VECTOR ( 'NONE', #1581, 1000.000000000000000 ) ;
#766 = ORIENTED_EDGE ( 'NONE', *, *, #4800, .F. ) ;
#767 = VERTEX_POINT ( 'NONE', #2436 ) ;
#768 = DIRECTION ( 'NONE',  ( 0.000000000000000000, 0.000000000000000000, 1.000000000000000000 ) ) ;
#769 = UNCERTAINTY_MEASURE_WITH_UNIT (LENGTH_MEASURE( 1.000000000000000082E-05 ), #3403, 'distance_accuracy_value', 'NONE');
#770 =( GEOMETRIC_REPRESENTATION_CONTEXT ( 3 ) GLOBAL_UNCERTAINTY_ASSIGNED_CONTEXT ( ( #2184 ) ) GLOBAL_UNIT_ASSIGNED_CONTEXT ( ( #6676, #2140, #3270 ) ) REPRESENTATION_CONTEXT ( 'NONE', 'WORKASPACE' ) );
#771 = DIRECTION ( 'NONE',  ( 0.000000000000000000, 1.000000000000000000, 0.000000000000000000 ) ) ;
#772 = EDGE_LOOP ( 'NONE', ( #7099, #6916, #3003, #1131 ) ) ;
#773 = CARTESIAN_POINT ( 'NONE',  ( -0.06224833797096555182, 20.39999999999999147, 4.018590023394739141 ) ) ;
#774 =( LENGTH_UNIT ( ) NAMED_UNIT ( * ) SI_UNIT ( .MILLI., .METRE. ) );
#775 = LINE ( 'NONE', #3031, #513 ) ;
#776 = SURFACE_STYLE_FILL_AREA ( #1270 ) ;
#777 = DIRECTION ( 'NONE',  ( 3.469446951953595256E-14, 0.000000000000000000, -1.000000000000000000 ) ) ;
#778 = COLOUR_RGB ( '',0.2509803921568627416, 0.2509803921568627416, 0.2509803921568627416 ) ;
#779 = VERTEX_POINT ( 'NONE', #2320 ) ;
#780 = MECHANICAL_DESIGN_GEOMETRIC_PRESENTATION_REPRESENTATION (  '', ( #3025 ), #73 ) ;
#781 = MECHANICAL_DESIGN_GEOMETRIC_PRESENTATION_REPRESENTATION (  '', ( #3027 ), #3616 ) ;
#782 = CARTESIAN_POINT ( 'NONE',  ( 7.800000000000000711, 1.500000000000000000, -4.249999999999999112 ) ) ;
#783 = CARTESIAN_POINT ( 'NONE',  ( -0.4999999999999972800, -2.700000000004365575, 12.79999999999859028 ) ) ;
#784 = AXIS2_PLACEMENT_3D ( 'NONE', #5610, #3790, #2069 ) ;
#785 = MECHANICAL_DESIGN_GEOMETRIC_PRESENTATION_REPRESENTATION (  '', ( #4375 ), #7258 ) ;
#786 = DIRECTION ( 'NONE',  ( 0.000000000000000000, 1.000000000000000000, 0.000000000000000000 ) ) ;
#787 = DIRECTION ( 'NONE',  ( 0.000000000000000000, 0.000000000000000000, 1.000000000000000000 ) ) ;
#788 = ORIENTED_EDGE ( 'NONE', *, *, #6714, .F. ) ;
#789 = FILL_AREA_STYLE_COLOUR ( '', #1264 ) ;
#790 = EDGE_CURVE ( 'NONE', #4043, #601, #2386, .T. ) ;
#791 = LINE ( 'NONE', #7022, #2620 ) ;
#792 = SURFACE_STYLE_USAGE ( .BOTH. , #4894 ) ;
#793 = CARTESIAN_POINT ( 'NONE',  ( 0.000000000000000000, 0.5000000000000000000, -11.40839202169004096 ) ) ;
#794 = STYLED_ITEM ( 'NONE', ( #4435 ), #3638 ) ;
#795 = PRESENTATION_STYLE_ASSIGNMENT (( #5912 ) ) ;
#796 = ORIENTED_EDGE ( 'NONE', *, *, #5175, .T. ) ;
#797 = CARTESIAN_POINT ( 'NONE',  ( -10.05000000000000426, 1.000000000000000888, -13.79999999999999893 ) ) ;
#798 = EDGE_CURVE ( 'NONE', #7079, #4170, #6084, .T. ) ;
#799 = ORIENTED_EDGE ( 'NONE', *, *, #2633, .T. ) ;
#800 =( NAMED_UNIT ( * ) SI_UNIT ( $, .STERADIAN. ) SOLID_ANGLE_UNIT ( ) );
#801 = PRESENTATION_LAYER_ASSIGNMENT (  '', '', ( #3996 ) ) ;
#802 = SURFACE_SIDE_STYLE ('',( #2504 ) ) ;
#803 = EDGE_LOOP ( 'NONE', ( #3517, #2353, #2301, #4109 ) ) ;
#804 =( LENGTH_UNIT ( ) NAMED_UNIT ( * ) SI_UNIT ( .MILLI., .METRE. ) );
#805 = SURFACE_STYLE_FILL_AREA ( #1923 ) ;
#806 = AXIS2_PLACEMENT_3D ( 'NONE', #3541, #5682, #2763 ) ;
#807 = MECHANICAL_DESIGN_GEOMETRIC_PRESENTATION_REPRESENTATION (  '', ( #3272 ), #3629 ) ;
#808 = ORIENTED_EDGE ( 'NONE', *, *, #5778, .T. ) ;
#809 = EDGE_CURVE ( 'NONE', #1047, #4300, #6908, .T. ) ;
#810 = DIRECTION ( 'NONE',  ( -1.000000000000000000, 0.000000000000000000, 0.000000000000000000 ) ) ;
#811 = LINE ( 'NONE', #2581, #612 ) ;
#812 = SURFACE_SIDE_STYLE ('',( #7159 ) ) ;
#813 = DIRECTION ( 'NONE',  ( 0.000000000000000000, 0.000000000000000000, -1.000000000000000000 ) ) ;
#814 =( NAMED_UNIT ( * ) PLANE_ANGLE_UNIT ( ) SI_UNIT ( $, .RADIAN. ) );
#815 = UNCERTAINTY_MEASURE_WITH_UNIT (LENGTH_MEASURE( 1.000000000000000082E-05 ), #2967, 'distance_accuracy_value', 'NONE');
#816 = CARTESIAN_POINT ( 'NONE',  ( -10.65000000000000391, 1.000000000000000888, 1.050000000000000044 ) ) ;
#817 =( NAMED_UNIT ( * ) PLANE_ANGLE_UNIT ( ) SI_UNIT ( $, .RADIAN. ) );
#818 = VERTEX_POINT ( 'NONE', #510 ) ;
#819 = VECTOR ( 'NONE', #5554, 1000.000000000000000 ) ;
#820 = DIRECTION ( 'NONE',  ( 0.000000000000000000, 0.000000000000000000, 1.000000000000000000 ) ) ;
#821 = PRESENTATION_STYLE_ASSIGNMENT (( #3040 ) ) ;
#822 = SURFACE_SIDE_STYLE ('',( #6507 ) ) ;
#823 = SURFACE_SIDE_STYLE ('',( #1982 ) ) ;
#824 = CARTESIAN_POINT ( 'NONE',  ( 0.000000000000000000, 20.39999999999999858, -4.850000000000000533 ) ) ;
#825 = STYLED_ITEM ( 'NONE', ( #5163 ), #4061 ) ;
#826 = PRESENTATION_STYLE_ASSIGNMENT (( #3124 ) ) ;
#827 = ORIENTED_EDGE ( 'NONE', *, *, #1904, .T. ) ;
#828 = FILL_AREA_STYLE_COLOUR ( '', #2951 ) ;
#829 = FACE_OUTER_BOUND ( 'NONE', #1171, .T. ) ;
#830 = CARTESIAN_POINT ( 'NONE',  ( -0.4999999999999971689, -8.662741699796955075, 11.19999999999999929 ) ) ;
#831 = DIRECTION ( 'NONE',  ( -1.000000000000000000, 0.000000000000000000, -0.000000000000000000 ) ) ;
#832 = AXIS2_PLACEMENT_3D ( 'NONE', #5740, #6261, #1147 ) ;
#833 = ORIENTED_EDGE ( 'NONE', *, *, #798, .F. ) ;
#834 = CARTESIAN_POINT ( 'NONE',  ( 11.80000000000000071, 18.39999999999999858, -14.00000000000000000 ) ) ;
#835 = EDGE_LOOP ( 'NONE', ( #32, #614, #125, #5204 ) ) ;
#836 = AXIS2_PLACEMENT_3D ( 'NONE', #5195, #93, #3349 ) ;
#837 = CLOSED_SHELL ( 'NONE', ( #6776, #2670, #5263, #938, #5039, #5735, #3289, #3787, #157, #2387, #3877, #3241, #2129, #2999, #639, #6961, #6734, #952, #4909, #5705, #4750, #698, #4016, #6539, #5819, #7251, #6502, #5512, #3968, #4956, #3279, #3161, #1495, #3421, #7053, #3926, #4105, #1613, #6065, #6817, #497, #5087, #5405, #2164, #2200, #3053, #2878, #4485, #1261, #1089, #4152, #6149, #1117 ) ) ;
#838 = ORIENTED_EDGE ( 'NONE', *, *, #2955, .F. ) ;
#839 = LINE ( 'NONE', #4088, #2947 ) ;
#840 = CARTESIAN_POINT ( 'NONE',  ( -0.4999999999999972800, -3.199999999992542143, 12.00000000000000000 ) ) ;
#841 = ORIENTED_EDGE ( 'NONE', *, *, #7106, .T. ) ;
#842 = FILL_AREA_STYLE_COLOUR ( '', #4186 ) ;
#843 = AXIS2_PLACEMENT_3D ( 'NONE', #3936, #3234, #2694 ) ;
#844 = LINE ( 'NONE', #5994, #5654 ) ;
#845 = ADVANCED_FACE ( 'NONE', ( #1133 ), #6681, .T. ) ;
#846 = PRESENTATION_LAYER_ASSIGNMENT (  '', '', ( #4281 ) ) ;
#847 = ORIENTED_EDGE ( 'NONE', *, *, #5186, .F. ) ;
#848 = VERTEX_POINT ( 'NONE', #3239 ) ;
#849 = FILL_AREA_STYLE_COLOUR ( '', #485 ) ;
#850 = SHAPE_REPRESENTATION ( 'SLA-12VDC-SL-C_SLA-12VDC-SL-C', ( #6240 ), #136 ) ;
#851 = SURFACE_STYLE_USAGE ( .BOTH. , #2010 ) ;
#852 = DIRECTION ( 'NONE',  ( 0.000000000000000000, 0.000000000000000000, 1.000000000000000000 ) ) ;
#853 = SURFACE_STYLE_USAGE ( .BOTH. , #2443 ) ;
#854 = DIRECTION ( 'NONE',  ( 0.000000000000000000, 0.000000000000000000, -1.000000000000000000 ) ) ;
#855 = EDGE_CURVE ( 'NONE', #7188, #6679, #355, .T. ) ;
#856 = EDGE_CURVE ( 'NONE', #4709, #1999, #1517, .T. ) ;
#857 = COLOUR_RGB ( '',0.000000000000000000, 0.000000000000000000, 1.000000000000000000 ) ;
#858 = MECHANICAL_DESIGN_GEOMETRIC_PRESENTATION_REPRESENTATION (  '', ( #7307 ), #6806 ) ;
#859 = CARTESIAN_POINT ( 'NONE',  ( -12.50000000000000178, 0.5000000000000000000, 0.7500000000000005551 ) ) ;
#860 = LINE ( 'NONE', #6450, #3797 ) ;
#861 = DIRECTION ( 'NONE',  ( -1.000000000000000000, 0.000000000000000000, -1.122798366328030394E-16 ) ) ;
#862 =( GEOMETRIC_REPRESENTATION_CONTEXT ( 3 ) GLOBAL_UNCERTAINTY_ASSIGNED_CONTEXT ( ( #7163 ) ) GLOBAL_UNIT_ASSIGNED_CONTEXT ( ( #4248, #4292, #1888 ) ) REPRESENTATION_CONTEXT ( 'NONE', 'WORKASPACE' ) );
#863 =( LENGTH_UNIT ( ) NAMED_UNIT ( * ) SI_UNIT ( .MILLI., .METRE. ) );
#864 = DIRECTION ( 'NONE',  ( 0.000000000000000000, 1.000000000000000000, 0.000000000000000000 ) ) ;
#865 = DIRECTION ( 'NONE',  ( -0.000000000000000000, 1.000000000000000000, 0.000000000000000000 ) ) ;
#866 = VECTOR ( 'NONE', #5288, 1000.000000000000000 ) ;
#867 = ORIENTED_EDGE ( 'NONE', *, *, #3018, .T. ) ;
#868 = COLOUR_RGB ( '',0.2509803921568627416, 0.2509803921568627416, 0.2509803921568627416 ) ;
#869 = CARTESIAN_POINT ( 'NONE',  ( 2.543929817321433084, 20.35000000000000497, 1.798035091339285296 ) ) ;
#870 = SURFACE_SIDE_STYLE ('',( #1436 ) ) ;
#871 = CARTESIAN_POINT ( 'NONE',  ( 12.30000000000000249, 20.29999999999999716, -7.878679656440437995 ) ) ;
#872 =( LENGTH_UNIT ( ) NAMED_UNIT ( * ) SI_UNIT ( .MILLI., .METRE. ) );
#873 = AXIS2_PLACEMENT_3D ( 'NONE', #3832, #5532, #6177 ) ;
#874 = DIRECTION ( 'NONE',  ( -1.000000000000000000, 0.000000000000000000, 0.000000000000000000 ) ) ;
#875 = ORIENTED_EDGE ( 'NONE', *, *, #5656, .T. ) ;
#876 = DIRECTION ( 'NONE',  ( 0.000000000000000000, 0.000000000000000000, -1.000000000000000000 ) ) ;
#877 = ORIENTED_EDGE ( 'NONE', *, *, #4957, .F. ) ;
#878 = COLOUR_RGB ( '',0.000000000000000000, 0.000000000000000000, 1.000000000000000000 ) ;
#879 = DIRECTION ( 'NONE',  ( 0.000000000000000000, 0.000000000000000000, 1.000000000000000000 ) ) ;
#880 = ORIENTED_EDGE ( 'NONE', *, *, #6463, .T. ) ;
#881 = PLANE ( 'NONE',  #761 ) ;
#882 = SURFACE_STYLE_USAGE ( .BOTH. , #1451 ) ;
#883 = VECTOR ( 'NONE', #180, 1000.000000000000114 ) ;
#884 = ORIENTED_EDGE ( 'NONE', *, *, #4136, .F. ) ;
#885 = CYLINDRICAL_SURFACE ( 'NONE', #5514, 0.09999999999999939493 ) ;
#886 = ORIENTED_EDGE ( 'NONE', *, *, #4356, .T. ) ;
#887 = SURFACE_STYLE_USAGE ( .BOTH. , #3736 ) ;
#888 = EDGE_CURVE ( 'NONE', #6548, #5992, #6563, .T. ) ;
#889 = DIRECTION ( 'NONE',  ( -0.000000000000000000, 1.000000000000000000, 0.000000000000000000 ) ) ;
#890 = CARTESIAN_POINT ( 'NONE',  ( 7.800000000000000711, 1.000000000000000888, -3.949999999999999734 ) ) ;
#891 = PRESENTATION_LAYER_ASSIGNMENT (  '', '', ( #4193 ) ) ;
#892 = UNCERTAINTY_MEASURE_WITH_UNIT (LENGTH_MEASURE( 1.000000000000000082E-05 ), #2041, 'distance_accuracy_value', 'NONE');
#893 = SURFACE_SIDE_STYLE ('',( #4350 ) ) ;
#894 = COLOUR_RGB ( '',0.2509803921568627416, 0.2509803921568627416, 0.2509803921568627416 ) ;
#895 = PRESENTATION_STYLE_ASSIGNMENT (( #6449 ) ) ;
#896 = EDGE_CURVE ( 'NONE', #5130, #3912, #916, .T. ) ;
#897 = EDGE_CURVE ( 'NONE', #3179, #6657, #2175, .T. ) ;
#898 = CARTESIAN_POINT ( 'NONE',  ( -10.05000000000000426, 1.000000000000000888, 15.00000000000000000 ) ) ;
#899 = LINE ( 'NONE', #3155, #3271 ) ;
#900 = CARTESIAN_POINT ( 'NONE',  ( -5.600000000000000533, -3.199999999992542143, 9.500000000000001776 ) ) ;
#901 = LINE ( 'NONE', #1502, #5513 ) ;
#902 = COLOUR_RGB ( '',0.7921568627450980005, 0.8196078431372548767, 0.9333333333333333481 ) ;
#903 = MECHANICAL_DESIGN_GEOMETRIC_PRESENTATION_REPRESENTATION (  '', ( #4341 ), #2799 ) ;
#904 = ORIENTED_EDGE ( 'NONE', *, *, #551, .T. ) ;
#905 = CARTESIAN_POINT ( 'NONE',  ( -13.50000000000000178, 83.05825363168716535, 1.449999999999999956 ) ) ;
#906 = EDGE_LOOP ( 'NONE', ( #1922, #5283, #1488, #6839 ) ) ;
#907 = AXIS2_PLACEMENT_3D ( 'NONE', #5154, #1205, #126 ) ;
#908 = EDGE_CURVE ( 'NONE', #6475, #121, #4123, .T. ) ;
#909 = CARTESIAN_POINT ( 'NONE',  ( -12.80000000000000249, 1.000000000000000888, 0.7500000000000006661 ) ) ;
#910 =( GEOMETRIC_REPRESENTATION_CONTEXT ( 3 ) GLOBAL_UNCERTAINTY_ASSIGNED_CONTEXT ( ( #4952 ) ) GLOBAL_UNIT_ASSIGNED_CONTEXT ( ( #322, #1418, #4296 ) ) REPRESENTATION_CONTEXT ( 'NONE', 'WORKASPACE' ) );
#911 = DIRECTION ( 'NONE',  ( 1.000000000000000000, 0.000000000000000000, 0.000000000000000000 ) ) ;
#912 = SURFACE_SIDE_STYLE ('',( #6025 ) ) ;
#913 = LINE ( 'NONE', #6645, #1726 ) ;
#914 =( NAMED_UNIT ( * ) PLANE_ANGLE_UNIT ( ) SI_UNIT ( $, .RADIAN. ) );
#915 =( GEOMETRIC_REPRESENTATION_CONTEXT ( 3 ) GLOBAL_UNCERTAINTY_ASSIGNED_CONTEXT ( ( #972 ) ) GLOBAL_UNIT_ASSIGNED_CONTEXT ( ( #7270, #2669, #3806 ) ) REPRESENTATION_CONTEXT ( 'NONE', 'WORKASPACE' ) );
#916 = LINE ( 'NONE', #4290, #1924 ) ;
#917 = VERTEX_POINT ( 'NONE', #479 ) ;
#918 = LINE ( 'NONE', #1414, #5751 ) ;
#919 = ORIENTED_EDGE ( 'NONE', *, *, #704, .F. ) ;
#920 = CARTESIAN_POINT ( 'NONE',  ( -0.4999999999999972800, -8.662741699796955075, 12.80000000000000071 ) ) ;
#921 = FILL_AREA_STYLE ('',( #6622 ) ) ;
#922 = ORIENTED_EDGE ( 'NONE', *, *, #6319, .F. ) ;
#923 = STYLED_ITEM ( 'NONE', ( #6639 ), #2261 ) ;
#924 = SURFACE_SIDE_STYLE ('',( #279 ) ) ;
#925 = COLOUR_RGB ( '',0.000000000000000000, 0.000000000000000000, 1.000000000000000000 ) ;
#926 = PRODUCT_DEFINITION_CONTEXT ( 'detailed design', #7360, 'design' ) ;
#927 = CARTESIAN_POINT ( 'NONE',  ( -0.4999999999999972800, -3.199999999992542143, 12.71183650965213019 ) ) ;
#928 = MECHANICAL_DESIGN_GEOMETRIC_PRESENTATION_REPRESENTATION (  '', ( #3172 ), #6057 ) ;
#929 = ORIENTED_EDGE ( 'NONE', *, *, #4493, .F. ) ;
#930 = PRESENTATION_STYLE_ASSIGNMENT (( #6125 ) ) ;
#931 = CARTESIAN_POINT ( 'NONE',  ( -0.7786057956282483872, 20.39999999999999858, 2.497791552498713763 ) ) ;
#932 = ORIENTED_EDGE ( 'NONE', *, *, #2004, .T. ) ;
#933 = PLANE ( 'NONE',  #7027 ) ;
#934 = CARTESIAN_POINT ( 'NONE',  ( 0.5998946722438167622, 20.20000000000000284, 3.701505897948637269 ) ) ;
#935 = UNCERTAINTY_MEASURE_WITH_UNIT (LENGTH_MEASURE( 1.000000000000000082E-05 ), #7002, 'distance_accuracy_value', 'NONE');
#936 = SURFACE_STYLE_USAGE ( .BOTH. , #6661 ) ;
#937 =( NAMED_UNIT ( * ) SI_UNIT ( $, .STERADIAN. ) SOLID_ANGLE_UNIT ( ) );
#938 = ADVANCED_FACE ( 'NONE', ( #2622 ), #6181, .T. ) ;
#939 = CARTESIAN_POINT ( 'NONE',  ( 0.000000000000000000, 20.39999999999999858, 0.000000000000000000 ) ) ;
#940 =( NAMED_UNIT ( * ) PLANE_ANGLE_UNIT ( ) SI_UNIT ( $, .RADIAN. ) );
#941 = CARTESIAN_POINT ( 'NONE',  ( 0.000000000000000000, 0.5000000000000000000, 0.000000000000000000 ) ) ;
#942 = LINE ( 'NONE', #3196, #2768 ) ;
#943 =( LENGTH_UNIT ( ) NAMED_UNIT ( * ) SI_UNIT ( .MILLI., .METRE. ) );
#944 = ORIENTED_EDGE ( 'NONE', *, *, #2064, .T. ) ;
#945 = EDGE_CURVE ( 'NONE', #7142, #5591, #1065, .T. ) ;
#946 = DIRECTION ( 'NONE',  ( -0.000000000000000000, 1.000000000000000000, -0.000000000000000000 ) ) ;
#947 = ORIENTED_EDGE ( 'NONE', *, *, #3451, .T. ) ;
#948 = DIRECTION ( 'NONE',  ( 0.000000000000000000, 0.000000000000000000, 1.000000000000000000 ) ) ;
#949 = CARTESIAN_POINT ( 'NONE',  ( -9.150000000000000355, 0.5000000000000004441, 1.050000000000000488 ) ) ;
#950 = CARTESIAN_POINT ( 'NONE',  ( -12.80000000000000249, 1.500000000000000000, 0.4500000000000007327 ) ) ;
#951 =( GEOMETRIC_REPRESENTATION_CONTEXT ( 3 ) GLOBAL_UNCERTAINTY_ASSIGNED_CONTEXT ( ( #2786 ) ) GLOBAL_UNIT_ASSIGNED_CONTEXT ( ( #6160, #6193, #1598 ) ) REPRESENTATION_CONTEXT ( 'NONE', 'WORKASPACE' ) );
#952 = ADVANCED_FACE ( 'NONE', ( #4937 ), #654, .F. ) ;
#953 = SURFACE_SIDE_STYLE ('',( #991 ) ) ;
#954 = EDGE_LOOP ( 'NONE', ( #4818, #1146, #1454, #4692 ) ) ;
#955 = CARTESIAN_POINT ( 'NONE',  ( 0.3400000000000034106, 20.19999999999999929, 2.057842712474617919 ) ) ;
#956 = ORIENTED_EDGE ( 'NONE', *, *, #673, .F. ) ;
#957 = CARTESIAN_POINT ( 'NONE',  ( -0.02316592202411700552, 20.19999999999999929, 3.660004878562113095 ) ) ;
#958 = DIRECTION ( 'NONE',  ( -0.000000000000000000, 1.000000000000000000, 0.000000000000000000 ) ) ;
#959 = VECTOR ( 'NONE', #5542, 1000.000000000000000 ) ;
#960 = VERTEX_POINT ( 'NONE', #5657 ) ;
#961 = CARTESIAN_POINT ( 'NONE',  ( 12.80000000000000249, 1.000000000000000888, -14.70000000000000107 ) ) ;
#962 =( NAMED_UNIT ( * ) SI_UNIT ( $, .STERADIAN. ) SOLID_ANGLE_UNIT ( ) );
#963 =( REPRESENTATION_RELATIONSHIP ('NONE','NONE', #5999, #850 ) REPRESENTATION_RELATIONSHIP_WITH_TRANSFORMATION ( #3254 )SHAPE_REPRESENTATION_RELATIONSHIP( ) );
#964 = EDGE_CURVE ( 'NONE', #4322, #6892, #5592, .T. ) ;
#965 = VECTOR ( 'NONE', #1618, 1000.000000000000000 ) ;
#966 = ORIENTED_EDGE ( 'NONE', *, *, #945, .T. ) ;
#967 = DIRECTION ( 'NONE',  ( 0.000000000000000000, 0.000000000000000000, 1.000000000000000000 ) ) ;
#968 = ORIENTED_EDGE ( 'NONE', *, *, #3655, .T. ) ;
#969 = FACE_OUTER_BOUND ( 'NONE', #1752, .T. ) ;
#970 =( NAMED_UNIT ( * ) PLANE_ANGLE_UNIT ( ) SI_UNIT ( $, .RADIAN. ) );
#971 = CIRCLE ( 'NONE', #5733, 0.3000000000000016542 ) ;
#972 = UNCERTAINTY_MEASURE_WITH_UNIT (LENGTH_MEASURE( 1.000000000000000082E-05 ), #7270, 'distance_accuracy_value', 'NONE');
#973 =( LENGTH_UNIT ( ) NAMED_UNIT ( * ) SI_UNIT ( .MILLI., .METRE. ) );
#974 = AXIS2_PLACEMENT_3D ( 'NONE', #1930, #4224, #852 ) ;
#975 =( NAMED_UNIT ( * ) PLANE_ANGLE_UNIT ( ) SI_UNIT ( $, .RADIAN. ) );
#976 = MECHANICAL_DESIGN_GEOMETRIC_PRESENTATION_REPRESENTATION (  '', ( #1691 ), #5502 ) ;
#977 = COLOUR_RGB ( '',0.2509803921568627416, 0.2509803921568627416, 0.2509803921568627416 ) ;
#978 =( LENGTH_UNIT ( ) NAMED_UNIT ( * ) SI_UNIT ( .MILLI., .METRE. ) );
#979 = CARTESIAN_POINT ( 'NONE',  ( -9.400000000000002132, -2.700000000118052412, -3.199999999999997957 ) ) ;
#980 = CARTESIAN_POINT ( 'NONE',  ( -10.05000000000000426, 1.500000000000000000, 15.00000000000000000 ) ) ;
#981 =( NAMED_UNIT ( * ) SI_UNIT ( $, .STERADIAN. ) SOLID_ANGLE_UNIT ( ) );
#982 = SURFACE_STYLE_FILL_AREA ( #4324 ) ;
#983 = CARTESIAN_POINT ( 'NONE',  ( 12.80000000000000249, 0.4000000000000000222, -11.40839202169004096 ) ) ;
#984 = ORIENTED_EDGE ( 'NONE', *, *, #3807, .T. ) ;
#985 = CARTESIAN_POINT ( 'NONE',  ( -11.60000000000000497, 0.5000000000000004441, -13.79999999999999893 ) ) ;
#986 = CARTESIAN_POINT ( 'NONE',  ( 6.600000000000000533, 0.5000000000000000000, -5.699999999999998401 ) ) ;
#987 = EDGE_CURVE ( 'NONE', #5083, #767, #3409, .T. ) ;
#988 = FILL_AREA_STYLE ('',( #6178 ) ) ;
#989 = STYLED_ITEM ( 'NONE', ( #2414 ), #7053 ) ;
#990 = AXIS2_PLACEMENT_3D ( 'NONE', #5355, #330, #3620 ) ;
#991 = SURFACE_STYLE_FILL_AREA ( #6648 ) ;
#992 = ORIENTED_EDGE ( 'NONE', *, *, #5363, .T. ) ;
#993 = CARTESIAN_POINT ( 'NONE',  ( 0.3400000000000032996, 20.35000000000000497, 1.798035091339285074 ) ) ;
#994 =( LENGTH_UNIT ( ) NAMED_UNIT ( * ) SI_UNIT ( .MILLI., .METRE. ) );
#995 = CARTESIAN_POINT ( 'NONE',  ( -0.4004224358278771767, 20.19999999999999574, 3.317806152629827476 ) ) ;
#996 = DIRECTION ( 'NONE',  ( -1.000000000000000000, -0.000000000000000000, -0.000000000000000000 ) ) ;
#997 = EDGE_CURVE ( 'NONE', #2203, #4773, #6540, .T. ) ;
#998 = SURFACE_STYLE_FILL_AREA ( #6121 ) ;
#999 = EDGE_CURVE ( 'NONE', #4513, #3687, #3475, .T. ) ;
#1000 =( NAMED_UNIT ( * ) PLANE_ANGLE_UNIT ( ) SI_UNIT ( $, .RADIAN. ) );
#1001 = CIRCLE ( 'NONE', #2884, 0.2999999999999999334 ) ;
#1002 = CIRCLE ( 'NONE', #7329, 0.2999999999999999334 ) ;
#1003 = LINE ( 'NONE', #6191, #4542 ) ;
#1004 = PRESENTATION_LAYER_ASSIGNMENT (  '', '', ( #4184 ) ) ;
#1005 = VERTEX_POINT ( 'NONE', #1798 ) ;
#1006 = CARTESIAN_POINT ( 'NONE',  ( 11.59999999999999964, 40.93805269026350402, -5.449999999999999289 ) ) ;
#1007 = VERTEX_POINT ( 'NONE', #4482 ) ;
#1008 =( NAMED_UNIT ( * ) SI_UNIT ( $, .STERADIAN. ) SOLID_ANGLE_UNIT ( ) );
#1009 = UNCERTAINTY_MEASURE_WITH_UNIT (LENGTH_MEASURE( 1.000000000000000082E-05 ), #6439, 'distance_accuracy_value', 'NONE');
#1010 = DIRECTION ( 'NONE',  ( -3.540251991789400432E-16, 0.000000000000000000, -1.000000000000000000 ) ) ;
#1011 = LINE ( 'NONE', #4460, #7231 ) ;
#1012 = DIRECTION ( 'NONE',  ( 0.000000000000000000, -0.000000000000000000, -1.000000000000000000 ) ) ;
#1013 = MECHANICAL_DESIGN_GEOMETRIC_PRESENTATION_REPRESENTATION (  '', ( #5406 ), #170 ) ;
#1014 = FACE_BOUND ( 'NONE', #2147, .T. ) ;
#1015 = DIRECTION ( 'NONE',  ( -0.000000000000000000, -1.000000000000000000, -0.000000000000000000 ) ) ;
#1016 = COLOUR_RGB ( '',0.7921568627450980005, 0.8196078431372548767, 0.9333333333333333481 ) ;
#1017 = LINE ( 'NONE', #5568, #6316 ) ;
#1018 = CARTESIAN_POINT ( 'NONE',  ( 4.599999999999997868, 1.000000000000000888, 9.900000000000002132 ) ) ;
#1019 = CARTESIAN_POINT ( 'NONE',  ( 6.958578643762691307, 20.39999999999999858, 14.45857864376269042 ) ) ;
#1020 =( NAMED_UNIT ( * ) PLANE_ANGLE_UNIT ( ) SI_UNIT ( $, .RADIAN. ) );
#1021 = LINE ( 'NONE', #5572, #5670 ) ;
#1022 =( GEOMETRIC_REPRESENTATION_CONTEXT ( 3 ) GLOBAL_UNCERTAINTY_ASSIGNED_CONTEXT ( ( #6814 ) ) GLOBAL_UNIT_ASSIGNED_CONTEXT ( ( #6835, #5720, #5221 ) ) REPRESENTATION_CONTEXT ( 'NONE', 'WORKASPACE' ) );
#1023 = CARTESIAN_POINT ( 'NONE',  ( -0.4999999999999972800, -2.699999999999905587, 12.00000000000000000 ) ) ;
#1024 = DIRECTION ( 'NONE',  ( 0.000000000000000000, 0.000000000000000000, -1.000000000000000000 ) ) ;
#1025 = VERTEX_POINT ( 'NONE', #4552 ) ;
#1026 = CARTESIAN_POINT ( 'NONE',  ( 1.300000000000002487, 0.5000000000000000000, 12.00000000000000000 ) ) ;
#1027 = DIRECTION ( 'NONE',  ( 0.000000000000000000, 0.000000000000000000, -1.000000000000000000 ) ) ;
#1028 = SURFACE_STYLE_FILL_AREA ( #5879 ) ;
#1029 = CYLINDRICAL_SURFACE ( 'NONE', #4570, 0.2999999999999999334 ) ;
#1030 = MECHANICAL_DESIGN_GEOMETRIC_PRESENTATION_REPRESENTATION (  '', ( #3262 ), #5082 ) ;
#1031 = CIRCLE ( 'NONE', #3486, 0.8000000000000012657 ) ;
#1032 = DIRECTION ( 'NONE',  ( -1.101411730778925047E-16, 0.000000000000000000, -1.000000000000000000 ) ) ;
#1033 = EDGE_CURVE ( 'NONE', #6981, #2176, #5222, .T. ) ;
#1034 = MECHANICAL_DESIGN_GEOMETRIC_PRESENTATION_REPRESENTATION (  '', ( #4218 ), #4313 ) ;
#1035 = CARTESIAN_POINT ( 'NONE',  ( 6.175735931288074632, 18.39999999999999858, -15.69999999999999929 ) ) ;
#1036 = ORIENTED_EDGE ( 'NONE', *, *, #1273, .T. ) ;
#1037 = CARTESIAN_POINT ( 'NONE',  ( 0.3400000000000036882, 20.20000000000000284, 3.851964908660714837 ) ) ;
#1038 = CARTESIAN_POINT ( 'NONE',  ( 0.08010532775608202039, 20.20000000000000639, 2.098494102051364329 ) ) ;
#1039 = SURFACE_STYLE_FILL_AREA ( #6153 ) ;
#1040 = PRESENTATION_LAYER_ASSIGNMENT (  '', '', ( #3153 ) ) ;
#1041 = AXIS2_PLACEMENT_3D ( 'NONE', #1886, #4124, #1293 ) ;
#1042 = CARTESIAN_POINT ( 'NONE',  ( -10.35000000000000142, 0.5000000000000000000, 14.69999999999999929 ) ) ;
#1043 = EDGE_CURVE ( 'NONE', #1109, #2299, #2902, .T. ) ;
#1044 = VECTOR ( 'NONE', #5124, 1000.000000000000114 ) ;
#1045 = CARTESIAN_POINT ( 'NONE',  ( 11.38578643762690490, 0.5000000000000000000, -12.00000000000000000 ) ) ;
#1046 = EDGE_LOOP ( 'NONE', ( #2795, #1443, #6682, #4457 ) ) ;
#1047 = VERTEX_POINT ( 'NONE', #3978 ) ;
#1048 = LINE ( 'NONE', #3393, #6972 ) ;
#1049 = UNCERTAINTY_MEASURE_WITH_UNIT (LENGTH_MEASURE( 1.000000000000000082E-05 ), #6088, 'distance_accuracy_value', 'NONE');
#1050 =( GEOMETRIC_REPRESENTATION_CONTEXT ( 3 ) GLOBAL_UNCERTAINTY_ASSIGNED_CONTEXT ( ( #2641 ) ) GLOBAL_UNIT_ASSIGNED_CONTEXT ( ( #4725, #228, #7011 ) ) REPRESENTATION_CONTEXT ( 'NONE', 'WORKASPACE' ) );
#1051 = EDGE_CURVE ( 'NONE', #1887, #480, #3895, .T. ) ;
#1052 = EDGE_CURVE ( 'NONE', #2748, #3078, #7300, .T. ) ;
#1053 = SURFACE_STYLE_FILL_AREA ( #6169 ) ;
#1054 = CIRCLE ( 'NONE', #5486, 0.4000000000000010214 ) ;
#1055 = FACE_OUTER_BOUND ( 'NONE', #527, .T. ) ;
#1056 =( LENGTH_UNIT ( ) NAMED_UNIT ( * ) SI_UNIT ( .MILLI., .METRE. ) );
#1057 = DIRECTION ( 'NONE',  ( 0.000000000000000000, 0.000000000000000000, 1.000000000000000000 ) ) ;
#1058 = CARTESIAN_POINT ( 'NONE',  ( 6.599999999999997868, 0.5000000000000000000, -13.29999999999999893 ) ) ;
#1059 = DIRECTION ( 'NONE',  ( -0.000000000000000000, 1.000000000000000000, 0.000000000000000000 ) ) ;
#1060 = DIRECTION ( 'NONE',  ( -1.000000000000000000, 0.000000000000000000, 0.000000000000000000 ) ) ;
#1061 = DIRECTION ( 'NONE',  ( 1.000000000000000000, 0.000000000000000000, 0.000000000000000000 ) ) ;
#1062 = EDGE_LOOP ( 'NONE', ( #922, #5018, #5151, #1889 ) ) ;
#1063 = DIRECTION ( 'NONE',  ( 1.000000000000000000, -0.000000000000000000, -0.000000000000000000 ) ) ;
#1064 = PRESENTATION_STYLE_ASSIGNMENT (( #3235 ) ) ;
#1065 = LINE ( 'NONE', #440, #3781 ) ;
#1066 = AXIS2_PLACEMENT_3D ( 'NONE', #3380, #6306, #7386 ) ;
#1067 = ORIENTED_EDGE ( 'NONE', *, *, #5247, .F. ) ;
#1068 = CARTESIAN_POINT ( 'NONE',  ( 12.80000000000000249, 1.000000000000000888, -4.549999999999998934 ) ) ;
#1069 = CARTESIAN_POINT ( 'NONE',  ( 0.3400000000000036326, 20.19999999999999929, 3.742157287525382348 ) ) ;
#1070 = DIRECTION ( 'NONE',  ( -1.495451272393798556E-16, 0.000000000000000000, 1.000000000000000000 ) ) ;
#1071 = ORIENTED_EDGE ( 'NONE', *, *, #2569, .F. ) ;
#1072 = AXIS2_PLACEMENT_3D ( 'NONE', #6519, #1425, #4222 ) ;
#1073 = LINE ( 'NONE', #4943, #3984 ) ;
#1074 = CARTESIAN_POINT ( 'NONE',  ( 7.500000000000001776, 1.000000000000000888, -3.949999999999998845 ) ) ;
#1075 = CIRCLE ( 'NONE', #116, 0.7118365096430070427 ) ;
#1076 = CARTESIAN_POINT ( 'NONE',  ( 0.3400000000000036882, 20.39999999999999858, 1.711432550960843457 ) ) ;
#1077 = EDGE_LOOP ( 'NONE', ( #1664, #5510, #3610, #1629 ) ) ;
#1078 = DIRECTION ( 'NONE',  ( 0.000000000000000000, 1.000000000000000000, 0.000000000000000000 ) ) ;
#1079 = ORIENTED_EDGE ( 'NONE', *, *, #856, .F. ) ;
#1080 = CARTESIAN_POINT ( 'NONE',  ( 13.50000000000000178, 20.29999999999999716, -3.249999999999999556 ) ) ;
#1081 = UNCERTAINTY_MEASURE_WITH_UNIT (LENGTH_MEASURE( 1.000000000000000082E-05 ), #4490, 'distance_accuracy_value', 'NONE');
#1082 = CYLINDRICAL_SURFACE ( 'NONE', #6161, 0.2999999999999999334 ) ;
#1083 = EDGE_CURVE ( 'NONE', #2629, #744, #3097, .T. ) ;
#1084 = MECHANICAL_DESIGN_GEOMETRIC_PRESENTATION_REPRESENTATION (  '', ( #2950 ), #2026 ) ;
#1085 =( GEOMETRIC_REPRESENTATION_CONTEXT ( 3 ) GLOBAL_UNCERTAINTY_ASSIGNED_CONTEXT ( ( #6235 ) ) GLOBAL_UNIT_ASSIGNED_CONTEXT ( ( #1172, #5727, #5121 ) ) REPRESENTATION_CONTEXT ( 'NONE', 'WORKASPACE' ) );
#1086 = CARTESIAN_POINT ( 'NONE',  ( 0.3400000000000035216, 20.29999999999999716, 4.088567449039156365 ) ) ;
#1087 = CARTESIAN_POINT ( 'NONE',  ( -9.400000000000002132, 0.5000000000000000000, -1.399999999999998579 ) ) ;
#1088 = VECTOR ( 'NONE', #4053, 1000.000000000000000 ) ;
#1089 = ADVANCED_FACE ( 'NONE', ( #5228 ), #6796, .F. ) ;
#1090 = FACE_OUTER_BOUND ( 'NONE', #2340, .T. ) ;
#1091 = CIRCLE ( 'NONE', #3917, 0.2999999999999999889 ) ;
#1092 = EDGE_CURVE ( 'NONE', #1926, #6408, #3081, .T. ) ;
#1093 = SURFACE_STYLE_USAGE ( .BOTH. , #2233 ) ;
#1094 = CARTESIAN_POINT ( 'NONE',  ( 6.599999999999999645, 0.5000000000000000000, -5.450000000000000178 ) ) ;
#1095 = ORIENTED_EDGE ( 'NONE', *, *, #1846, .T. ) ;
#1096 = DIRECTION ( 'NONE',  ( 0.000000000000000000, 0.000000000000000000, 1.000000000000000000 ) ) ;
#1097 = CARTESIAN_POINT ( 'NONE',  ( 8.500000000000000000, 0.4166666666666667407, 11.50699335140836865 ) ) ;
#1098 = AXIS2_PLACEMENT_3D ( 'NONE', #3522, #4238, #5833 ) ;
#1099 = ORIENTED_EDGE ( 'NONE', *, *, #4999, .T. ) ;
#1100 = CARTESIAN_POINT ( 'NONE',  ( 0.3400000000000035216, 20.35000000000000497, 2.899999999999999911 ) ) ;
#1101 = ORIENTED_EDGE ( 'NONE', *, *, #1994, .T. ) ;
#1102 = CARTESIAN_POINT ( 'NONE',  ( -5.600000000000000533, 0.5000000000000000000, 11.30000000000000249 ) ) ;
#1103 =( NAMED_UNIT ( * ) SI_UNIT ( $, .STERADIAN. ) SOLID_ANGLE_UNIT ( ) );
#1104 = FILL_AREA_STYLE_COLOUR ( '', #1356 ) ;
#1105 = ORIENTED_EDGE ( 'NONE', *, *, #6396, .T. ) ;
#1106 =( LENGTH_UNIT ( ) NAMED_UNIT ( * ) SI_UNIT ( .MILLI., .METRE. ) );
#1107 = MECHANICAL_DESIGN_GEOMETRIC_PRESENTATION_REPRESENTATION (  '', ( #1219 ), #3935 ) ;
#1108 = AXIS2_PLACEMENT_3D ( 'NONE', #7173, #2062, #4189 ) ;
#1109 = VERTEX_POINT ( 'NONE', #5977 ) ;
#1110 = DIRECTION ( 'NONE',  ( 0.000000000000000000, 0.9848077530093370946, 0.1736481776832116408 ) ) ;
#1111 = EDGE_LOOP ( 'NONE', ( #2023, #3898, #5033, #3090 ) ) ;
#1112 = SURFACE_SIDE_STYLE ('',( #3325 ) ) ;
#1113 =( GEOMETRIC_REPRESENTATION_CONTEXT ( 3 ) GLOBAL_UNCERTAINTY_ASSIGNED_CONTEXT ( ( #1601 ) ) GLOBAL_UNIT_ASSIGNED_CONTEXT ( ( #5061, #519, #1775 ) ) REPRESENTATION_CONTEXT ( 'NONE', 'WORKASPACE' ) );
#1114 =( LENGTH_UNIT ( ) NAMED_UNIT ( * ) SI_UNIT ( .MILLI., .METRE. ) );
#1115 = PRESENTATION_LAYER_ASSIGNMENT (  '', '', ( #4443 ) ) ;
#1116 = COLOUR_RGB ( '',0.7921568627450980005, 0.8196078431372548767, 0.9333333333333333481 ) ;
#1117 = ADVANCED_FACE ( 'NONE', ( #4732 ), #6536, .T. ) ;
#1118 = FILL_AREA_STYLE_COLOUR ( '', #1566 ) ;
#1119 = PRESENTATION_STYLE_ASSIGNMENT (( #6203 ) ) ;
#1120 = CARTESIAN_POINT ( 'NONE',  ( 7.200000000000002842, 1.500000000000000000, 14.69999999999999929 ) ) ;
#1121 = VECTOR ( 'NONE', #325, 1000.000000000000000 ) ;
#1122 = FILL_AREA_STYLE ('',( #5006 ) ) ;
#1123 =( NAMED_UNIT ( * ) PLANE_ANGLE_UNIT ( ) SI_UNIT ( $, .RADIAN. ) );
#1124 = LINE ( 'NONE', #647, #3706 ) ;
#1125 = ADVANCED_FACE ( 'NONE', ( #3044 ), #4117, .F. ) ;
#1126 = CONICAL_SURFACE ( 'NONE', #1959, 0.7999999999794439320, 0.1745329252078423599 ) ;
#1127 = CARTESIAN_POINT ( 'NONE',  ( 4.599999999999997868, -8.662741699796955075, 9.099999999999999645 ) ) ;
#1128 = VERTEX_POINT ( 'NONE', #4772 ) ;
#1129 = SURFACE_SIDE_STYLE ('',( #6278 ) ) ;
#1130 = SURFACE_STYLE_USAGE ( .BOTH. , #2695 ) ;
#1131 = ORIENTED_EDGE ( 'NONE', *, *, #7351, .F. ) ;
#1132 = ADVANCED_FACE ( 'NONE', ( #4280 ), #6139, .T. ) ;
#1133 = FACE_OUTER_BOUND ( 'NONE', #6390, .T. ) ;
#1134 =( LENGTH_UNIT ( ) NAMED_UNIT ( * ) SI_UNIT ( .MILLI., .METRE. ) );
#1135 =( BOUNDED_CURVE ( )  B_SPLINE_CURVE ( 3, ( #5916, #1890, #1851, #4863 ),
 .UNSPECIFIED., .F., .F. ) 
 B_SPLINE_CURVE_WITH_KNOTS ( ( 4, 4 ),
 ( 1.570796326794896558, 3.141592653589793116 ),
 .UNSPECIFIED. ) 
 CURVE ( )  GEOMETRIC_REPRESENTATION_ITEM ( )  RATIONAL_B_SPLINE_CURVE ( ( 1.000000000000000000, 0.8047378541243649375, 0.8047378541243649375, 1.000000000000000000 ) ) 
 REPRESENTATION_ITEM ( '' )  );
#1136 = ORIENTED_EDGE ( 'NONE', *, *, #856, .T. ) ;
#1137 = FACE_OUTER_BOUND ( 'NONE', #1404, .T. ) ;
#1138 = VECTOR ( 'NONE', #3366, 1000.000000000000000 ) ;
#1139 = DIRECTION ( 'NONE',  ( -0.000000000000000000, 1.000000000000000000, -0.000000000000000000 ) ) ;
#1140 = SURFACE_STYLE_USAGE ( .BOTH. , #6310 ) ;
#1141 = PLANE ( 'NONE',  #4591 ) ;
#1142 = PRESENTATION_LAYER_ASSIGNMENT (  '', '', ( #5555 ) ) ;
#1143 =( GEOMETRIC_REPRESENTATION_CONTEXT ( 3 ) GLOBAL_UNCERTAINTY_ASSIGNED_CONTEXT ( ( #1426 ) ) GLOBAL_UNIT_ASSIGNED_CONTEXT ( ( #6480, #4064, #3032 ) ) REPRESENTATION_CONTEXT ( 'NONE', 'WORKASPACE' ) );
#1144 = AXIS2_PLACEMENT_3D ( 'NONE', #5428, #5388, #3803 ) ;
#1145 = CARTESIAN_POINT ( 'NONE',  ( -10.05000000000000426, 1.000000000000000888, 15.00000000000000000 ) ) ;
#1146 = ORIENTED_EDGE ( 'NONE', *, *, #47, .F. ) ;
#1147 = DIRECTION ( 'NONE',  ( 0.000000000000000000, 0.000000000000000000, 1.000000000000000000 ) ) ;
#1148 = VECTOR ( 'NONE', #3287, 1000.000000000000000 ) ;
#1149 = EDGE_LOOP ( 'NONE', ( #1067, #2553, #2075, #1767 ) ) ;
#1150 = UNCERTAINTY_MEASURE_WITH_UNIT (LENGTH_MEASURE( 1.000000000000000082E-05 ), #863, 'distance_accuracy_value', 'NONE');
#1151 = SURFACE_STYLE_USAGE ( .BOTH. , #1884 ) ;
#1152 = LINE ( 'NONE', #3922, #1262 ) ;
#1153 = VECTOR ( 'NONE', #4730, 1000.000000000000000 ) ;
#1154 = AXIS2_PLACEMENT_3D ( 'NONE', #1655, #547, #3900 ) ;
#1155 =( GEOMETRIC_REPRESENTATION_CONTEXT ( 3 ) GLOBAL_UNCERTAINTY_ASSIGNED_CONTEXT ( ( #4265 ) ) GLOBAL_UNIT_ASSIGNED_CONTEXT ( ( #7134, #6067, #234 ) ) REPRESENTATION_CONTEXT ( 'NONE', 'WORKASPACE' ) );
#1156 = ORIENTED_EDGE ( 'NONE', *, *, #342, .T. ) ;
#1157 = SURFACE_SIDE_STYLE ('',( #4027 ) ) ;
#1158 = SURFACE_SIDE_STYLE ('',( #5745 ) ) ;
#1159 = STYLED_ITEM ( 'NONE', ( #1119 ), #2323 ) ;
#1160 = CIRCLE ( 'NONE', #5203, 0.1000000000000000472 ) ;
#1161 = FILL_AREA_STYLE ('',( #6270 ) ) ;
#1162 =( GEOMETRIC_REPRESENTATION_CONTEXT ( 3 ) GLOBAL_UNCERTAINTY_ASSIGNED_CONTEXT ( ( #334 ) ) GLOBAL_UNIT_ASSIGNED_CONTEXT ( ( #3705, #817, #3073 ) ) REPRESENTATION_CONTEXT ( 'NONE', 'WORKASPACE' ) );
#1163 = MECHANICAL_DESIGN_GEOMETRIC_PRESENTATION_REPRESENTATION (  '', ( #4237 ), #4976 ) ;
#1164 = ORIENTED_EDGE ( 'NONE', *, *, #3928, .T. ) ;
#1165 = CARTESIAN_POINT ( 'NONE',  ( -11.38578643762690668, 0.5000000000000000000, -12.00000000000000000 ) ) ;
#1166 = FILL_AREA_STYLE_COLOUR ( '', #295 ) ;
#1167 = CARTESIAN_POINT ( 'NONE',  ( 0.6532644966640230866, 20.39999999999999858, 1.752288936119695606 ) ) ;
#1168 = EDGE_CURVE ( 'NONE', #6657, #3221, #5842, .T. ) ;
#1169 = CIRCLE ( 'NONE', #4593, 0.2999999999999999334 ) ;
#1170 = DIRECTION ( 'NONE',  ( 0.000000000000000000, 0.000000000000000000, 1.000000000000000000 ) ) ;
#1171 = EDGE_LOOP ( 'NONE', ( #2782, #3952, #52, #1518, #2551, #2241, #2522, #2452 ) ) ;
#1172 =( LENGTH_UNIT ( ) NAMED_UNIT ( * ) SI_UNIT ( .MILLI., .METRE. ) );
#1173 = DIRECTION ( 'NONE',  ( 0.000000000000000000, -0.000000000000000000, -1.000000000000000000 ) ) ;
#1174 =( NAMED_UNIT ( * ) SI_UNIT ( $, .STERADIAN. ) SOLID_ANGLE_UNIT ( ) );
#1175 = SURFACE_STYLE_USAGE ( .BOTH. , #2345 ) ;
#1176 = ADVANCED_FACE ( 'NONE', ( #2101 ), #6174, .T. ) ;
#1177 = EDGE_LOOP ( 'NONE', ( #117, #6248, #6418, #4601 ) ) ;
#1178 = DIRECTION ( 'NONE',  ( 0.000000000000000000, -1.000000000000000000, 0.000000000000000000 ) ) ;
#1179 = ORIENTED_EDGE ( 'NONE', *, *, #4094, .T. ) ;
#1180 = CARTESIAN_POINT ( 'NONE',  ( 7.200000000000001954, 1.000000000000000888, 15.00000000000000000 ) ) ;
#1181 = ORIENTED_EDGE ( 'NONE', *, *, #2339, .F. ) ;
#1182 = CARTESIAN_POINT ( 'NONE',  ( 8.500000000000000000, 0.4166666666666667407, 12.49300664859163668 ) ) ;
#1183 = EDGE_CURVE ( 'NONE', #6023, #3240, #4434, .T. ) ;
#1184 =( GEOMETRIC_REPRESENTATION_CONTEXT ( 3 ) GLOBAL_UNCERTAINTY_ASSIGNED_CONTEXT ( ( #3955 ) ) GLOBAL_UNIT_ASSIGNED_CONTEXT ( ( #1758, #108, #1824 ) ) REPRESENTATION_CONTEXT ( 'NONE', 'WORKASPACE' ) );
#1185 = ORIENTED_EDGE ( 'NONE', *, *, #3888, .F. ) ;
#1186 = DIRECTION ( 'NONE',  ( 0.000000000000000000, 0.000000000000000000, 1.000000000000000000 ) ) ;
#1187 = DIRECTION ( 'NONE',  ( -1.000000000000000000, -0.000000000000000000, -0.000000000000000000 ) ) ;
#1188 = AXIS2_PLACEMENT_3D ( 'NONE', #1481, #2775, #400 ) ;
#1189 =( NAMED_UNIT ( * ) SI_UNIT ( $, .STERADIAN. ) SOLID_ANGLE_UNIT ( ) );
#1190 = LINE ( 'NONE', #2927, #7168 ) ;
#1191 =( LENGTH_UNIT ( ) NAMED_UNIT ( * ) SI_UNIT ( .MILLI., .METRE. ) );
#1192 = AXIS2_PLACEMENT_3D ( 'NONE', #2379, #2535, #4080 ) ;
#1193 = COLOUR_RGB ( '',0.2509803921568627416, 0.2509803921568627416, 0.2509803921568627416 ) ;
#1194 =( NAMED_UNIT ( * ) SI_UNIT ( $, .STERADIAN. ) SOLID_ANGLE_UNIT ( ) );
#1195 = ORIENTED_EDGE ( 'NONE', *, *, #261, .T. ) ;
#1196 = SURFACE_STYLE_USAGE ( .BOTH. , #6301 ) ;
#1197 = SURFACE_STYLE_USAGE ( .BOTH. , #549 ) ;
#1198 = CARTESIAN_POINT ( 'NONE',  ( 12.80000000000000249, 0.5000000000000000000, -11.40839202169004096 ) ) ;
#1199 = COLOUR_RGB ( '',0.7921568627450980005, 0.8196078431372548767, 0.9333333333333333481 ) ;
#1200 = EDGE_LOOP ( 'NONE', ( #1375, #6304, #4550, #5701 ) ) ;
#1201 = MECHANICAL_DESIGN_GEOMETRIC_PRESENTATION_REPRESENTATION (  '', ( #4413 ), #4639 ) ;
#1202 = DIRECTION ( 'NONE',  ( -0.000000000000000000, -1.000000000000000000, -0.000000000000000000 ) ) ;
#1203 = DIRECTION ( 'NONE',  ( 0.000000000000000000, -1.000000000000000000, 0.000000000000000000 ) ) ;
#1204 = ORIENTED_EDGE ( 'NONE', *, *, #4671, .T. ) ;
#1205 = DIRECTION ( 'NONE',  ( -1.000000000000000000, 0.000000000000000000, 0.000000000000000000 ) ) ;
#1206 = EDGE_CURVE ( 'NONE', #2002, #2219, #6429, .T. ) ;
#1207 = CARTESIAN_POINT ( 'NONE',  ( 7.500000000000002665, 0.5000000000000000000, 12.59160797830996259 ) ) ;
#1208 = PRESENTATION_STYLE_ASSIGNMENT (( #1140 ) ) ;
#1209 = AXIS2_PLACEMENT_3D ( 'NONE', #5909, #2462, #169 ) ;
#1210 = UNCERTAINTY_MEASURE_WITH_UNIT (LENGTH_MEASURE( 1.000000000000000082E-05 ), #3583, 'distance_accuracy_value', 'NONE');
#1211 = STYLED_ITEM ( 'NONE', ( #1621 ), #6961 ) ;
#1212 = ORIENTED_EDGE ( 'NONE', *, *, #7281, .F. ) ;
#1213 = EDGE_CURVE ( 'NONE', #632, #4975, #5414, .T. ) ;
#1214 = DIRECTION ( 'NONE',  ( 0.000000000000000000, 0.000000000000000000, 1.000000000000000000 ) ) ;
#1215 = EDGE_CURVE ( 'NONE', #1025, #6358, #3317, .T. ) ;
#1216 = ORIENTED_EDGE ( 'NONE', *, *, #4340, .T. ) ;
#1217 = DIRECTION ( 'NONE',  ( 1.000000000000000000, 0.000000000000000000, 3.942553354492744024E-16 ) ) ;
#1218 = ORIENTED_EDGE ( 'NONE', *, *, #2250, .F. ) ;
#1219 = STYLED_ITEM ( 'NONE', ( #6259 ), #1593 ) ;
#1220 = SURFACE_STYLE_FILL_AREA ( #1257 ) ;
#1221 = UNCERTAINTY_MEASURE_WITH_UNIT (LENGTH_MEASURE( 1.000000000000000082E-05 ), #2288, 'distance_accuracy_value', 'NONE');
#1222 = LINE ( 'NONE', #1754, #4354 ) ;
#1223 =( NAMED_UNIT ( * ) SI_UNIT ( $, .STERADIAN. ) SOLID_ANGLE_UNIT ( ) );
#1224 = STYLED_ITEM ( 'NONE', ( #3774 ), #1495 ) ;
#1225 = EDGE_LOOP ( 'NONE', ( #106, #3940, #3016, #7229, #3570, #5693 ) ) ;
#1226 = EDGE_CURVE ( 'NONE', #3199, #2466, #4142, .T. ) ;
#1227 = CARTESIAN_POINT ( 'NONE',  ( 11.80000000000000071, 20.39999999999999858, -14.00000000000000000 ) ) ;
#1228 = DIRECTION ( 'NONE',  ( 0.000000000000000000, -0.000000000000000000, -1.000000000000000000 ) ) ;
#1229 = DIRECTION ( 'NONE',  ( 1.000000000000000000, 0.000000000000000000, -1.299418334065024133E-16 ) ) ;
#1230 = CARTESIAN_POINT ( 'NONE',  ( -9.150000000000000355, 1.000000000000000888, 15.00000000000000000 ) ) ;
#1231 = CARTESIAN_POINT ( 'NONE',  ( -0.4999999999999972800, -8.662741699796955075, 12.00000000000000000 ) ) ;
#1232 = CIRCLE ( 'NONE', #2278, 0.2999999999999999334 ) ;
#1233 = CARTESIAN_POINT ( 'NONE',  ( -9.400000000000002132, -8.662741699796955075, -3.999999999999998224 ) ) ;
#1234 = DIRECTION ( 'NONE',  ( 0.000000000000000000, 0.000000000000000000, 1.000000000000000000 ) ) ;
#1235 = COLOUR_RGB ( '',0.000000000000000000, 0.000000000000000000, 1.000000000000000000 ) ;
#1236 = ORIENTED_EDGE ( 'NONE', *, *, #2931, .T. ) ;
#1237 = PRESENTATION_LAYER_ASSIGNMENT (  '', '', ( #4445 ) ) ;
#1238 = DIRECTION ( 'NONE',  ( -0.000000000000000000, 0.000000000000000000, 1.000000000000000000 ) ) ;
#1239 = SURFACE_STYLE_USAGE ( .BOTH. , #158 ) ;
#1240 = CARTESIAN_POINT ( 'NONE',  ( -9.400000000000002132, -3.199999999992542143, -3.199999999999997957 ) ) ;
#1241 = DIRECTION ( 'NONE',  ( 0.000000000000000000, 0.000000000000000000, 1.000000000000000000 ) ) ;
#1242 = PRESENTATION_LAYER_ASSIGNMENT (  '', '', ( #281 ) ) ;
#1243 = DIRECTION ( 'NONE',  ( -0.000000000000000000, -1.000000000000000000, -0.000000000000000000 ) ) ;
#1244 = DIRECTION ( 'NONE',  ( 0.000000000000000000, -0.000000000000000000, -1.000000000000000000 ) ) ;
#1245 = EDGE_LOOP ( 'NONE', ( #3789, #1377, #4071, #3576 ) ) ;
#1246 = LINE ( 'NONE', #3383, #2359 ) ;
#1247 = SURFACE_SIDE_STYLE ('',( #1803 ) ) ;
#1248 = PRESENTATION_STYLE_ASSIGNMENT (( #3180 ) ) ;
#1249 = EDGE_CURVE ( 'NONE', #220, #3391, #3846, .T. ) ;
#1250 = SURFACE_SIDE_STYLE ('',( #1386 ) ) ;
#1251 = CARTESIAN_POINT ( 'NONE',  ( -13.80000000000000071, 83.05825363168716535, -16.00000000000000000 ) ) ;
#1252 = VECTOR ( 'NONE', #684, 1000.000000000000000 ) ;
#1253 = ORIENTED_EDGE ( 'NONE', *, *, #3960, .F. ) ;
#1254 = CYLINDRICAL_SURFACE ( 'NONE', #2510, 0.2999999999999999334 ) ;
#1255 = ORIENTED_EDGE ( 'NONE', *, *, #3550, .F. ) ;
#1256 = ORIENTED_EDGE ( 'NONE', *, *, #5312, .F. ) ;
#1257 = FILL_AREA_STYLE ('',( #2919 ) ) ;
#1258 = COLOUR_RGB ( '',0.7921568627450980005, 0.8196078431372548767, 0.9333333333333333481 ) ;
#1259 = DIRECTION ( 'NONE',  ( 0.000000000000000000, 0.000000000000000000, 1.000000000000000000 ) ) ;
#1260 = PRESENTATION_LAYER_ASSIGNMENT (  '', '', ( #6618 ) ) ;
#1261 = ADVANCED_FACE ( 'NONE', ( #3933 ), #4099, .T. ) ;
#1262 = VECTOR ( 'NONE', #7364, 1000.000000000000000 ) ;
#1263 = VERTEX_POINT ( 'NONE', #4507 ) ;
#1264 = COLOUR_RGB ( '',0.000000000000000000, 0.000000000000000000, 1.000000000000000000 ) ;
#1265 = CARTESIAN_POINT ( 'NONE',  ( 4.599999999999997868, -2.700000000000025491, 9.500000000000001776 ) ) ;
#1266 = MECHANICAL_DESIGN_GEOMETRIC_PRESENTATION_REPRESENTATION (  '', ( #4826 ), #4346 ) ;
#1267 =( NAMED_UNIT ( * ) PLANE_ANGLE_UNIT ( ) SI_UNIT ( $, .RADIAN. ) );
#1268 = FILL_AREA_STYLE ('',( #4678 ) ) ;
#1269 = FILL_AREA_STYLE_COLOUR ( '', #3089 ) ;
#1270 = FILL_AREA_STYLE ('',( #4720 ) ) ;
#1271 = CARTESIAN_POINT ( 'NONE',  ( 0.000000000000000000, 0.5000000000000000000, 15.00000000000000000 ) ) ;
#1272 = FILL_AREA_STYLE ('',( #1829 ) ) ;
#1273 = EDGE_CURVE ( 'NONE', #3469, #5921, #7257, .T. ) ;
#1274 = PLANE ( 'NONE',  #4097 ) ;
#1275 = ORIENTED_EDGE ( 'NONE', *, *, #7208, .F. ) ;
#1276 = PRESENTATION_LAYER_ASSIGNMENT (  '', '', ( #1635 ) ) ;
#1277 = ORIENTED_EDGE ( 'NONE', *, *, #4251, .T. ) ;
#1278 = FILL_AREA_STYLE_COLOUR ( '', #5612 ) ;
#1279 = DIRECTION ( 'NONE',  ( 0.000000000000000000, 0.000000000000000000, 1.000000000000000000 ) ) ;
#1280 =( NAMED_UNIT ( * ) SI_UNIT ( $, .STERADIAN. ) SOLID_ANGLE_UNIT ( ) );
#1281 = ORIENTED_EDGE ( 'NONE', *, *, #4541, .F. ) ;
#1282 = CIRCLE ( 'NONE', #5448, 0.4000000000000010214 ) ;
#1283 = DIRECTION ( 'NONE',  ( 1.217349807703022609E-16, 0.000000000000000000, -1.000000000000000000 ) ) ;
#1284 = CARTESIAN_POINT ( 'NONE',  ( 6.299999999999999822, 0.5000000000000003331, 7.700000000000002842 ) ) ;
#1285 = EDGE_LOOP ( 'NONE', ( #7035, #4026, #7273, #2711 ) ) ;
#1286 = EDGE_CURVE ( 'NONE', #1541, #6892, #699, .T. ) ;
#1287 = PRESENTATION_STYLE_ASSIGNMENT (( #6381 ) ) ;
#1288 = DIRECTION ( 'NONE',  ( 0.000000000000000000, 0.000000000000000000, 1.000000000000000000 ) ) ;
#1289 = FILL_AREA_STYLE_COLOUR ( '', #1016 ) ;
#1290 = CARTESIAN_POINT ( 'NONE',  ( -11.60000000000000497, 1.000000000000000888, -1.399999999999999023 ) ) ;
#1291 = COLOUR_RGB ( '',0.2509803921568627416, 0.2509803921568627416, 0.2509803921568627416 ) ;
#1292 = CARTESIAN_POINT ( 'NONE',  ( -12.50000000000000178, 1.000000000000000888, 0.4500000000000007327 ) ) ;
#1293 = DIRECTION ( 'NONE',  ( 0.000000000000000000, 0.000000000000000000, 1.000000000000000000 ) ) ;
#1294 = VERTEX_POINT ( 'NONE', #736 ) ;
#1295 = VERTEX_POINT ( 'NONE', #5855 ) ;
#1296 = SURFACE_STYLE_USAGE ( .BOTH. , #4821 ) ;
#1297 = FILL_AREA_STYLE_COLOUR ( '', #778 ) ;
#1298 = EDGE_LOOP ( 'NONE', ( #3055, #1792, #2986, #6971 ) ) ;
#1299 = CARTESIAN_POINT ( 'NONE',  ( -1.900532357699873165, 20.38169872981078257, 4.020266178849936978 ) ) ;
#1300 = UNCERTAINTY_MEASURE_WITH_UNIT (LENGTH_MEASURE( 1.000000000000000082E-05 ), #7128, 'distance_accuracy_value', 'NONE');
#1301 = ORIENTED_EDGE ( 'NONE', *, *, #5872, .F. ) ;
#1302 =( NAMED_UNIT ( * ) SI_UNIT ( $, .STERADIAN. ) SOLID_ANGLE_UNIT ( ) );
#1303 = VECTOR ( 'NONE', #6075, 1000.000000000000114 ) ;
#1304 = DIRECTION ( 'NONE',  ( 0.000000000000000000, 1.000000000000000000, 0.000000000000000000 ) ) ;
#1305 = EDGE_CURVE ( 'NONE', #7135, #632, #3878, .T. ) ;
#1306 = DIRECTION ( 'NONE',  ( -0.000000000000000000, -1.000000000000000000, -0.000000000000000000 ) ) ;
#1307 = LINE ( 'NONE', #3622, #5368 ) ;
#1308 = SURFACE_STYLE_USAGE ( .BOTH. , #6403 ) ;
#1309 = SURFACE_STYLE_FILL_AREA ( #6924 ) ;
#1310 =( GEOMETRIC_REPRESENTATION_CONTEXT ( 3 ) GLOBAL_UNCERTAINTY_ASSIGNED_CONTEXT ( ( #1009 ) ) GLOBAL_UNIT_ASSIGNED_CONTEXT ( ( #6439, #5356, #3657 ) ) REPRESENTATION_CONTEXT ( 'NONE', 'WORKASPACE' ) );
#1311 = DIRECTION ( 'NONE',  ( 0.000000000000000000, 0.000000000000000000, 1.000000000000000000 ) ) ;
#1312 = PRESENTATION_LAYER_ASSIGNMENT (  '', '', ( #825 ) ) ;
#1313 = EDGE_CURVE ( 'NONE', #5478, #1757, #2987, .T. ) ;
#1314 = ORIENTED_EDGE ( 'NONE', *, *, #4901, .F. ) ;
#1315 = EDGE_CURVE ( 'NONE', #5703, #2310, #1054, .T. ) ;
#1316 = SURFACE_STYLE_USAGE ( .BOTH. , #2412 ) ;
#1317 = LINE ( 'NONE', #6412, #1929 ) ;
#1318 =( NAMED_UNIT ( * ) PLANE_ANGLE_UNIT ( ) SI_UNIT ( $, .RADIAN. ) );
#1319 = PRESENTATION_LAYER_ASSIGNMENT (  '', '', ( #4880 ) ) ;
#1320 = EDGE_LOOP ( 'NONE', ( #599, #7380 ) ) ;
#1321 = STYLED_ITEM ( 'NONE', ( #1287 ), #4485 ) ;
#1322 = PRESENTATION_LAYER_ASSIGNMENT (  '', '', ( #1910 ) ) ;
#1323 = DIRECTION ( 'NONE',  ( 0.000000000000000000, 1.000000000000000000, 0.000000000000000000 ) ) ;
#1324 = VECTOR ( 'NONE', #2798, 1000.000000000000000 ) ;
#1325 = FACE_OUTER_BOUND ( 'NONE', #5438, .T. ) ;
#1326 = ORIENTED_EDGE ( 'NONE', *, *, #2279, .T. ) ;
#1327 = PRESENTATION_STYLE_ASSIGNMENT (( #6458 ) ) ;
#1328 = DIRECTION ( 'NONE',  ( -1.000000000000000000, -0.000000000000000000, -0.000000000000000000 ) ) ;
#1329 = CARTESIAN_POINT ( 'NONE',  ( -12.30000000000000249, 20.35857864376268367, 0.2499999999999994726 ) ) ;
#1330 = CARTESIAN_POINT ( 'NONE',  ( 0.000000000000000000, 1.500000000000000000, 0.7499999999999998890 ) ) ;
#1331 = STYLED_ITEM ( 'NONE', ( #5214 ), #6539 ) ;
#1332 =( NAMED_UNIT ( * ) SI_UNIT ( $, .STERADIAN. ) SOLID_ANGLE_UNIT ( ) );
#1333 = CARTESIAN_POINT ( 'NONE',  ( -12.50000000000000355, 1.500000000000000000, -15.00000000000000000 ) ) ;
#1334 = EDGE_LOOP ( 'NONE', ( #2662, #6262, #5938, #5739 ) ) ;
#1335 = PRESENTATION_LAYER_ASSIGNMENT (  '', '', ( #4532 ) ) ;
#1336 = ORIENTED_EDGE ( 'NONE', *, *, #6599, .T. ) ;
#1337 = SURFACE_STYLE_FILL_AREA ( #5812 ) ;
#1338 = DIRECTION ( 'NONE',  ( 0.000000000000000000, -1.000000000000000000, 0.000000000000000000 ) ) ;
#1339 = STYLED_ITEM ( 'NONE', ( #1697 ), #7009 ) ;
#1340 = ORIENTED_EDGE ( 'NONE', *, *, #2579, .F. ) ;
#1341 = VECTOR ( 'NONE', #5589, 1000.000000000000000 ) ;
#1342 = PRESENTATION_STYLE_ASSIGNMENT (( #4717 ) ) ;
#1343 =( GEOMETRIC_REPRESENTATION_CONTEXT ( 3 ) GLOBAL_UNCERTAINTY_ASSIGNED_CONTEXT ( ( #1379 ) ) GLOBAL_UNIT_ASSIGNED_CONTEXT ( ( #2791, #3785, #3929 ) ) REPRESENTATION_CONTEXT ( 'NONE', 'WORKASPACE' ) );
#1344 = CARTESIAN_POINT ( 'NONE',  ( 6.175735931288078184, 83.05825363168716535, -16.00000000000000000 ) ) ;
#1345 = PRESENTATION_STYLE_ASSIGNMENT (( #1308 ) ) ;
#1346 = UNCERTAINTY_MEASURE_WITH_UNIT (LENGTH_MEASURE( 1.000000000000000082E-05 ), #5927, 'distance_accuracy_value', 'NONE');
#1347 =( NAMED_UNIT ( * ) SI_UNIT ( $, .STERADIAN. ) SOLID_ANGLE_UNIT ( ) );
#1348 = COLOUR_RGB ( '',0.000000000000000000, 0.000000000000000000, 1.000000000000000000 ) ;
#1349 = LINE ( 'NONE', #2481, #648 ) ;
#1350 = EDGE_CURVE ( 'NONE', #6795, #7020, #7000, .T. ) ;
#1351 =( LENGTH_UNIT ( ) NAMED_UNIT ( * ) SI_UNIT ( .MILLI., .METRE. ) );
#1352 = EDGE_LOOP ( 'NONE', ( #6913, #2508, #6141, #3649 ) ) ;
#1353 = DIRECTION ( 'NONE',  ( 0.000000000000000000, -0.000000000000000000, -1.000000000000000000 ) ) ;
#1354 = PLANE ( 'NONE',  #7371 ) ;
#1355 =( NAMED_UNIT ( * ) SI_UNIT ( $, .STERADIAN. ) SOLID_ANGLE_UNIT ( ) );
#1356 = COLOUR_RGB ( '',0.7921568627450980005, 0.8196078431372548767, 0.9333333333333333481 ) ;
#1357 = DIRECTION ( 'NONE',  ( 0.000000000000000000, 0.000000000000000000, 1.000000000000000000 ) ) ;
#1358 = ADVANCED_FACE ( 'NONE', ( #3338 ), #6752, .T. ) ;
#1359 = VECTOR ( 'NONE', #4228, 1000.000000000000000 ) ;
#1360 = PRESENTATION_LAYER_ASSIGNMENT (  '', '', ( #3315 ) ) ;
#1361 = FILL_AREA_STYLE ('',( #5296 ) ) ;
#1362 = FILL_AREA_STYLE ('',( #200 ) ) ;
#1363 = ORIENTED_EDGE ( 'NONE', *, *, #5447, .T. ) ;
#1364 = LINE ( 'NONE', #1437, #6665 ) ;
#1365 = B_SPLINE_CURVE_WITH_KNOTS ( 'NONE', 3,
 ( #5150, #194, #4154, #1167, #652, #5793, #2899, #3406, #685, #2935, #4583, #4651, #4007, #1468, #6533, #5450, #7130, #4236, #7211, #3710, #340, #5974, #6606, #3076, #2019, #299, #3041, #3667, #2527, #6572, #2568, #5410, #7093, #2609 ),
 .UNSPECIFIED., .F., .F.,
 ( 4, 1, 1, 2, 2, 2, 1, 1, 2, 2, 2, 1, 1, 2, 2, 2, 1, 1, 2, 2, 4 ),
 ( 0.000000000000000000, 0.06250000000000049960, 0.09375000000000079103, 0.1093750000000009576, 0.1250000000000011102, 0.2500000000000018319, 0.3125000000000021649, 0.3437500000000021649, 0.3593750000000021094, 0.3750000000000019984, 0.5000000000000019984, 0.5625000000000019984, 0.5937500000000018874, 0.6093750000000016653, 0.6250000000000014433, 0.7500000000000001110, 0.8124999999999993339, 0.8437499999999994449, 0.8593749999999994449, 0.8749999999999994449, 1.000000000000000000 ),
 .UNSPECIFIED. ) ;
#1366 = CARTESIAN_POINT ( 'NONE',  ( -9.849999999999999645, 20.35857864376268367, 0.2499999999999994726 ) ) ;
#1367 = DIRECTION ( 'NONE',  ( 0.000000000000000000, 0.000000000000000000, 1.000000000000000000 ) ) ;
#1368 = SURFACE_SIDE_STYLE ('',( #3679 ) ) ;
#1369 = STYLED_ITEM ( 'NONE', ( #1492 ), #586 ) ;
#1370 = VECTOR ( 'NONE', #3215, 1000.000000000000000 ) ;
#1371 = EDGE_CURVE ( 'NONE', #3944, #1109, #6476, .T. ) ;
#1372 = CARTESIAN_POINT ( 'NONE',  ( -12.50000000000000178, 1.000000000000000888, 0.4500000000000005662 ) ) ;
#1373 = ORIENTED_EDGE ( 'NONE', *, *, #303, .T. ) ;
#1374 = MECHANICAL_DESIGN_GEOMETRIC_PRESENTATION_REPRESENTATION (  '', ( #6717 ), #174 ) ;
#1375 = ORIENTED_EDGE ( 'NONE', *, *, #5463, .F. ) ;
#1376 = PLANE ( 'NONE',  #2482 ) ;
#1377 = ORIENTED_EDGE ( 'NONE', *, *, #4613, .F. ) ;
#1378 = FILL_AREA_STYLE ('',( #6514 ) ) ;
#1379 = UNCERTAINTY_MEASURE_WITH_UNIT (LENGTH_MEASURE( 1.000000000000000082E-05 ), #2791, 'distance_accuracy_value', 'NONE');
#1380 = SURFACE_SIDE_STYLE ('',( #6473 ) ) ;
#1381 = PRESENTATION_LAYER_ASSIGNMENT (  '', '', ( #431 ) ) ;
#1382 = ORIENTED_EDGE ( 'NONE', *, *, #5404, .F. ) ;
#1383 = CARTESIAN_POINT ( 'NONE',  ( 0.3400000000000036326, 20.19999999999999929, 3.742157287525382348 ) ) ;
#1384 = CIRCLE ( 'NONE', #2303, 0.2999999999999999334 ) ;
#1385 = DIRECTION ( 'NONE',  ( -1.101411730778925047E-16, 0.000000000000000000, -1.000000000000000000 ) ) ;
#1386 = SURFACE_STYLE_FILL_AREA ( #6485 ) ;
#1387 = COLOUR_RGB ( '',0.7921568627450980005, 0.8196078431372548767, 0.9333333333333333481 ) ;
#1388 = STYLED_ITEM ( 'NONE', ( #7063 ), #1901 ) ;
#1389 = PRESENTATION_LAYER_ASSIGNMENT (  '', '', ( #5302 ) ) ;
#1390 = PRESENTATION_STYLE_ASSIGNMENT (( #2057 ) ) ;
#1391 =( GEOMETRIC_REPRESENTATION_CONTEXT ( 3 ) GLOBAL_UNCERTAINTY_ASSIGNED_CONTEXT ( ( #2155 ) ) GLOBAL_UNIT_ASSIGNED_CONTEXT ( ( #2642, #1974, #6662 ) ) REPRESENTATION_CONTEXT ( 'NONE', 'WORKASPACE' ) );
#1392 = SURFACE_SIDE_STYLE ('',( #4317 ) ) ;
#1393 = AXIS2_PLACEMENT_3D ( 'NONE', #1372, #762, #6464 ) ;
#1394 = SURFACE_STYLE_FILL_AREA ( #4728 ) ;
#1395 = SURFACE_SIDE_STYLE ('',( #4688 ) ) ;
#1396 =( LENGTH_UNIT ( ) NAMED_UNIT ( * ) SI_UNIT ( .MILLI., .METRE. ) );
#1397 = CARTESIAN_POINT ( 'NONE',  ( 8.500000000000000000, 0.5000000000000000000, 0.000000000000000000 ) ) ;
#1398 = ORIENTED_EDGE ( 'NONE', *, *, #6104, .F. ) ;
#1399 = AXIS2_PLACEMENT_3D ( 'NONE', #3876, #3313, #5625 ) ;
#1400 = COLOUR_RGB ( '',0.7921568627450980005, 0.8196078431372548767, 0.9333333333333333481 ) ;
#1401 = AXIS2_PLACEMENT_3D ( 'NONE', #1045, #4871, #2116 ) ;
#1402 = SURFACE_SIDE_STYLE ('',( #233 ) ) ;
#1403 = CARTESIAN_POINT ( 'NONE',  ( 0.3400000000000036882, 20.39999999999999858, 1.711432550960843457 ) ) ;
#1404 = EDGE_LOOP ( 'NONE', ( #3388, #7335, #1422, #5189 ) ) ;
#1405 = CARTESIAN_POINT ( 'NONE',  ( 7.200000000000001954, 1.500000000000000000, 15.00000000000000000 ) ) ;
#1406 = SURFACE_STYLE_FILL_AREA ( #2494 ) ;
#1407 = ADVANCED_FACE ( 'NONE', ( #7042 ), #885, .T. ) ;
#1408 = CARTESIAN_POINT ( 'NONE',  ( 13.71213203435596384, 18.39999999999999858, -8.587867965644122137 ) ) ;
#1409 = SURFACE_STYLE_FILL_AREA ( #2027 ) ;
#1410 = CIRCLE ( 'NONE', #1761, 0.3000000000000003775 ) ;
#1411 = FACE_OUTER_BOUND ( 'NONE', #4685, .T. ) ;
#1412 = ORIENTED_EDGE ( 'NONE', *, *, #4242, .F. ) ;
#1413 = FILL_AREA_STYLE_COLOUR ( '', #857 ) ;
#1414 = CARTESIAN_POINT ( 'NONE',  ( -10.65000000000000391, 1.000000000000000888, 0.7499999999999998890 ) ) ;
#1415 = ORIENTED_EDGE ( 'NONE', *, *, #7334, .T. ) ;
#1416 = CARTESIAN_POINT ( 'NONE',  ( 12.50000000000000178, 0.5000000000000000000, -14.70000000000000107 ) ) ;
#1417 = PRESENTATION_LAYER_ASSIGNMENT (  '', '', ( #1885 ) ) ;
#1418 =( NAMED_UNIT ( * ) PLANE_ANGLE_UNIT ( ) SI_UNIT ( $, .RADIAN. ) );
#1419 = EDGE_CURVE ( 'NONE', #1949, #2880, #6024, .T. ) ;
#1420 = ORIENTED_EDGE ( 'NONE', *, *, #6588, .T. ) ;
#1421 = SURFACE_SIDE_STYLE ('',( #3614 ) ) ;
#1422 = ORIENTED_EDGE ( 'NONE', *, *, #2761, .F. ) ;
#1423 = CARTESIAN_POINT ( 'NONE',  ( -0.7326567818883723548, 20.39999999999999858, 3.412497186871113364 ) ) ;
#1424 = EDGE_LOOP ( 'NONE', ( #2222, #4791, #411, #103 ) ) ;
#1425 = DIRECTION ( 'NONE',  ( 0.000000000000000000, 1.000000000000000000, 0.000000000000000000 ) ) ;
#1426 = UNCERTAINTY_MEASURE_WITH_UNIT (LENGTH_MEASURE( 1.000000000000000082E-05 ), #6480, 'distance_accuracy_value', 'NONE');
#1427 = CARTESIAN_POINT ( 'NONE',  ( 6.085786437626904188, 0.5000000000000000000, 12.00000000000000000 ) ) ;
#1428 = DIRECTION ( 'NONE',  ( 1.000000000000000000, 0.000000000000000000, 0.000000000000000000 ) ) ;
#1429 = COLOUR_RGB ( '',0.000000000000000000, 0.000000000000000000, 1.000000000000000000 ) ;
#1430 = DIRECTION ( 'NONE',  ( 1.122798366328030394E-16, 0.000000000000000000, -1.000000000000000000 ) ) ;
#1431 = CARTESIAN_POINT ( 'NONE',  ( 10.19999999999999929, 0.5000000000000000000, -5.699999999999998401 ) ) ;
#1432 = VERTEX_POINT ( 'NONE', #2781 ) ;
#1433 =( NAMED_UNIT ( * ) SI_UNIT ( $, .STERADIAN. ) SOLID_ANGLE_UNIT ( ) );
#1434 = CARTESIAN_POINT ( 'NONE',  ( 2.643929817321432285, 20.39999999999999858, 1.748035091339285252 ) ) ;
#1435 = ORIENTED_EDGE ( 'NONE', *, *, #6189, .T. ) ;
#1436 = SURFACE_STYLE_FILL_AREA ( #6496 ) ;
#1437 = CARTESIAN_POINT ( 'NONE',  ( 13.80000000000000071, 18.39999999999999858, 16.00000000000000000 ) ) ;
#1438 = DIRECTION ( 'NONE',  ( 0.000000000000000000, 0.000000000000000000, 1.000000000000000000 ) ) ;
#1439 = CARTESIAN_POINT ( 'NONE',  ( -12.80000000000000249, 1.000000000000000888, 0.4500000000000007327 ) ) ;
#1440 = CARTESIAN_POINT ( 'NONE',  ( 8.400000000000000355, 0.5000000000000000000, -13.29999999999999893 ) ) ;
#1441 = EDGE_CURVE ( 'NONE', #1892, #5703, #1555, .T. ) ;
#1442 = FILL_AREA_STYLE_COLOUR ( '', #2565 ) ;
#1443 = ORIENTED_EDGE ( 'NONE', *, *, #5143, .T. ) ;
#1444 = LINE ( 'NONE', #797, #3693 ) ;
#1445 = CIRCLE ( 'NONE', #1683, 0.2999999999999999334 ) ;
#1446 = ORIENTED_EDGE ( 'NONE', *, *, #5011, .T. ) ;
#1447 =( NAMED_UNIT ( * ) SI_UNIT ( $, .STERADIAN. ) SOLID_ANGLE_UNIT ( ) );
#1448 = ORIENTED_EDGE ( 'NONE', *, *, #6490, .F. ) ;
#1449 = AXIS2_PLACEMENT_3D ( 'NONE', #941, #2790, #5043 ) ;
#1450 = UNCERTAINTY_MEASURE_WITH_UNIT (LENGTH_MEASURE( 1.000000000000000082E-05 ), #3286, 'distance_accuracy_value', 'NONE');
#1451 = SURFACE_SIDE_STYLE ('',( #805 ) ) ;
#1452 = EDGE_CURVE ( 'NONE', #520, #2748, #6769, .T. ) ;
#1453 = EDGE_CURVE ( 'NONE', #2744, #4773, #4, .T. ) ;
#1454 = ORIENTED_EDGE ( 'NONE', *, *, #4661, .T. ) ;
#1455 =( NAMED_UNIT ( * ) PLANE_ANGLE_UNIT ( ) SI_UNIT ( $, .RADIAN. ) );
#1456 = VERTEX_POINT ( 'NONE', #6628 ) ;
#1457 = CARTESIAN_POINT ( 'NONE',  ( 6.299999999999999822, 1.000000000000000888, 13.80000000000000071 ) ) ;
#1458 = CARTESIAN_POINT ( 'NONE',  ( 1.118109011848597234, 20.19999999999999574, 3.222396510377911749 ) ) ;
#1459 = UNCERTAINTY_MEASURE_WITH_UNIT (LENGTH_MEASURE( 1.000000000000000082E-05 ), #3059, 'distance_accuracy_value', 'NONE');
#1460 = DIRECTION ( 'NONE',  ( 0.000000000000000000, 0.000000000000000000, 1.000000000000000000 ) ) ;
#1461 = MECHANICAL_DESIGN_GEOMETRIC_PRESENTATION_REPRESENTATION (  '', ( #29 ), #2501 ) ;
#1462 = COLOUR_RGB ( '',0.2509803921568627416, 0.2509803921568627416, 0.2509803921568627416 ) ;
#1463 = PRESENTATION_STYLE_ASSIGNMENT (( #2644 ) ) ;
#1464 = CARTESIAN_POINT ( 'NONE',  ( 6.299999999999999822, 1.000000000000000888, 15.00000000000000000 ) ) ;
#1465 = EDGE_CURVE ( 'NONE', #4363, #1005, #2708, .T. ) ;
#1466 = AXIS2_PLACEMENT_3D ( 'NONE', #2769, #5721, #2451 ) ;
#1467 =( GEOMETRIC_REPRESENTATION_CONTEXT ( 3 ) GLOBAL_UNCERTAINTY_ASSIGNED_CONTEXT ( ( #5768 ) ) GLOBAL_UNIT_ASSIGNED_CONTEXT ( ( #99, #1747, #4525 ) ) REPRESENTATION_CONTEXT ( 'NONE', 'WORKASPACE' ) );
#1468 = CARTESIAN_POINT ( 'NONE',  ( 1.429533816278381719, 20.39999999999999147, 2.424563414660776850 ) ) ;
#1469 = CIRCLE ( 'NONE', #5144, 0.4000000000000010214 ) ;
#1470 = ORIENTED_EDGE ( 'NONE', *, *, #3795, .F. ) ;
#1471 = DIRECTION ( 'NONE',  ( -0.000000000000000000, 1.000000000000000000, 0.000000000000000000 ) ) ;
#1472 = CARTESIAN_POINT ( 'NONE',  ( 12.50000000000000178, 1.500000000000000000, -15.00000000000000000 ) ) ;
#1473 = DIRECTION ( 'NONE',  ( -1.000000000000000000, 0.000000000000000000, -0.000000000000000000 ) ) ;
#1474 = VECTOR ( 'NONE', #165, 1000.000000000000000 ) ;
#1475 = LINE ( 'NONE', #7137, #2777 ) ;
#1476 = DIRECTION ( 'NONE',  ( 0.000000000000000000, -1.000000000000000000, 0.000000000000000000 ) ) ;
#1477 = AXIS2_PLACEMENT_3D ( 'NONE', #6272, #3400, #5715 ) ;
#1478 = ORIENTED_EDGE ( 'NONE', *, *, #3796, .F. ) ;
#1479 = FILL_AREA_STYLE ('',( #4743 ) ) ;
#1480 = ORIENTED_EDGE ( 'NONE', *, *, #5351, .F. ) ;
#1481 = CARTESIAN_POINT ( 'NONE',  ( 13.80000000000000071, 0.4000000000000000222, -12.59160797830996259 ) ) ;
#1482 = CYLINDRICAL_SURFACE ( 'NONE', #3024, 0.2999999999999999334 ) ;
#1483 = EDGE_LOOP ( 'NONE', ( #3019, #3595, #6069, #4514 ) ) ;
#1484 = FACE_OUTER_BOUND ( 'NONE', #5237, .T. ) ;
#1485 = CIRCLE ( 'NONE', #1604, 0.2999999999999999334 ) ;
#1486 = EDGE_CURVE ( 'NONE', #5649, #7135, #3281, .T. ) ;
#1487 = VECTOR ( 'NONE', #3526, 1000.000000000000000 ) ;
#1488 = ORIENTED_EDGE ( 'NONE', *, *, #7096, .T. ) ;
#1489 = CARTESIAN_POINT ( 'NONE',  ( 0.02673550333607662560, 20.40000000000000213, 4.047711063880305993 ) ) ;
#1490 = VERTEX_POINT ( 'NONE', #565 ) ;
#1491 = SURFACE_STYLE_FILL_AREA ( #4874 ) ;
#1492 = PRESENTATION_STYLE_ASSIGNMENT (( #4344 ) ) ;
#1493 =( LENGTH_UNIT ( ) NAMED_UNIT ( * ) SI_UNIT ( .MILLI., .METRE. ) );
#1494 = DIRECTION ( 'NONE',  ( -1.000000000000000000, 0.000000000000000000, -0.000000000000000000 ) ) ;
#1495 = ADVANCED_FACE ( 'NONE', ( #3810 ), #3320, .F. ) ;
#1496 = UNCERTAINTY_MEASURE_WITH_UNIT (LENGTH_MEASURE( 1.000000000000000082E-05 ), #4703, 'distance_accuracy_value', 'NONE');
#1497 = DIRECTION ( 'NONE',  ( 1.000000000000000000, 0.000000000000000000, 0.000000000000000000 ) ) ;
#1498 = CARTESIAN_POINT ( 'NONE',  ( -9.808578643762693616, 20.39999999999999858, 14.45857864376269397 ) ) ;
#1499 = FILL_AREA_STYLE_COLOUR ( '', #6749 ) ;
#1500 = EDGE_CURVE ( 'NONE', #7020, #818, #7272, .T. ) ;
#1501 = FACE_OUTER_BOUND ( 'NONE', #4379, .T. ) ;
#1502 = CARTESIAN_POINT ( 'NONE',  ( -12.30000000000000249, 20.29999999999999716, 0.000000000000000000 ) ) ;
#1503 = PRESENTATION_LAYER_ASSIGNMENT (  '', '', ( #2797 ) ) ;
#1504 = LINE ( 'NONE', #341, #1617 ) ;
#1505 = CIRCLE ( 'NONE', #4096, 0.2999999999999999334 ) ;
#1506 = DIRECTION ( 'NONE',  ( 0.000000000000000000, 0.000000000000000000, 1.000000000000000000 ) ) ;
#1507 = CIRCLE ( 'NONE', #6503, 1.799999999999999822 ) ;
#1508 = ORIENTED_EDGE ( 'NONE', *, *, #2580, .T. ) ;
#1509 = COLOUR_RGB ( '',0.000000000000000000, 0.000000000000000000, 1.000000000000000000 ) ;
#1510 =( LENGTH_UNIT ( ) NAMED_UNIT ( * ) SI_UNIT ( .MILLI., .METRE. ) );
#1511 = EDGE_CURVE ( 'NONE', #3282, #4098, #6126, .T. ) ;
#1512 =( NAMED_UNIT ( * ) SI_UNIT ( $, .STERADIAN. ) SOLID_ANGLE_UNIT ( ) );
#1513 = CARTESIAN_POINT ( 'NONE',  ( -10.35000000000000142, 1.000000000000000888, 0.7499999999999988898 ) ) ;
#1514 = DIRECTION ( 'NONE',  ( 0.000000000000000000, 0.000000000000000000, -1.000000000000000000 ) ) ;
#1515 = ORIENTED_EDGE ( 'NONE', *, *, #6941, .T. ) ;
#1516 = CIRCLE ( 'NONE', #4829, 0.8000000000000008216 ) ;
#1517 = LINE ( 'NONE', #7342, #500 ) ;
#1518 = ORIENTED_EDGE ( 'NONE', *, *, #6234, .T. ) ;
#1519 = ORIENTED_EDGE ( 'NONE', *, *, #5143, .F. ) ;
#1520 = CARTESIAN_POINT ( 'NONE',  ( -0.4615353136752351482, 20.19999999999999218, 3.159820236337017363 ) ) ;
#1521 = ORIENTED_EDGE ( 'NONE', *, *, #5134, .F. ) ;
#1522 = PLANE ( 'NONE',  #58 ) ;
#1523 =( GEOMETRIC_REPRESENTATION_CONTEXT ( 3 ) GLOBAL_UNCERTAINTY_ASSIGNED_CONTEXT ( ( #3285 ) ) GLOBAL_UNIT_ASSIGNED_CONTEXT ( ( #465, #6094, #5597 ) ) REPRESENTATION_CONTEXT ( 'NONE', 'WORKASPACE' ) );
#1524 = COLOUR_RGB ( '',0.000000000000000000, 0.000000000000000000, 1.000000000000000000 ) ;
#1525 = DIRECTION ( 'NONE',  ( -1.000000000000000000, -0.000000000000000000, -0.000000000000000000 ) ) ;
#1526 = ORIENTED_EDGE ( 'NONE', *, *, #6680, .F. ) ;
#1527 = ORIENTED_EDGE ( 'NONE', *, *, #3923, .F. ) ;
#1528 = DIRECTION ( 'NONE',  ( -1.000000000000000000, -0.000000000000000000, -0.000000000000000000 ) ) ;
#1529 = UNCERTAINTY_MEASURE_WITH_UNIT (LENGTH_MEASURE( 1.000000000000000082E-05 ), #7311, 'distance_accuracy_value', 'NONE');
#1530 = FACE_OUTER_BOUND ( 'NONE', #2282, .T. ) ;
#1531 = SURFACE_STYLE_USAGE ( .BOTH. , #6049 ) ;
#1532 = AXIS2_PLACEMENT_3D ( 'NONE', #4473, #2263, #2439 ) ;
#1533 = VECTOR ( 'NONE', #3561, 1000.000000000000000 ) ;
#1534 = DIRECTION ( 'NONE',  ( 0.000000000000000000, 0.000000000000000000, 1.000000000000000000 ) ) ;
#1535 = EDGE_CURVE ( 'NONE', #1728, #5165, #6158, .T. ) ;
#1536 =( NAMED_UNIT ( * ) SI_UNIT ( $, .STERADIAN. ) SOLID_ANGLE_UNIT ( ) );
#1537 = CARTESIAN_POINT ( 'NONE',  ( 6.999999999999999112, 20.29999999999999716, 14.50000000000000178 ) ) ;
#1538 = DIRECTION ( 'NONE',  ( 1.000000000000000000, 0.000000000000000000, 0.000000000000000000 ) ) ;
#1539 = EDGE_CURVE ( 'NONE', #3727, #779, #1003, .T. ) ;
#1540 = EDGE_CURVE ( 'NONE', #2915, #3717, #2117, .T. ) ;
#1541 = VERTEX_POINT ( 'NONE', #4378 ) ;
#1542 = DIRECTION ( 'NONE',  ( -1.000000000000000000, 0.000000000000000000, 3.540251991789400432E-16 ) ) ;
#1543 = CARTESIAN_POINT ( 'NONE',  ( 8.400000000000000355, -3.199999999992542143, -4.988163490356991581 ) ) ;
#1544 = DIRECTION ( 'NONE',  ( 0.000000000000000000, 1.000000000000000000, 0.000000000000000000 ) ) ;
#1545 = DIRECTION ( 'NONE',  ( 1.000000000000000000, 0.000000000000000000, 1.495451272393798556E-16 ) ) ;
#1546 = PRESENTATION_STYLE_ASSIGNMENT (( #7303 ) ) ;
#1547 = ORIENTED_EDGE ( 'NONE', *, *, #5679, .T. ) ;
#1548 = CARTESIAN_POINT ( 'NONE',  ( -1.563929817321426441, 20.19999999999999929, 1.948035091339284985 ) ) ;
#1549 = SURFACE_STYLE_FILL_AREA ( #3308 ) ;
#1550 =( NAMED_UNIT ( * ) PLANE_ANGLE_UNIT ( ) SI_UNIT ( $, .RADIAN. ) );
#1551 = CARTESIAN_POINT ( 'NONE',  ( 11.38578643762690490, 0.4166666666666671848, -12.49300664859163668 ) ) ;
#1552 = DIRECTION ( 'NONE',  ( 1.000000000000000000, 0.000000000000000000, 0.000000000000000000 ) ) ;
#1553 = STYLED_ITEM ( 'NONE', ( #4199 ), #4442 ) ;
#1554 = COLOUR_RGB ( '',0.2509803921568627416, 0.2509803921568627416, 0.2509803921568627416 ) ;
#1555 = LINE ( 'NONE', #3220, #4787 ) ;
#1556 = PRESENTATION_LAYER_ASSIGNMENT (  '', '', ( #3704 ) ) ;
#1557 = ORIENTED_EDGE ( 'NONE', *, *, #3604, .F. ) ;
#1558 = SURFACE_SIDE_STYLE ('',( #1642 ) ) ;
#1559 = VERTEX_POINT ( 'NONE', #1595 ) ;
#1560 = CARTESIAN_POINT ( 'NONE',  ( -9.150000000000002132, 1.000000000000000888, 13.79999999999999893 ) ) ;
#1561 = PRESENTATION_STYLE_ASSIGNMENT (( #936 ) ) ;
#1562 = DIRECTION ( 'NONE',  ( 0.000000000000000000, -1.000000000000000000, 0.000000000000000000 ) ) ;
#1563 = COLOUR_RGB ( '',0.7921568627450980005, 0.8196078431372548767, 0.9333333333333333481 ) ;
#1564 = UNCERTAINTY_MEASURE_WITH_UNIT (LENGTH_MEASURE( 1.000000000000000082E-05 ), #943, 'distance_accuracy_value', 'NONE');
#1565 = SURFACE_STYLE_FILL_AREA ( #6052 ) ;
#1566 = COLOUR_RGB ( '',0.2509803921568627416, 0.2509803921568627416, 0.2509803921568627416 ) ;
#1567 = DIRECTION ( 'NONE',  ( -0.000000000000000000, 0.000000000000000000, -1.000000000000000000 ) ) ;
#1568 = MECHANICAL_DESIGN_GEOMETRIC_PRESENTATION_REPRESENTATION (  '', ( #3328 ), #7169 ) ;
#1569 = SURFACE_STYLE_USAGE ( .BOTH. , #5075 ) ;
#1570 = DIRECTION ( 'NONE',  ( 1.000000000000000000, 0.000000000000000000, 0.000000000000000000 ) ) ;
#1571 =( LENGTH_UNIT ( ) NAMED_UNIT ( * ) SI_UNIT ( .MILLI., .METRE. ) );
#1572 = PLANE ( 'NONE',  #562 ) ;
#1573 = EDGE_CURVE ( 'NONE', #1728, #1961, #5265, .T. ) ;
#1574 =( GEOMETRIC_REPRESENTATION_CONTEXT ( 3 ) GLOBAL_UNCERTAINTY_ASSIGNED_CONTEXT ( ( #4762 ) ) GLOBAL_UNIT_ASSIGNED_CONTEXT ( ( #5236, #98, #1332 ) ) REPRESENTATION_CONTEXT ( 'NONE', 'WORKASPACE' ) );
#1575 = AXIS2_PLACEMENT_3D ( 'NONE', #7183, #393, #1954 ) ;
#1576 = FILL_AREA_STYLE_COLOUR ( '', #5016 ) ;
#1577 = DIRECTION ( 'NONE',  ( 1.000000000000000000, -0.000000000000000000, -0.000000000000000000 ) ) ;
#1578 = ORIENTED_EDGE ( 'NONE', *, *, #5956, .F. ) ;
#1579 = FILL_AREA_STYLE_COLOUR ( '', #447 ) ;
#1580 = DIRECTION ( 'NONE',  ( 0.000000000000000000, 0.000000000000000000, 1.000000000000000000 ) ) ;
#1581 = DIRECTION ( 'NONE',  ( 0.000000000000000000, -0.000000000000000000, -1.000000000000000000 ) ) ;
#1582 =( NAMED_UNIT ( * ) SI_UNIT ( $, .STERADIAN. ) SOLID_ANGLE_UNIT ( ) );
#1583 = ADVANCED_FACE ( 'NONE', ( #7317 ), #661, .F. ) ;
#1584 = ORIENTED_EDGE ( 'NONE', *, *, #2046, .F. ) ;
#1585 = STYLED_ITEM ( 'NONE', ( #369 ), #1407 ) ;
#1586 = DIRECTION ( 'NONE',  ( 1.000000000000000000, 0.000000000000000000, -1.101411730778925047E-16 ) ) ;
#1587 = DIRECTION ( 'NONE',  ( 1.000000000000000000, 0.000000000000000000, 0.000000000000000000 ) ) ;
#1588 = ORIENTED_EDGE ( 'NONE', *, *, #218, .F. ) ;
#1589 =( NAMED_UNIT ( * ) SI_UNIT ( $, .STERADIAN. ) SOLID_ANGLE_UNIT ( ) );
#1590 = DIRECTION ( 'NONE',  ( -0.000000000000000000, 1.000000000000000000, -0.000000000000000000 ) ) ;
#1591 = DIRECTION ( 'NONE',  ( -0.000000000000000000, -1.000000000000000000, -0.000000000000000000 ) ) ;
#1592 = FILL_AREA_STYLE_COLOUR ( '', #1955 ) ;
#1593 = ADVANCED_FACE ( 'NONE', ( #5275 ), #1254, .T. ) ;
#1594 = PRESENTATION_LAYER_ASSIGNMENT (  '', '', ( #6010 ) ) ;
#1595 = CARTESIAN_POINT ( 'NONE',  ( -12.80000000000000426, 0.4166666666666666297, -11.50699335140836688 ) ) ;
#1596 = MECHANICAL_DESIGN_GEOMETRIC_PRESENTATION_REPRESENTATION (  '', ( #3460 ), #5767 ) ;
#1597 = ORIENTED_EDGE ( 'NONE', *, *, #5550, .T. ) ;
#1598 =( NAMED_UNIT ( * ) SI_UNIT ( $, .STERADIAN. ) SOLID_ANGLE_UNIT ( ) );
#1599 = EDGE_LOOP ( 'NONE', ( #5874, #7132, #163, #6159 ) ) ;
#1600 = CARTESIAN_POINT ( 'NONE',  ( -11.35000000000000320, 0.5000000000000002220, 15.69999999999999929 ) ) ;
#1601 = UNCERTAINTY_MEASURE_WITH_UNIT (LENGTH_MEASURE( 1.000000000000000082E-05 ), #5061, 'distance_accuracy_value', 'NONE');
#1602 = SURFACE_STYLE_USAGE ( .BOTH. , #7323 ) ;
#1603 = CARTESIAN_POINT ( 'NONE',  ( 11.59999999999999964, 40.93805269026350402, -5.449999999999999289 ) ) ;
#1604 = AXIS2_PLACEMENT_3D ( 'NONE', #4866, #248, #5430 ) ;
#1605 =( LENGTH_UNIT ( ) NAMED_UNIT ( * ) SI_UNIT ( .MILLI., .METRE. ) );
#1606 = DIRECTION ( 'NONE',  ( 0.000000000000000000, -1.000000000000000000, 0.000000000000000000 ) ) ;
#1607 = SURFACE_SIDE_STYLE ('',( #6703 ) ) ;
#1608 = FILL_AREA_STYLE_COLOUR ( '', #3683 ) ;
#1609 =( NAMED_UNIT ( * ) SI_UNIT ( $, .STERADIAN. ) SOLID_ANGLE_UNIT ( ) );
#1610 =( NAMED_UNIT ( * ) SI_UNIT ( $, .STERADIAN. ) SOLID_ANGLE_UNIT ( ) );
#1611 = DIRECTION ( 'NONE',  ( 0.000000000000000000, 1.000000000000000000, 0.000000000000000000 ) ) ;
#1612 = COLOUR_RGB ( '',0.000000000000000000, 0.000000000000000000, 1.000000000000000000 ) ;
#1613 = ADVANCED_FACE ( 'NONE', ( #5239 ), #598, .F. ) ;
#1614 = DIRECTION ( 'NONE',  ( 0.000000000000000000, 0.000000000000000000, 1.000000000000000000 ) ) ;
#1615 = DIRECTION ( 'NONE',  ( 0.000000000000000000, 3.794707603699288396E-15, 1.000000000000000000 ) ) ;
#1616 = VERTEX_POINT ( 'NONE', #3686 ) ;
#1617 = VECTOR ( 'NONE', #3755, 1000.000000000000000 ) ;
#1618 = DIRECTION ( 'NONE',  ( 0.000000000000000000, 1.000000000000000000, 0.000000000000000000 ) ) ;
#1619 = FILL_AREA_STYLE_COLOUR ( '', #550 ) ;
#1620 = PRESENTATION_LAYER_ASSIGNMENT (  '', '', ( #72 ) ) ;
#1621 = PRESENTATION_STYLE_ASSIGNMENT (( #4549 ) ) ;
#1622 = ORIENTED_EDGE ( 'NONE', *, *, #2926, .F. ) ;
#1623 = MECHANICAL_DESIGN_GEOMETRIC_PRESENTATION_REPRESENTATION (  '', ( #3485 ), #1391 ) ;
#1624 = PRESENTATION_LAYER_ASSIGNMENT (  '', '', ( #5308 ) ) ;
#1625 = CARTESIAN_POINT ( 'NONE',  ( -12.80000000000000426, 1.000000000000000888, -15.00000000000000000 ) ) ;
#1626 = VERTEX_POINT ( 'NONE', #6466 ) ;
#1627 = EDGE_CURVE ( 'NONE', #2176, #960, #918, .T. ) ;
#1628 = CARTESIAN_POINT ( 'NONE',  ( 0.1308757135748146727, 20.19999999999999574, 2.083711778568910322 ) ) ;
#1629 = ORIENTED_EDGE ( 'NONE', *, *, #760, .F. ) ;
#1630 = FILL_AREA_STYLE_COLOUR ( '', #6349 ) ;
#1631 = CIRCLE ( 'NONE', #5191, 0.09999999999999939493 ) ;
#1632 = CYLINDRICAL_SURFACE ( 'NONE', #1399, 0.09999999999999939493 ) ;
#1633 = CARTESIAN_POINT ( 'NONE',  ( 12.80000000000000249, 0.5000000000000000000, -4.249999999999999112 ) ) ;
#1634 = AXIS2_PLACEMENT_3D ( 'NONE', #5831, #5869, #2488 ) ;
#1635 = STYLED_ITEM ( 'NONE', ( #745 ), #2200 ) ;
#1636 = DIRECTION ( 'NONE',  ( -0.000000000000000000, -1.000000000000000000, -0.000000000000000000 ) ) ;
#1637 = EDGE_CURVE ( 'NONE', #3906, #2299, #6123, .T. ) ;
#1638 = DIRECTION ( 'NONE',  ( 0.000000000000000000, 0.000000000000000000, 1.000000000000000000 ) ) ;
#1639 = EDGE_CURVE ( 'NONE', #2915, #4486, #5466, .T. ) ;
#1640 = COLOUR_RGB ( '',0.7921568627450980005, 0.8196078431372548767, 0.9333333333333333481 ) ;
#1641 = VERTEX_POINT ( 'NONE', #5385 ) ;
#1642 = SURFACE_STYLE_FILL_AREA ( #6694 ) ;
#1643 = ORIENTED_EDGE ( 'NONE', *, *, #667, .F. ) ;
#1644 =( LENGTH_UNIT ( ) NAMED_UNIT ( * ) SI_UNIT ( .MILLI., .METRE. ) );
#1645 =( NAMED_UNIT ( * ) PLANE_ANGLE_UNIT ( ) SI_UNIT ( $, .RADIAN. ) );
#1646 = DIRECTION ( 'NONE',  ( -0.000000000000000000, 1.000000000000000000, -0.000000000000000000 ) ) ;
#1647 = FACE_OUTER_BOUND ( 'NONE', #4372, .T. ) ;
#1648 = PRESENTATION_LAYER_ASSIGNMENT (  '', '', ( #5209 ) ) ;
#1649 = LINE ( 'NONE', #7286, #3144 ) ;
#1650 = SURFACE_STYLE_USAGE ( .BOTH. , #5604 ) ;
#1651 = FILL_AREA_STYLE ('',( #6890 ) ) ;
#1652 = DIRECTION ( 'NONE',  ( 1.000000000000000000, 0.000000000000000000, -0.000000000000000000 ) ) ;
#1653 = CARTESIAN_POINT ( 'NONE',  ( -10.05000000000000426, 1.000000000000000888, 15.00000000000000000 ) ) ;
#1654 = ORIENTED_EDGE ( 'NONE', *, *, #6189, .F. ) ;
#1655 = CARTESIAN_POINT ( 'NONE',  ( -0.4999999999999972800, 1.000000000000000888, 12.00000000000000000 ) ) ;
#1656 = CARTESIAN_POINT ( 'NONE',  ( 0.000000000000000000, 20.29999999999999716, 0.2499999999999997780 ) ) ;
#1657 = LINE ( 'NONE', #3343, #4075 ) ;
#1658 = EDGE_LOOP ( 'NONE', ( #5313, #932, #2611, #2167 ) ) ;
#1659 = PRODUCT_DEFINITION_SHAPE ( 'NONE', 'NONE',  #380 ) ;
#1660 = DIRECTION ( 'NONE',  ( -0.000000000000000000, 1.000000000000000000, -0.000000000000000000 ) ) ;
#1661 =( BOUNDED_SURFACE ( )  B_SPLINE_SURFACE ( 3, 3, ( 
 ( #5194, #4079, #2872, #92 ),
 ( #6840, #6902, #5694, #6872 ),
 ( #3980, #5725, #7388, #592 ),
 ( #1700, #623, #1801, #3479 ) ),
 .UNSPECIFIED., .F., .F., .F. ) 
 B_SPLINE_SURFACE_WITH_KNOTS ( ( 4, 4 ),
 ( 4, 4 ),
 ( 0.000000000000000000, 1.000000000000000000 ),
 ( 0.000000000000000000, 1.000000000000000000 ),
 .UNSPECIFIED. ) 
 GEOMETRIC_REPRESENTATION_ITEM ( )  RATIONAL_B_SPLINE_SURFACE ( (
 ( 1.000000000000000000, 0.3333333333333334259, 0.3333333333333334259, 1.000000000000000000),
 ( 0.9106836025229574361, 0.3035612008409859230, 0.3035612008409859230, 0.9106836025229574361),
 ( 0.9106836025229574361, 0.3035612008409859230, 0.3035612008409859230, 0.9106836025229574361),
 ( 1.000000000000000000, 0.3333333333333334259, 0.3333333333333334259, 1.000000000000000000) ) ) 
 REPRESENTATION_ITEM ( '' )  SURFACE ( )  );
#1662 = ORIENTED_EDGE ( 'NONE', *, *, #5824, .F. ) ;
#1663 = DIRECTION ( 'NONE',  ( 0.000000000000000000, 0.000000000000000000, 1.000000000000000000 ) ) ;
#1664 = ORIENTED_EDGE ( 'NONE', *, *, #1735, .F. ) ;
#1665 = DIRECTION ( 'NONE',  ( 0.000000000000000000, 1.000000000000000000, 0.000000000000000000 ) ) ;
#1666 = AXIS2_PLACEMENT_3D ( 'NONE', #2252, #6920, #2357 ) ;
#1667 = EDGE_CURVE ( 'NONE', #1963, #3974, #6925, .T. ) ;
#1668 = ORIENTED_EDGE ( 'NONE', *, *, #4682, .T. ) ;
#1669 = SURFACE_STYLE_FILL_AREA ( #1362 ) ;
#1670 = CARTESIAN_POINT ( 'NONE',  ( 4.599999999999998757, 0.5000000000000000000, 7.700000000000002842 ) ) ;
#1671 = VERTEX_POINT ( 'NONE', #3647 ) ;
#1672 = FACE_OUTER_BOUND ( 'NONE', #2065, .T. ) ;
#1673 = ORIENTED_EDGE ( 'NONE', *, *, #5095, .F. ) ;
#1674 = PRESENTATION_STYLE_ASSIGNMENT (( #2122 ) ) ;
#1675 = UNCERTAINTY_MEASURE_WITH_UNIT (LENGTH_MEASURE( 1.000000000000000082E-05 ), #5029, 'distance_accuracy_value', 'NONE');
#1676 = SURFACE_SIDE_STYLE ('',( #5306 ) ) ;
#1677 = DIRECTION ( 'NONE',  ( -0.000000000000000000, -0.000000000000000000, 1.000000000000000000 ) ) ;
#1678 =( GEOMETRIC_REPRESENTATION_CONTEXT ( 3 ) GLOBAL_UNCERTAINTY_ASSIGNED_CONTEXT ( ( #2517 ) ) GLOBAL_UNIT_ASSIGNED_CONTEXT ( ( #7214, #2690, #2134 ) ) REPRESENTATION_CONTEXT ( 'NONE', 'WORKASPACE' ) );
#1679 = DIRECTION ( 'NONE',  ( 1.000000000000000000, 0.000000000000000000, 0.000000000000000000 ) ) ;
#1680 =( GEOMETRIC_REPRESENTATION_CONTEXT ( 3 ) GLOBAL_UNCERTAINTY_ASSIGNED_CONTEXT ( ( #7362 ) ) GLOBAL_UNIT_ASSIGNED_CONTEXT ( ( #6763, #689, #1103 ) ) REPRESENTATION_CONTEXT ( 'NONE', 'WORKASPACE' ) );
#1681 = EDGE_CURVE ( 'NONE', #3717, #5902, #1444, .T. ) ;
#1682 = PRESENTATION_LAYER_ASSIGNMENT (  '', '', ( #4521 ) ) ;
#1683 = AXIS2_PLACEMENT_3D ( 'NONE', #2666, #1591, #3843 ) ;
#1684 = LINE ( 'NONE', #7248, #7152 ) ;
#1685 = MECHANICAL_DESIGN_GEOMETRIC_PRESENTATION_REPRESENTATION (  '', ( #4409 ), #2254 ) ;
#1686 =( LENGTH_UNIT ( ) NAMED_UNIT ( * ) SI_UNIT ( .MILLI., .METRE. ) );
#1687 =( NAMED_UNIT ( * ) SI_UNIT ( $, .STERADIAN. ) SOLID_ANGLE_UNIT ( ) );
#1688 = PRESENTATION_STYLE_ASSIGNMENT (( #5750 ) ) ;
#1689 = ADVANCED_FACE ( 'NONE', ( #6427 ), #4861, .F. ) ;
#1690 = PRODUCT_DEFINITION ( 'UNKNOWN', '', #2373, #926 ) ;
#1691 = STYLED_ITEM ( 'NONE', ( #644 ), #7389 ) ;
#1692 = CARTESIAN_POINT ( 'NONE',  ( -11.60000000000000320, 1.000000000000000888, 15.00000000000000000 ) ) ;
#1693 = AXIS2_PLACEMENT_3D ( 'NONE', #4740, #4529, #2425 ) ;
#1694 =( NAMED_UNIT ( * ) SI_UNIT ( $, .STERADIAN. ) SOLID_ANGLE_UNIT ( ) );
#1695 = ORIENTED_EDGE ( 'NONE', *, *, #4136, .T. ) ;
#1696 = DIRECTION ( 'NONE',  ( -1.000000000000000000, -0.000000000000000000, -0.000000000000000000 ) ) ;
#1697 = PRESENTATION_STYLE_ASSIGNMENT (( #5089 ) ) ;
#1698 = SURFACE_STYLE_USAGE ( .BOTH. , #5796 ) ;
#1699 = ORIENTED_EDGE ( 'NONE', *, *, #3376, .F. ) ;
#1700 = CARTESIAN_POINT ( 'NONE',  ( 0.3400000000000035216, 20.35000000000000497, 1.798035091339284630 ) ) ;
#1701 = CIRCLE ( 'NONE', #6926, 1.799999999999999600 ) ;
#1702 = CARTESIAN_POINT ( 'NONE',  ( 4.599999999999998757, 1.000000000000000444, 7.700000000000002842 ) ) ;
#1703 = PLANE ( 'NONE',  #5051 ) ;
#1704 = DIRECTION ( 'NONE',  ( 0.000000000000000000, -0.000000000000000000, -1.000000000000000000 ) ) ;
#1705 = DIRECTION ( 'NONE',  ( 0.000000000000000000, 0.000000000000000000, -1.000000000000000000 ) ) ;
#1706 = SURFACE_STYLE_USAGE ( .BOTH. , #7352 ) ;
#1707 = MECHANICAL_DESIGN_GEOMETRIC_PRESENTATION_REPRESENTATION (  '', ( #5873 ), #1467 ) ;
#1708 = ORIENTED_EDGE ( 'NONE', *, *, #7147, .F. ) ;
#1709 = VERTEX_POINT ( 'NONE', #3175 ) ;
#1710 = EDGE_LOOP ( 'NONE', ( #282, #2457 ) ) ;
#1711 = ADVANCED_FACE ( 'NONE', ( #4210 ), #4783, .T. ) ;
#1712 = DIRECTION ( 'NONE',  ( -1.000000000000000000, 0.000000000000000000, 0.000000000000000000 ) ) ;
#1713 = DIRECTION ( 'NONE',  ( 0.000000000000000000, 0.000000000000000000, 1.000000000000000000 ) ) ;
#1714 = VECTOR ( 'NONE', #142, 1000.000000000000000 ) ;
#1715 = ORIENTED_EDGE ( 'NONE', *, *, #987, .F. ) ;
#1716 = CARTESIAN_POINT ( 'NONE',  ( 13.50000000000000178, 83.05825363168716535, -8.375735931288156522 ) ) ;
#1717 = EDGE_CURVE ( 'NONE', #4363, #1968, #3348, .T. ) ;
#1718 = LINE ( 'NONE', #2227, #2738 ) ;
#1719 = VECTOR ( 'NONE', #4216, 1000.000000000000000 ) ;
#1720 = FILL_AREA_STYLE ('',( #1269 ) ) ;
#1721 = PRESENTATION_STYLE_ASSIGNMENT (( #607 ) ) ;
#1722 = PRESENTATION_LAYER_ASSIGNMENT (  '', '', ( #5406 ) ) ;
#1723 = DIRECTION ( 'NONE',  ( 0.000000000000000000, 0.000000000000000000, 1.000000000000000000 ) ) ;
#1724 = SURFACE_STYLE_FILL_AREA ( #4540 ) ;
#1725 = DIRECTION ( 'NONE',  ( 0.000000000000000000, 1.000000000000000000, 0.000000000000000000 ) ) ;
#1726 = VECTOR ( 'NONE', #391, 1000.000000000000000 ) ;
#1727 = CARTESIAN_POINT ( 'NONE',  ( 7.800000000000000711, 1.500000000000000000, -4.249999999999998224 ) ) ;
#1728 = VERTEX_POINT ( 'NONE', #4407 ) ;
#1729 = EDGE_CURVE ( 'NONE', #2031, #1559, #1819, .T. ) ;
#1730 = SURFACE_STYLE_FILL_AREA ( #6930 ) ;
#1731 = CARTESIAN_POINT ( 'NONE',  ( 6.175735931288076408, 20.29999999999999716, -16.00000000000000000 ) ) ;
#1732 = FACE_OUTER_BOUND ( 'NONE', #2492, .T. ) ;
#1733 = EDGE_LOOP ( 'NONE', ( #5344, #2948, #796, #5848 ) ) ;
#1734 = DIRECTION ( 'NONE',  ( -0.000000000000000000, 1.000000000000000000, -0.000000000000000000 ) ) ;
#1735 = EDGE_CURVE ( 'NONE', #6871, #5376, #6183, .T. ) ;
#1736 = ORIENTED_EDGE ( 'NONE', *, *, #2287, .F. ) ;
#1737 =( NAMED_UNIT ( * ) PLANE_ANGLE_UNIT ( ) SI_UNIT ( $, .RADIAN. ) );
#1738 = COLOUR_RGB ( '',0.7921568627450980005, 0.8196078431372548767, 0.9333333333333333481 ) ;
#1739 = SURFACE_STYLE_FILL_AREA ( #3909 ) ;
#1740 = LINE ( 'NONE', #5585, #4551 ) ;
#1741 = SURFACE_STYLE_FILL_AREA ( #5197 ) ;
#1742 =( NAMED_UNIT ( * ) PLANE_ANGLE_UNIT ( ) SI_UNIT ( $, .RADIAN. ) );
#1743 = UNCERTAINTY_MEASURE_WITH_UNIT (LENGTH_MEASURE( 1.000000000000000082E-05 ), #4851, 'distance_accuracy_value', 'NONE');
#1744 = COLOUR_RGB ( '',0.7921568627450980005, 0.8196078431372548767, 0.9333333333333333481 ) ;
#1745 = PRESENTATION_LAYER_ASSIGNMENT (  '', '', ( #311 ) ) ;
#1746 = VERTEX_POINT ( 'NONE', #3907 ) ;
#1747 =( NAMED_UNIT ( * ) PLANE_ANGLE_UNIT ( ) SI_UNIT ( $, .RADIAN. ) );
#1748 = EDGE_LOOP ( 'NONE', ( #3498, #43, #6616, #6260 ) ) ;
#1749 = CARTESIAN_POINT ( 'NONE',  ( -10.05000000000000426, 0.5000000000000000000, 15.00000000000000000 ) ) ;
#1750 = AXIS2_PLACEMENT_3D ( 'NONE', #4797, #289, #4225 ) ;
#1751 = AXIS2_PLACEMENT_3D ( 'NONE', #909, #5457, #1542 ) ;
#1752 = EDGE_LOOP ( 'NONE', ( #4329, #5429, #6437, #1275, #1527, #1822, #4899, #2730, #3847 ) ) ;
#1753 = UNCERTAINTY_MEASURE_WITH_UNIT (LENGTH_MEASURE( 1.000000000000000082E-05 ), #7072, 'distance_accuracy_value', 'NONE');
#1754 = CARTESIAN_POINT ( 'NONE',  ( 7.800000000000000711, 1.000000000000000888, -4.249999999999999112 ) ) ;
#1755 = VECTOR ( 'NONE', #1821, 1000.000000000000000 ) ;
#1756 =( GEOMETRIC_REPRESENTATION_CONTEXT ( 3 ) GLOBAL_UNCERTAINTY_ASSIGNED_CONTEXT ( ( #3416 ) ) GLOBAL_UNIT_ASSIGNED_CONTEXT ( ( #1510, #2196, #3762 ) ) REPRESENTATION_CONTEXT ( 'NONE', 'WORKASPACE' ) );
#1757 = VERTEX_POINT ( 'NONE', #1102 ) ;
#1758 =( LENGTH_UNIT ( ) NAMED_UNIT ( * ) SI_UNIT ( .MILLI., .METRE. ) );
#1759 = SURFACE_STYLE_FILL_AREA ( #1268 ) ;
#1760 = CARTESIAN_POINT ( 'NONE',  ( -10.05000000000000426, 1.000000000000000444, 15.00000000000000000 ) ) ;
#1761 = AXIS2_PLACEMENT_3D ( 'NONE', #6672, #2691, #583 ) ;
#1762 =( LENGTH_UNIT ( ) NAMED_UNIT ( * ) SI_UNIT ( .MILLI., .METRE. ) );
#1763 = EDGE_CURVE ( 'NONE', #4170, #3953, #6148, .T. ) ;
#1764 = FACE_OUTER_BOUND ( 'NONE', #2390, .T. ) ;
#1765 = DIRECTION ( 'NONE',  ( 0.000000000000000000, 1.000000000000000000, 0.000000000000000000 ) ) ;
#1766 =( GEOMETRIC_REPRESENTATION_CONTEXT ( 3 ) GLOBAL_UNCERTAINTY_ASSIGNED_CONTEXT ( ( #4622 ) ) GLOBAL_UNIT_ASSIGNED_CONTEXT ( ( #111, #3512, #1347 ) ) REPRESENTATION_CONTEXT ( 'NONE', 'WORKASPACE' ) );
#1767 = ORIENTED_EDGE ( 'NONE', *, *, #2210, .F. ) ;
#1768 = SURFACE_STYLE_USAGE ( .BOTH. , #1129 ) ;
#1769 = ORIENTED_EDGE ( 'NONE', *, *, #1452, .F. ) ;
#1770 = EDGE_CURVE ( 'NONE', #6892, #632, #7345, .T. ) ;
#1771 = ADVANCED_FACE ( 'NONE', ( #3839 ), #5714, .F. ) ;
#1772 =( NAMED_UNIT ( * ) PLANE_ANGLE_UNIT ( ) SI_UNIT ( $, .RADIAN. ) );
#1773 = ORIENTED_EDGE ( 'NONE', *, *, #964, .T. ) ;
#1774 = SURFACE_STYLE_USAGE ( .BOTH. , #3382 ) ;
#1775 =( NAMED_UNIT ( * ) SI_UNIT ( $, .STERADIAN. ) SOLID_ANGLE_UNIT ( ) );
#1776 = PLANE ( 'NONE',  #3429 ) ;
#1777 = FILL_AREA_STYLE_COLOUR ( '', #522 ) ;
#1778 = ORIENTED_EDGE ( 'NONE', *, *, #4541, .T. ) ;
#1779 = DIRECTION ( 'NONE',  ( 0.000000000000000000, 0.000000000000000000, 1.000000000000000000 ) ) ;
#1780 = ORIENTED_EDGE ( 'NONE', *, *, #1206, .T. ) ;
#1781 =( GEOMETRIC_REPRESENTATION_CONTEXT ( 3 ) GLOBAL_UNCERTAINTY_ASSIGNED_CONTEXT ( ( #1753 ) ) GLOBAL_UNIT_ASSIGNED_CONTEXT ( ( #7072, #4171, #3135 ) ) REPRESENTATION_CONTEXT ( 'NONE', 'WORKASPACE' ) );
#1782 = ORIENTED_EDGE ( 'NONE', *, *, #1846, .F. ) ;
#1783 = PRESENTATION_STYLE_ASSIGNMENT (( #6821 ) ) ;
#1784 = CARTESIAN_POINT ( 'NONE',  ( 6.299999999999999822, 0.5000000000000000000, 11.30000000000000249 ) ) ;
#1785 = CARTESIAN_POINT ( 'NONE',  ( 6.085786437626904188, 0.4000000000000000222, 12.59160797830996259 ) ) ;
#1786 = VECTOR ( 'NONE', #466, 1000.000000000000000 ) ;
#1787 = DIRECTION ( 'NONE',  ( 0.000000000000000000, 0.000000000000000000, 1.000000000000000000 ) ) ;
#1788 = CARTESIAN_POINT ( 'NONE',  ( 0.000000000000000000, 0.5000000000000000000, 11.40839202169004096 ) ) ;
#1789 = DIRECTION ( 'NONE',  ( -1.000000000000000000, 0.000000000000000000, -0.000000000000000000 ) ) ;
#1790 =( GEOMETRIC_REPRESENTATION_CONTEXT ( 3 ) GLOBAL_UNCERTAINTY_ASSIGNED_CONTEXT ( ( #2012 ) ) GLOBAL_UNIT_ASSIGNED_CONTEXT ( ( #5574, #2571, #3827 ) ) REPRESENTATION_CONTEXT ( 'NONE', 'WORKASPACE' ) );
#1791 = CARTESIAN_POINT ( 'NONE',  ( 0.000000000000000000, 0.5000000000000000000, 0.000000000000000000 ) ) ;
#1792 = ORIENTED_EDGE ( 'NONE', *, *, #6055, .F. ) ;
#1793 = EDGE_CURVE ( 'NONE', #4496, #6592, #2688, .T. ) ;
#1794 =( LENGTH_UNIT ( ) NAMED_UNIT ( * ) SI_UNIT ( .MILLI., .METRE. ) );
#1795 = CYLINDRICAL_SURFACE ( 'NONE', #6721, 0.09999999999999939493 ) ;
#1796 = DIRECTION ( 'NONE',  ( 0.000000000000000000, 0.000000000000000000, 1.000000000000000000 ) ) ;
#1797 = AXIS2_PLACEMENT_3D ( 'NONE', #3624, #7005, #5441 ) ;
#1798 = CARTESIAN_POINT ( 'NONE',  ( 4.599999999999998757, 0.5000000000000000000, 7.700000000000002842 ) ) ;
#1799 = CARTESIAN_POINT ( 'NONE',  ( 8.200000000000001066, 20.29999999999999716, 16.00000000000000000 ) ) ;
#1800 = ORIENTED_EDGE ( 'NONE', *, *, #4569, .F. ) ;
#1801 = CARTESIAN_POINT ( 'NONE',  ( 2.543929817321432640, 20.35000000000000497, 4.001964908660713860 ) ) ;
#1802 = DIRECTION ( 'NONE',  ( -0.000000000000000000, 1.000000000000000000, 0.000000000000000000 ) ) ;
#1803 = SURFACE_STYLE_FILL_AREA ( #4619 ) ;
#1804 = CARTESIAN_POINT ( 'NONE',  ( -0.4999999999999972800, -2.700000000004365575, 12.00000000000000000 ) ) ;
#1805 = EDGE_CURVE ( 'NONE', #4300, #7216, #4447, .T. ) ;
#1806 = DIRECTION ( 'NONE',  ( 1.000000000000000000, 0.000000000000000000, 0.000000000000000000 ) ) ;
#1807 = VECTOR ( 'NONE', #7003, 1000.000000000000000 ) ;
#1808 = COLOUR_RGB ( '',0.2509803921568627416, 0.2509803921568627416, 0.2509803921568627416 ) ;
#1809 = UNCERTAINTY_MEASURE_WITH_UNIT (LENGTH_MEASURE( 1.000000000000000082E-05 ), #150, 'distance_accuracy_value', 'NONE');
#1810 = AXIS2_PLACEMENT_3D ( 'NONE', #6216, #5653, #5615 ) ;
#1811 = EDGE_LOOP ( 'NONE', ( #7071, #3084, #1773, #6847 ) ) ;
#1812 = CARTESIAN_POINT ( 'NONE',  ( 0.000000000000000000, 0.5000000000000000000, 16.00000000000000000 ) ) ;
#1813 =( NAMED_UNIT ( * ) SI_UNIT ( $, .STERADIAN. ) SOLID_ANGLE_UNIT ( ) );
#1814 = ORIENTED_EDGE ( 'NONE', *, *, #4185, .F. ) ;
#1815 =( NAMED_UNIT ( * ) SI_UNIT ( $, .STERADIAN. ) SOLID_ANGLE_UNIT ( ) );
#1816 = CARTESIAN_POINT ( 'NONE',  ( 4.599999999999997868, 1.000000000000000888, 9.500000000000001776 ) ) ;
#1817 = ADVANCED_FACE ( 'NONE', ( #1137 ), #1661, .F. ) ;
#1818 = ORIENTED_EDGE ( 'NONE', *, *, #5646, .T. ) ;
#1819 = CIRCLE ( 'NONE', #568, 0.09999999999999939493 ) ;
#1820 = UNCERTAINTY_MEASURE_WITH_UNIT (LENGTH_MEASURE( 1.000000000000000082E-05 ), #7066, 'distance_accuracy_value', 'NONE');
#1821 = DIRECTION ( 'NONE',  ( 0.000000000000000000, 1.000000000000000000, 0.000000000000000000 ) ) ;
#1822 = ORIENTED_EDGE ( 'NONE', *, *, #6775, .F. ) ;
#1823 = DIRECTION ( 'NONE',  ( 0.000000000000000000, -0.000000000000000000, -1.000000000000000000 ) ) ;
#1824 =( NAMED_UNIT ( * ) SI_UNIT ( $, .STERADIAN. ) SOLID_ANGLE_UNIT ( ) );
#1825 = FACE_OUTER_BOUND ( 'NONE', #4652, .T. ) ;
#1826 = DIRECTION ( 'NONE',  ( 1.000000000000000000, 0.000000000000000000, 0.000000000000000000 ) ) ;
#1827 = CARTESIAN_POINT ( 'NONE',  ( 6.387867965644037582, 20.29999999999999716, -15.91213203435596135 ) ) ;
#1828 = LINE ( 'NONE', #1230, #727 ) ;
#1829 = FILL_AREA_STYLE_COLOUR ( '', #1524 ) ;
#1830 = AXIS2_PLACEMENT_3D ( 'NONE', #128, #3982, #5728 ) ;
#1831 = ADVANCED_FACE ( 'NONE', ( #3411 ), #5231, .T. ) ;
#1832 = DIRECTION ( 'NONE',  ( 0.000000000000000000, 1.000000000000000000, -0.000000000000000000 ) ) ;
#1833 = ORIENTED_EDGE ( 'NONE', *, *, #2895, .T. ) ;
#1834 = ORIENTED_EDGE ( 'NONE', *, *, #7015, .T. ) ;
#1835 = CARTESIAN_POINT ( 'NONE',  ( -11.60000000000000497, 1.000000000000000888, 15.00000000000000000 ) ) ;
#1836 = CARTESIAN_POINT ( 'NONE',  ( -0.4999999999999972800, 1.000000000000000000, 12.00000000000000000 ) ) ;
#1837 = ORIENTED_EDGE ( 'NONE', *, *, #1681, .F. ) ;
#1838 =( NAMED_UNIT ( * ) SI_UNIT ( $, .STERADIAN. ) SOLID_ANGLE_UNIT ( ) );
#1839 = ORIENTED_EDGE ( 'NONE', *, *, #6463, .F. ) ;
#1840 =( NAMED_UNIT ( * ) PLANE_ANGLE_UNIT ( ) SI_UNIT ( $, .RADIAN. ) );
#1841 = SURFACE_STYLE_FILL_AREA ( #5303 ) ;
#1842 = CARTESIAN_POINT ( 'NONE',  ( 12.50000000000000178, 1.500000000000000000, -4.549999999999998934 ) ) ;
#1843 = PRESENTATION_STYLE_ASSIGNMENT (( #6341 ) ) ;
#1844 =( GEOMETRIC_REPRESENTATION_CONTEXT ( 3 ) GLOBAL_UNCERTAINTY_ASSIGNED_CONTEXT ( ( #4024 ) ) GLOBAL_UNIT_ASSIGNED_CONTEXT ( ( #3415, #3351, #6875 ) ) REPRESENTATION_CONTEXT ( 'NONE', 'WORKASPACE' ) );
#1845 = CARTESIAN_POINT ( 'NONE',  ( -12.50000000000000178, 1.000000000000000888, 0.7500000000000006661 ) ) ;
#1846 = EDGE_CURVE ( 'NONE', #4125, #4170, #3746, .T. ) ;
#1847 = MECHANICAL_DESIGN_GEOMETRIC_PRESENTATION_REPRESENTATION (  '', ( #3010 ), #770 ) ;
#1848 = VERTEX_POINT ( 'NONE', #1405 ) ;
#1849 = SURFACE_SIDE_STYLE ('',( #6879 ) ) ;
#1850 = EDGE_LOOP ( 'NONE', ( #320, #5469, #5100, #2433 ) ) ;
#1851 = CARTESIAN_POINT ( 'NONE',  ( -12.30000000000000249, 20.35857864376268367, -14.50000000000000178 ) ) ;
#1852 = EDGE_LOOP ( 'NONE', ( #2977, #4091, #2613, #4118 ) ) ;
#1853 = SURFACE_STYLE_USAGE ( .BOTH. , #2316 ) ;
#1854 = VECTOR ( 'NONE', #609, 1000.000000000000000 ) ;
#1855 = CARTESIAN_POINT ( 'NONE',  ( -9.150000000000000355, 40.93805269026350402, 1.050000000000000488 ) ) ;
#1856 = EDGE_CURVE ( 'NONE', #4596, #5165, #1031, .T. ) ;
#1857 = ADVANCED_FACE ( 'NONE', ( #4198 ), #3599, .F. ) ;
#1858 = COLOUR_RGB ( '',0.000000000000000000, 0.000000000000000000, 1.000000000000000000 ) ;
#1859 = ADVANCED_FACE ( 'NONE', ( #2534 ), #2493, .F. ) ;
#1860 = ORIENTED_EDGE ( 'NONE', *, *, #1793, .F. ) ;
#1861 = STYLED_ITEM ( 'NONE', ( #357 ), #1771 ) ;
#1862 =( GEOMETRIC_REPRESENTATION_CONTEXT ( 3 ) GLOBAL_UNCERTAINTY_ASSIGNED_CONTEXT ( ( #6660 ) ) GLOBAL_UNIT_ASSIGNED_CONTEXT ( ( #2805, #3910, #3384 ) ) REPRESENTATION_CONTEXT ( 'NONE', 'WORKASPACE' ) );
#1863 = DIRECTION ( 'NONE',  ( 0.000000000000000000, 0.000000000000000000, 1.000000000000000000 ) ) ;
#1864 = DIRECTION ( 'NONE',  ( -0.000000000000000000, -1.000000000000000000, -0.000000000000000000 ) ) ;
#1865 = PRESENTATION_STYLE_ASSIGNMENT (( #3464 ) ) ;
#1866 = FACE_OUTER_BOUND ( 'NONE', #6274, .T. ) ;
#1867 = AXIS2_PLACEMENT_3D ( 'NONE', #3140, #364, #3102 ) ;
#1868 =( NAMED_UNIT ( * ) SI_UNIT ( $, .STERADIAN. ) SOLID_ANGLE_UNIT ( ) );
#1869 = VECTOR ( 'NONE', #4741, 1000.000000000000000 ) ;
#1870 =( NAMED_UNIT ( * ) PLANE_ANGLE_UNIT ( ) SI_UNIT ( $, .RADIAN. ) );
#1871 = ORIENTED_EDGE ( 'NONE', *, *, #1984, .F. ) ;
#1872 = MECHANICAL_DESIGN_GEOMETRIC_PRESENTATION_REPRESENTATION (  '', ( #5445 ), #5690 ) ;
#1873 = PRESENTATION_LAYER_ASSIGNMENT (  '', '', ( #794 ) ) ;
#1874 = DIRECTION ( 'NONE',  ( 1.000000000000000000, 0.000000000000000000, -0.000000000000000000 ) ) ;
#1875 = CARTESIAN_POINT ( 'NONE',  ( -12.80000000000000426, 0.5000000000000000000, -12.59160797830996259 ) ) ;
#1876 = CARTESIAN_POINT ( 'NONE',  ( 11.59999999999999964, 40.93805269026350402, -5.449999999999999289 ) ) ;
#1877 = CARTESIAN_POINT ( 'NONE',  ( 8.500000000000000000, 0.4000000000000000222, 11.40839202169004096 ) ) ;
#1878 = ORIENTED_EDGE ( 'NONE', *, *, #303, .F. ) ;
#1879 = LINE ( 'NONE', #2024, #439 ) ;
#1880 =( NAMED_UNIT ( * ) SI_UNIT ( $, .STERADIAN. ) SOLID_ANGLE_UNIT ( ) );
#1881 = LINE ( 'NONE', #6419, #5152 ) ;
#1882 = SURFACE_STYLE_FILL_AREA ( #6340 ) ;
#1883 = LINE ( 'NONE', #1992, #3468 ) ;
#1884 = SURFACE_SIDE_STYLE ('',( #5707 ) ) ;
#1885 = STYLED_ITEM ( 'NONE', ( #6967 ), #3197 ) ;
#1886 = CARTESIAN_POINT ( 'NONE',  ( 11.80000000000000071, 20.39999999999999858, -14.00000000000000000 ) ) ;
#1887 = VERTEX_POINT ( 'NONE', #3047 ) ;
#1888 =( NAMED_UNIT ( * ) SI_UNIT ( $, .STERADIAN. ) SOLID_ANGLE_UNIT ( ) );
#1889 = ORIENTED_EDGE ( 'NONE', *, *, #2339, .T. ) ;
#1890 = CARTESIAN_POINT ( 'NONE',  ( -12.25857864376269291, 20.39999999999999858, -14.45857864376269397 ) ) ;
#1891 = LINE ( 'NONE', #4090, #3966 ) ;
#1892 = VERTEX_POINT ( 'NONE', #7136 ) ;
#1893 = DIRECTION ( 'NONE',  ( 1.000000000000000000, 0.000000000000000000, -0.000000000000000000 ) ) ;
#1894 = EDGE_CURVE ( 'NONE', #4870, #2203, #1879, .T. ) ;
#1895 = ORIENTED_EDGE ( 'NONE', *, *, #4920, .T. ) ;
#1896 = CARTESIAN_POINT ( 'NONE',  ( -5.600000000000000533, 0.5000000000000000000, 7.700000000000000178 ) ) ;
#1897 = PRESENTATION_LAYER_ASSIGNMENT (  '', '', ( #4257 ) ) ;
#1898 = DIRECTION ( 'NONE',  ( -0.000000000000000000, -0.000000000000000000, -1.000000000000000000 ) ) ;
#1899 =( LENGTH_UNIT ( ) NAMED_UNIT ( * ) SI_UNIT ( .MILLI., .METRE. ) );
#1900 = CARTESIAN_POINT ( 'NONE',  ( 8.800000000000000711, 0.5000000000000004441, -2.949999999999998401 ) ) ;
#1901 = ADVANCED_FACE ( 'NONE', ( #2458 ), #6982, .F. ) ;
#1902 = VECTOR ( 'NONE', #1590, 1000.000000000000000 ) ;
#1903 = CARTESIAN_POINT ( 'NONE',  ( 0.000000000000000000, -3.200000000000000178, 0.000000000000000000 ) ) ;
#1904 = EDGE_CURVE ( 'NONE', #5538, #4553, #5084, .T. ) ;
#1905 = FACE_OUTER_BOUND ( 'NONE', #5609, .T. ) ;
#1906 = PLANE ( 'NONE',  #2298 ) ;
#1907 = FILL_AREA_STYLE ('',( #748 ) ) ;
#1908 = DIRECTION ( 'NONE',  ( 0.000000000000000000, -0.000000000000000000, -1.000000000000000000 ) ) ;
#1909 = VECTOR ( 'NONE', #4618, 1000.000000000000000 ) ;
#1910 = STYLED_ITEM ( 'NONE', ( #6152 ), #30 ) ;
#1911 = ORIENTED_EDGE ( 'NONE', *, *, #1856, .F. ) ;
#1912 = DIRECTION ( 'NONE',  ( 0.000000000000000000, -1.000000000000000000, -0.000000000000000000 ) ) ;
#1913 = DIRECTION ( 'NONE',  ( 0.000000000000000000, 0.000000000000000000, 1.000000000000000000 ) ) ;
#1914 = DIRECTION ( 'NONE',  ( -1.000000000000000000, 0.000000000000000000, 0.000000000000000000 ) ) ;
#1915 = CIRCLE ( 'NONE', #3801, 0.3000000000000016542 ) ;
#1916 = VECTOR ( 'NONE', #5002, 1000.000000000000000 ) ;
#1917 = ORIENTED_EDGE ( 'NONE', *, *, #6447, .F. ) ;
#1918 =( NAMED_UNIT ( * ) PLANE_ANGLE_UNIT ( ) SI_UNIT ( $, .RADIAN. ) );
#1919 = ORIENTED_EDGE ( 'NONE', *, *, #1946, .F. ) ;
#1920 = CARTESIAN_POINT ( 'NONE',  ( 8.400000000000000355, -2.699999999999900258, -5.699999999999998401 ) ) ;
#1921 = CARTESIAN_POINT ( 'NONE',  ( -10.65000000000000036, 1.000000000000000888, 1.050000000000000488 ) ) ;
#1922 = ORIENTED_EDGE ( 'NONE', *, *, #4054, .T. ) ;
#1923 = FILL_AREA_STYLE ('',( #7116 ) ) ;
#1924 = VECTOR ( 'NONE', #2661, 1000.000000000000000 ) ;
#1925 = VECTOR ( 'NONE', #3202, 1000.000000000000000 ) ;
#1926 = VERTEX_POINT ( 'NONE', #3303 ) ;
#1927 = CARTESIAN_POINT ( 'NONE',  ( -0.3845989485052720980, 20.39999999999999858, 3.856184338515775689 ) ) ;
#1928 =( NAMED_UNIT ( * ) PLANE_ANGLE_UNIT ( ) SI_UNIT ( $, .RADIAN. ) );
#1929 = VECTOR ( 'NONE', #3556, 1000.000000000000000 ) ;
#1930 = CARTESIAN_POINT ( 'NONE',  ( 8.400000000000000355, 1.000000000000000888, -5.699999999999998401 ) ) ;
#1931 = FACE_OUTER_BOUND ( 'NONE', #2871, .T. ) ;
#1932 = UNCERTAINTY_MEASURE_WITH_UNIT (LENGTH_MEASURE( 1.000000000000000082E-05 ), #3988, 'distance_accuracy_value', 'NONE');
#1933 = DIRECTION ( 'NONE',  ( -0.000000000000000000, 1.000000000000000000, -0.000000000000000000 ) ) ;
#1934 = VECTOR ( 'NONE', #252, 1000.000000000000000 ) ;
#1935 = EDGE_CURVE ( 'NONE', #2573, #7188, #6611, .T. ) ;
#1936 = DIRECTION ( 'NONE',  ( -0.000000000000000000, 1.000000000000000000, 0.000000000000000000 ) ) ;
#1937 = ORIENTED_EDGE ( 'NONE', *, *, #5177, .T. ) ;
#1938 = CARTESIAN_POINT ( 'NONE',  ( 13.71213203435596384, 83.05825363168716535, -8.587867965644122137 ) ) ;
#1939 = CARTESIAN_POINT ( 'NONE',  ( -10.65000000000000391, 1.500000000000000000, 0.7499999999999998890 ) ) ;
#1940 = FILL_AREA_STYLE ('',( #5867 ) ) ;
#1941 = AXIS2_PLACEMENT_3D ( 'NONE', #4590, #6874, #6308 ) ;
#1942 = CARTESIAN_POINT ( 'NONE',  ( 7.500000000000001776, 0.5000000000000000000, -4.249999999999999112 ) ) ;
#1943 = FILL_AREA_STYLE_COLOUR ( '', #3495 ) ;
#1944 = ORIENTED_EDGE ( 'NONE', *, *, #6396, .F. ) ;
#1945 =( GEOMETRIC_REPRESENTATION_CONTEXT ( 3 ) GLOBAL_UNCERTAINTY_ASSIGNED_CONTEXT ( ( #6876 ) ) GLOBAL_UNIT_ASSIGNED_CONTEXT ( ( #2603, #5523, #3191 ) ) REPRESENTATION_CONTEXT ( 'NONE', 'WORKASPACE' ) );
#1946 = EDGE_CURVE ( 'NONE', #2235, #3345, #2809, .T. ) ;
#1947 = ADVANCED_FACE ( 'NONE', ( #2765 ), #3718, .T. ) ;
#1948 = CARTESIAN_POINT ( 'NONE',  ( 2.543929817321432640, 20.35000000000000497, 4.001964908660713860 ) ) ;
#1949 = VERTEX_POINT ( 'NONE', #347 ) ;
#1950 = DIRECTION ( 'NONE',  ( 0.000000000000000000, -0.000000000000000000, 1.000000000000000000 ) ) ;
#1951 = DIRECTION ( 'NONE',  ( 0.000000000000000000, 5.421010862427555302E-15, -1.000000000000000000 ) ) ;
#1952 = SURFACE_STYLE_USAGE ( .BOTH. , #7064 ) ;
#1953 = LINE ( 'NONE', #1408, #5065 ) ;
#1954 = DIRECTION ( 'NONE',  ( 0.000000000000000000, 0.000000000000000000, 1.000000000000000000 ) ) ;
#1955 = COLOUR_RGB ( '',0.2509803921568627416, 0.2509803921568627416, 0.2509803921568627416 ) ;
#1956 = PRESENTATION_STYLE_ASSIGNMENT (( #5309 ) ) ;
#1957 = ORIENTED_EDGE ( 'NONE', *, *, #2210, .T. ) ;
#1958 = FILL_AREA_STYLE ('',( #4782 ) ) ;
#1959 = AXIS2_PLACEMENT_3D ( 'NONE', #4814, #5305, #4440 ) ;
#1960 = AXIS2_PLACEMENT_3D ( 'NONE', #2402, #5047, #5607 ) ;
#1961 = VERTEX_POINT ( 'NONE', #5577 ) ;
#1962 = SURFACE_STYLE_USAGE ( .BOTH. , #3689 ) ;
#1963 = VERTEX_POINT ( 'NONE', #435 ) ;
#1964 = CARTESIAN_POINT ( 'NONE',  ( -10.05000000000000426, 1.000000000000000888, 15.00000000000000000 ) ) ;
#1965 = CARTESIAN_POINT ( 'NONE',  ( 4.599999999999997868, 0.5000000000000000000, 11.30000000000000249 ) ) ;
#1966 = FILL_AREA_STYLE_COLOUR ( '', #196 ) ;
#1967 = MECHANICAL_DESIGN_GEOMETRIC_PRESENTATION_REPRESENTATION (  '', ( #431 ), #6150 ) ;
#1968 = VERTEX_POINT ( 'NONE', #2614 ) ;
#1969 = CARTESIAN_POINT ( 'NONE',  ( -0.6348926141484797503, 20.40000000000000213, 3.588804057990364615 ) ) ;
#1970 = PLANE ( 'NONE',  #112 ) ;
#1971 = COLOUR_RGB ( '',0.2509803921568627416, 0.2509803921568627416, 0.2509803921568627416 ) ;
#1972 = CIRCLE ( 'NONE', #4206, 0.3118365096569826189 ) ;
#1973 = CARTESIAN_POINT ( 'NONE',  ( -12.50000000000000355, 1.000000000000000888, -14.69999999999999929 ) ) ;
#1974 =( NAMED_UNIT ( * ) PLANE_ANGLE_UNIT ( ) SI_UNIT ( $, .RADIAN. ) );
#1975 = DIRECTION ( 'NONE',  ( 0.000000000000000000, -1.000000000000000000, 0.000000000000000000 ) ) ;
#1976 = CARTESIAN_POINT ( 'NONE',  ( 13.50000000000000178, 18.39999999999999858, -8.375735931288156522 ) ) ;
#1977 = VECTOR ( 'NONE', #6082, 1000.000000000000000 ) ;
#1978 = FACE_OUTER_BOUND ( 'NONE', #6610, .T. ) ;
#1979 = PRESENTATION_LAYER_ASSIGNMENT (  '', '', ( #3496 ) ) ;
#1980 = DIRECTION ( 'NONE',  ( 0.000000000000000000, 0.000000000000000000, 1.000000000000000000 ) ) ;
#1981 = DIRECTION ( 'NONE',  ( 0.000000000000000000, 0.9848077530107477440, 0.1736481776752119843 ) ) ;
#1982 = SURFACE_STYLE_FILL_AREA ( #231 ) ;
#1983 = DIRECTION ( 'NONE',  ( -1.000000000000000000, -0.000000000000000000, -0.000000000000000000 ) ) ;
#1984 = EDGE_CURVE ( 'NONE', #7387, #5780, #1516, .T. ) ;
#1985 = COLOUR_RGB ( '',0.2509803921568627416, 0.2509803921568627416, 0.2509803921568627416 ) ;
#1986 = MECHANICAL_DESIGN_GEOMETRIC_PRESENTATION_REPRESENTATION (  '', ( #1635 ), #5444 ) ;
#1987 = MECHANICAL_DESIGN_GEOMETRIC_PRESENTATION_REPRESENTATION (  '', ( #6276 ), #3753 ) ;
#1988 = ORIENTED_EDGE ( 'NONE', *, *, #3330, .F. ) ;
#1989 =( NAMED_UNIT ( * ) SI_UNIT ( $, .STERADIAN. ) SOLID_ANGLE_UNIT ( ) );
#1990 =( NAMED_UNIT ( * ) PLANE_ANGLE_UNIT ( ) SI_UNIT ( $, .RADIAN. ) );
#1991 = DIRECTION ( 'NONE',  ( 0.000000000000000000, 0.000000000000000000, 1.000000000000000000 ) ) ;
#1992 = CARTESIAN_POINT ( 'NONE',  ( 11.38578643762690490, 0.4166666666666669627, -11.50699335140836688 ) ) ;
#1993 = EDGE_CURVE ( 'NONE', #220, #1709, #4971, .T. ) ;
#1994 = EDGE_CURVE ( 'NONE', #4533, #4156, #388, .T. ) ;
#1995 = DIRECTION ( 'NONE',  ( 0.000000000000000000, 0.000000000000000000, 1.000000000000000000 ) ) ;
#1996 = STYLED_ITEM ( 'NONE', ( #6927 ), #3691 ) ;
#1997 = EDGE_LOOP ( 'NONE', ( #1256, #3882 ) ) ;
#1998 = PRESENTATION_STYLE_ASSIGNMENT (( #7070 ) ) ;
#1999 = VERTEX_POINT ( 'NONE', #6108 ) ;
#2000 = AXIS2_PLACEMENT_3D ( 'NONE', #4945, #2045, #6690 ) ;
#2001 = CYLINDRICAL_SURFACE ( 'NONE', #2562, 0.2999999999999999334 ) ;
#2002 = VERTEX_POINT ( 'NONE', #4932 ) ;
#2003 = CARTESIAN_POINT ( 'NONE',  ( -9.400000000000002132, -8.662741699796955075, -3.199999999999997957 ) ) ;
#2004 = EDGE_CURVE ( 'NONE', #848, #4626, #7217, .T. ) ;
#2005 = DIRECTION ( 'NONE',  ( 0.000000000000000000, 0.000000000000000000, 1.000000000000000000 ) ) ;
#2006 = ORIENTED_EDGE ( 'NONE', *, *, #3653, .F. ) ;
#2007 = CARTESIAN_POINT ( 'NONE',  ( -0.4425739854118231897, 20.39999999999999858, 2.001633319582817094 ) ) ;
#2008 = ORIENTED_EDGE ( 'NONE', *, *, #6206, .F. ) ;
#2009 = DIRECTION ( 'NONE',  ( 0.000000000000000000, 0.000000000000000000, 1.000000000000000000 ) ) ;
#2010 = SURFACE_SIDE_STYLE ('',( #2283 ) ) ;
#2011 = CARTESIAN_POINT ( 'NONE',  ( -12.80000000000000426, 1.000000000000000888, -15.00000000000000000 ) ) ;
#2012 = UNCERTAINTY_MEASURE_WITH_UNIT (LENGTH_MEASURE( 1.000000000000000082E-05 ), #5574, 'distance_accuracy_value', 'NONE');
#2013 = PLANE ( 'NONE',  #96 ) ;
#2014 = AXIS2_PLACEMENT_3D ( 'NONE', #5759, #1734, #90 ) ;
#2015 = DIRECTION ( 'NONE',  ( 1.000000000000000000, 0.000000000000000000, 0.000000000000000000 ) ) ;
#2016 = STYLED_ITEM ( 'NONE', ( #2220 ), #3968 ) ;
#2017 = DIRECTION ( 'NONE',  ( -0.000000000000000000, 1.000000000000000000, 0.000000000000000000 ) ) ;
#2018 = SURFACE_STYLE_FILL_AREA ( #298 ) ;
#2019 = CARTESIAN_POINT ( 'NONE',  ( 1.296184338515748102, 20.39999999999999858, 3.624598948505240337 ) ) ;
#2020 = PRESENTATION_LAYER_ASSIGNMENT (  '', '', ( #5235 ) ) ;
#2021 = CARTESIAN_POINT ( 'NONE',  ( 7.500000000000001776, 1.500000000000000000, 0.000000000000000000 ) ) ;
#2022 = FILL_AREA_STYLE ('',( #5455 ) ) ;
#2023 = ORIENTED_EDGE ( 'NONE', *, *, #551, .F. ) ;
#2024 = CARTESIAN_POINT ( 'NONE',  ( 13.80000000000000071, 83.05825363168716535, -3.549999999999997602 ) ) ;
#2025 = EDGE_CURVE ( 'NONE', #6720, #4616, #2313, .T. ) ;
#2026 =( GEOMETRIC_REPRESENTATION_CONTEXT ( 3 ) GLOBAL_UNCERTAINTY_ASSIGNED_CONTEXT ( ( #815 ) ) GLOBAL_UNIT_ASSIGNED_CONTEXT ( ( #2967, #6455, #7018 ) ) REPRESENTATION_CONTEXT ( 'NONE', 'WORKASPACE' ) );
#2027 = FILL_AREA_STYLE ('',( #5501 ) ) ;
#2028 = COLOUR_RGB ( '',0.7921568627450980005, 0.8196078431372548767, 0.9333333333333333481 ) ;
#2029 = DIRECTION ( 'NONE',  ( 1.000000000000000000, -0.000000000000000000, -0.000000000000000000 ) ) ;
#2030 = CIRCLE ( 'NONE', #6669, 0.2999999999999999334 ) ;
#2031 = VERTEX_POINT ( 'NONE', #2236 ) ;
#2032 = EDGE_CURVE ( 'NONE', #6283, #6623, #6980, .T. ) ;
#2033 = AXIS2_PLACEMENT_3D ( 'NONE', #1035, #2732, #3207 ) ;
#2034 = ORIENTED_EDGE ( 'NONE', *, *, #1500, .F. ) ;
#2035 = CARTESIAN_POINT ( 'NONE',  ( -0.4011368051485408315, 20.19999999999999929, 2.498041559500091768 ) ) ;
#2036 = FACE_OUTER_BOUND ( 'NONE', #1658, .T. ) ;
#2037 = ORIENTED_EDGE ( 'NONE', *, *, #552, .F. ) ;
#2038 =( LENGTH_UNIT ( ) NAMED_UNIT ( * ) SI_UNIT ( .MILLI., .METRE. ) );
#2039 = AXIS2_PLACEMENT_3D ( 'NONE', #1903, #3074, #2058 ) ;
#2040 = UNCERTAINTY_MEASURE_WITH_UNIT (LENGTH_MEASURE( 1.000000000000000082E-05 ), #3439, 'distance_accuracy_value', 'NONE');
#2041 =( LENGTH_UNIT ( ) NAMED_UNIT ( * ) SI_UNIT ( .MILLI., .METRE. ) );
#2042 = AXIS2_PLACEMENT_3D ( 'NONE', #4572, #2327, #1723 ) ;
#2043 = CIRCLE ( 'NONE', #6113, 0.2999999999999999334 ) ;
#2044 = ORIENTED_EDGE ( 'NONE', *, *, #6724, .F. ) ;
#2045 = DIRECTION ( 'NONE',  ( -1.000000000000000000, 0.000000000000000000, 4.505775262277420984E-17 ) ) ;
#2046 = EDGE_CURVE ( 'NONE', #5882, #6679, #3342, .T. ) ;
#2047 = FILL_AREA_STYLE_COLOUR ( '', #1348 ) ;
#2048 = EDGE_CURVE ( 'NONE', #115, #6023, #7381, .T. ) ;
#2049 = EDGE_LOOP ( 'NONE', ( #7186, #4873, #6353, #5871 ) ) ;
#2050 = SURFACE_STYLE_FILL_AREA ( #7158 ) ;
#2051 = UNCERTAINTY_MEASURE_WITH_UNIT (LENGTH_MEASURE( 1.000000000000000082E-05 ), #4497, 'distance_accuracy_value', 'NONE');
#2052 = FILL_AREA_STYLE ('',( #5070 ) ) ;
#2053 = DIRECTION ( 'NONE',  ( 0.000000000000000000, 0.000000000000000000, 1.000000000000000000 ) ) ;
#2054 =( LENGTH_UNIT ( ) NAMED_UNIT ( * ) SI_UNIT ( .MILLI., .METRE. ) );
#2055 = AXIS2_PLACEMENT_3D ( 'NONE', #6416, #6492, #1283 ) ;
#2056 = MECHANICAL_DESIGN_GEOMETRIC_PRESENTATION_REPRESENTATION (  '', ( #6124 ), #4657 ) ;
#2057 = SURFACE_STYLE_USAGE ( .BOTH. , #2519 ) ;
#2058 = DIRECTION ( 'NONE',  ( 0.000000000000000000, -0.000000000000000000, 1.000000000000000000 ) ) ;
#2059 = FILL_AREA_STYLE ('',( #7171 ) ) ;
#2060 = AXIS2_PLACEMENT_3D ( 'NONE', #5311, #4169, #876 ) ;
#2061 = FACE_OUTER_BOUND ( 'NONE', #3992, .T. ) ;
#2062 = DIRECTION ( 'NONE',  ( -0.000000000000000000, -1.000000000000000000, -0.000000000000000000 ) ) ;
#2063 = DIRECTION ( 'NONE',  ( 0.000000000000000000, 0.000000000000000000, 1.000000000000000000 ) ) ;
#2064 = EDGE_CURVE ( 'NONE', #1757, #6871, #3386, .T. ) ;
#2065 = EDGE_LOOP ( 'NONE', ( #1837, #5386, #5586, #5665 ) ) ;
#2066 = FILL_AREA_STYLE_COLOUR ( '', #6207 ) ;
#2067 = CARTESIAN_POINT ( 'NONE',  ( 2.717134898078316319, 20.39999999999999858, 1.711432550960843679 ) ) ;
#2068 = ORIENTED_EDGE ( 'NONE', *, *, #3518, .F. ) ;
#2069 = DIRECTION ( 'NONE',  ( 0.000000000000000000, 0.000000000000000000, 1.000000000000000000 ) ) ;
#2070 =( LENGTH_UNIT ( ) NAMED_UNIT ( * ) SI_UNIT ( .MILLI., .METRE. ) );
#2071 = SURFACE_STYLE_USAGE ( .BOTH. , #6613 ) ;
#2072 = LINE ( 'NONE', #7220, #5746 ) ;
#2073 = ORIENTED_EDGE ( 'NONE', *, *, #1315, .T. ) ;
#2074 =( LENGTH_UNIT ( ) NAMED_UNIT ( * ) SI_UNIT ( .MILLI., .METRE. ) );
#2075 = ORIENTED_EDGE ( 'NONE', *, *, #249, .F. ) ;
#2076 =( LENGTH_UNIT ( ) NAMED_UNIT ( * ) SI_UNIT ( .MILLI., .METRE. ) );
#2077 = EDGE_LOOP ( 'NONE', ( #60, #6299, #2591, #4403 ) ) ;
#2078 = DIRECTION ( 'NONE',  ( -0.000000000000000000, -1.000000000000000000, -0.000000000000000000 ) ) ;
#2079 = ORIENTED_EDGE ( 'NONE', *, *, #2660, .T. ) ;
#2080 = ADVANCED_FACE ( 'NONE', ( #5382 ), #2976, .F. ) ;
#2081 = PLANE ( 'NONE',  #2000 ) ;
#2082 = CARTESIAN_POINT ( 'NONE',  ( 0.04284561195346137108, 20.39999999999999503, 1.739249664260487993 ) ) ;
#2083 = ORIENTED_EDGE ( 'NONE', *, *, #5351, .T. ) ;
#2084 = PLANE ( 'NONE',  #5832 ) ;
#2085 = CARTESIAN_POINT ( 'NONE',  ( 0.8281275512461080401, 20.19999999999999574, 2.209291648037360112 ) ) ;
#2086 = CYLINDRICAL_SURFACE ( 'NONE', #6678, 1.800000000000001155 ) ;
#2087 = CARTESIAN_POINT ( 'NONE',  ( 12.80000000000000249, 1.000000000000000888, -4.549999999999998934 ) ) ;
#2088 = PRODUCT_CONTEXT ( 'NONE', #2845, 'mechanical' ) ;
#2089 = UNCERTAINTY_MEASURE_WITH_UNIT (LENGTH_MEASURE( 1.000000000000000082E-05 ), #6944, 'distance_accuracy_value', 'NONE');
#2090 = ADVANCED_FACE ( 'NONE', ( #1411 ), #4246, .T. ) ;
#2091 = EDGE_CURVE ( 'NONE', #1641, #5416, #1631, .T. ) ;
#2092 = DIRECTION ( 'NONE',  ( -0.000000000000000000, 1.000000000000000000, 0.000000000000000000 ) ) ;
#2093 = EDGE_CURVE ( 'NONE', #5339, #3571, #6989, .T. ) ;
#2094 =( GEOMETRIC_REPRESENTATION_CONTEXT ( 3 ) GLOBAL_UNCERTAINTY_ASSIGNED_CONTEXT ( ( #7123 ) ) GLOBAL_UNIT_ASSIGNED_CONTEXT ( ( #5205, #693, #4597 ) ) REPRESENTATION_CONTEXT ( 'NONE', 'WORKASPACE' ) );
#2095 =( NAMED_UNIT ( * ) PLANE_ANGLE_UNIT ( ) SI_UNIT ( $, .RADIAN. ) );
#2096 = DIRECTION ( 'NONE',  ( -1.000000000000000000, 0.000000000000000000, 3.540251991789400432E-16 ) ) ;
#2097 = CARTESIAN_POINT ( 'NONE',  ( 1.300000000000002487, 0.5000000000000003331, 13.80000000000000071 ) ) ;
#2098 = CONICAL_SURFACE ( 'NONE', #3256, 0.7999999999985900612, 0.1745329251884007449 ) ;
#2099 = FILL_AREA_STYLE ('',( #4968 ) ) ;
#2100 = MECHANICAL_DESIGN_GEOMETRIC_PRESENTATION_REPRESENTATION (  '', ( #3022 ), #1143 ) ;
#2101 = FACE_OUTER_BOUND ( 'NONE', #3232, .T. ) ;
#2102 =( NAMED_UNIT ( * ) PLANE_ANGLE_UNIT ( ) SI_UNIT ( $, .RADIAN. ) );
#2103 = PRESENTATION_LAYER_ASSIGNMENT (  '', '', ( #4470 ) ) ;
#2104 = EDGE_LOOP ( 'NONE', ( #6432, #4458 ) ) ;
#2105 =( GEOMETRIC_REPRESENTATION_CONTEXT ( 3 ) GLOBAL_UNCERTAINTY_ASSIGNED_CONTEXT ( ( #4996 ) ) GLOBAL_UNIT_ASSIGNED_CONTEXT ( ( #5300, #3127, #1989 ) ) REPRESENTATION_CONTEXT ( 'NONE', 'WORKASPACE' ) );
#2106 = LINE ( 'NONE', #4895, #6959 ) ;
#2107 = CARTESIAN_POINT ( 'NONE',  ( -11.35000000000000320, 0.4999999999999996669, 12.59160797830996259 ) ) ;
#2108 = CIRCLE ( 'NONE', #81, 1.101964908660714837 ) ;
#2109 = EDGE_LOOP ( 'NONE', ( #2852, #719, #729, #2779 ) ) ;
#2110 = CARTESIAN_POINT ( 'NONE',  ( 0.3400000000000032996, 20.25490381056766864, 1.852938901906950653 ) ) ;
#2111 = FILL_AREA_STYLE_COLOUR ( '', #4517 ) ;
#2112 = CARTESIAN_POINT ( 'NONE',  ( -11.60000000000000497, 1.000000000000000888, -4.999999999999997335 ) ) ;
#2113 = ORIENTED_EDGE ( 'NONE', *, *, #2569, .T. ) ;
#2114 = MECHANICAL_DESIGN_GEOMETRIC_PRESENTATION_REPRESENTATION (  '', ( #794 ), #5925 ) ;
#2115 = AXIS2_PLACEMENT_3D ( 'NONE', #3782, #1567, #3819 ) ;
#2116 = DIRECTION ( 'NONE',  ( 0.000000000000000000, 0.000000000000000000, -1.000000000000000000 ) ) ;
#2117 = LINE ( 'NONE', #6691, #1341 ) ;
#2118 = ORIENTED_EDGE ( 'NONE', *, *, #2480, .F. ) ;
#2119 = ORIENTED_EDGE ( 'NONE', *, *, #41, .T. ) ;
#2120 = EDGE_CURVE ( 'NONE', #6647, #3838, #5564, .T. ) ;
#2121 = CARTESIAN_POINT ( 'NONE',  ( -9.150000000000002132, 1.000000000000000888, 15.00000000000000000 ) ) ;
#2122 = SURFACE_STYLE_USAGE ( .BOTH. , #1112 ) ;
#2123 = UNCERTAINTY_MEASURE_WITH_UNIT (LENGTH_MEASURE( 1.000000000000000082E-05 ), #5181, 'distance_accuracy_value', 'NONE');
#2124 = FILL_AREA_STYLE ('',( #6562 ) ) ;
#2125 = APPLICATION_PROTOCOL_DEFINITION ( 'draft international standard', 'automotive_design', 1998, #7360 ) ;
#2126 = SURFACE_STYLE_USAGE ( .BOTH. , #3169 ) ;
#2127 = FILL_AREA_STYLE ('',( #6598 ) ) ;
#2128 = SURFACE_STYLE_USAGE ( .BOTH. , #4998 ) ;
#2129 = ADVANCED_FACE ( 'NONE', ( #6424 ), #3519, .F. ) ;
#2130 = CARTESIAN_POINT ( 'NONE',  ( 6.599999999999997868, 0.5000000000000000000, -13.29999999999999893 ) ) ;
#2131 = CYLINDRICAL_SURFACE ( 'NONE', #24, 1.800000000000001155 ) ;
#2132 = SURFACE_SIDE_STYLE ('',( #4318 ) ) ;
#2133 = CARTESIAN_POINT ( 'NONE',  ( -10.05000000000000426, 1.000000000000000888, 15.00000000000000000 ) ) ;
#2134 =( NAMED_UNIT ( * ) SI_UNIT ( $, .STERADIAN. ) SOLID_ANGLE_UNIT ( ) );
#2135 = DIRECTION ( 'NONE',  ( -0.000000000000000000, -1.000000000000000000, -0.000000000000000000 ) ) ;
#2136 = ORIENTED_EDGE ( 'NONE', *, *, #2965, .F. ) ;
#2137 = EDGE_CURVE ( 'NONE', #2498, #3391, #2449, .T. ) ;
#2138 = CARTESIAN_POINT ( 'NONE',  ( 6.599999999999997868, 0.5000000000000000000, -13.29999999999999893 ) ) ;
#2139 =( BOUNDED_CURVE ( )  B_SPLINE_CURVE ( 3, ( #5561, #459, #3887, #3742 ),
 .UNSPECIFIED., .F., .T. ) 
 B_SPLINE_CURVE_WITH_KNOTS ( ( 4, 4 ),
 ( 1.570796326794892339, 3.141592653589793116 ),
 .UNSPECIFIED. ) 
 CURVE ( )  GEOMETRIC_REPRESENTATION_ITEM ( )  RATIONAL_B_SPLINE_CURVE ( ( 1.000000000000000000, 0.8047378541243640493, 0.8047378541243640493, 1.000000000000000000 ) ) 
 REPRESENTATION_ITEM ( '' )  );
#2140 =( NAMED_UNIT ( * ) PLANE_ANGLE_UNIT ( ) SI_UNIT ( $, .RADIAN. ) );
#2141 = EDGE_LOOP ( 'NONE', ( #6919, #1101, #1373, #1622 ) ) ;
#2142 = CIRCLE ( 'NONE', #3783, 0.2999999999999999334 ) ;
#2143 = CARTESIAN_POINT ( 'NONE',  ( -10.35000000000000142, 0.5000000000000000000, 12.00000000000000000 ) ) ;
#2144 = ORIENTED_EDGE ( 'NONE', *, *, #75, .T. ) ;
#2145 = DIRECTION ( 'NONE',  ( 0.000000000000000000, 0.000000000000000000, 1.000000000000000000 ) ) ;
#2146 = AXIS2_PLACEMENT_3D ( 'NONE', #1920, #2585, #4212 ) ;
#2147 = EDGE_LOOP ( 'NONE', ( #4947, #4116, #88, #5761, #697, #1578, #474, #3987, #3934 ) ) ;
#2148 = CARTESIAN_POINT ( 'NONE',  ( 12.20000000000000284, 20.39999999999999858, -4.850000000000000533 ) ) ;
#2149 = COLOUR_RGB ( '',0.000000000000000000, 0.000000000000000000, 1.000000000000000000 ) ;
#2150 = FACE_OUTER_BOUND ( 'NONE', #1200, .T. ) ;
#2151 = DIRECTION ( 'NONE',  ( 0.000000000000000000, 1.000000000000000000, 0.000000000000000000 ) ) ;
#2152 = ORIENTED_EDGE ( 'NONE', *, *, #3780, .F. ) ;
#2153 = CARTESIAN_POINT ( 'NONE',  ( 12.80000000000000249, 1.000000000000000888, -14.70000000000000107 ) ) ;
#2154 = VECTOR ( 'NONE', #1012, 1000.000000000000000 ) ;
#2155 = UNCERTAINTY_MEASURE_WITH_UNIT (LENGTH_MEASURE( 1.000000000000000082E-05 ), #2642, 'distance_accuracy_value', 'NONE');
#2156 = VECTOR ( 'NONE', #288, 1000.000000000000000 ) ;
#2157 = SURFACE_STYLE_FILL_AREA ( #2682 ) ;
#2158 = SURFACE_STYLE_FILL_AREA ( #3925 ) ;
#2159 = PRESENTATION_LAYER_ASSIGNMENT (  '', '', ( #3688 ) ) ;
#2160 = CARTESIAN_POINT ( 'NONE',  ( -12.80000000000000249, 1.000000000000000888, 0.7500000000000006661 ) ) ;
#2161 = CARTESIAN_POINT ( 'NONE',  ( 0.000000000000000000, 1.500000000000000000, -15.00000000000000000 ) ) ;
#2162 = DIRECTION ( 'NONE',  ( 1.217349807703022609E-16, 0.000000000000000000, -1.000000000000000000 ) ) ;
#2163 = AXIS2_PLACEMENT_3D ( 'NONE', #4858, #3091, #5352 ) ;
#2164 = ADVANCED_FACE ( 'NONE', ( #1905 ), #1354, .T. ) ;
#2165 =( GEOMETRIC_REPRESENTATION_CONTEXT ( 3 ) GLOBAL_UNCERTAINTY_ASSIGNED_CONTEXT ( ( #327 ) ) GLOBAL_UNIT_ASSIGNED_CONTEXT ( ( #724, #6946, #6646 ) ) REPRESENTATION_CONTEXT ( 'NONE', 'WORKASPACE' ) );
#2166 = DIRECTION ( 'NONE',  ( 0.000000000000000000, 0.000000000000000000, 1.000000000000000000 ) ) ;
#2167 = ORIENTED_EDGE ( 'NONE', *, *, #1371, .T. ) ;
#2168 = DIRECTION ( 'NONE',  ( 0.000000000000000000, 0.000000000000000000, 1.000000000000000000 ) ) ;
#2169 = LINE ( 'NONE', #985, #57 ) ;
#2170 = FILL_AREA_STYLE_COLOUR ( '', #2772 ) ;
#2171 = LINE ( 'NONE', #512, #4936 ) ;
#2172 =( NAMED_UNIT ( * ) PLANE_ANGLE_UNIT ( ) SI_UNIT ( $, .RADIAN. ) );
#2173 = ORIENTED_EDGE ( 'NONE', *, *, #1206, .F. ) ;
#2174 = EDGE_CURVE ( 'NONE', #3276, #744, #2922, .T. ) ;
#2175 = LINE ( 'NONE', #5580, #1303 ) ;
#2176 = VERTEX_POINT ( 'NONE', #1939 ) ;
#2177 = DIRECTION ( 'NONE',  ( 0.000000000000000000, 0.000000000000000000, -1.000000000000000000 ) ) ;
#2178 = DIRECTION ( 'NONE',  ( 0.000000000000000000, 0.000000000000000000, -1.000000000000000000 ) ) ;
#2179 = DIRECTION ( 'NONE',  ( -2.077513144882404736E-16, 0.000000000000000000, 1.000000000000000000 ) ) ;
#2180 = DIRECTION ( 'NONE',  ( 2.126576849677192310E-17, 0.9848077530107477440, -0.1736481776752119843 ) ) ;
#2181 =( NAMED_UNIT ( * ) SI_UNIT ( $, .STERADIAN. ) SOLID_ANGLE_UNIT ( ) );
#2182 = EDGE_LOOP ( 'NONE', ( #1519, #3685, #6414, #6265 ) ) ;
#2183 = SURFACE_STYLE_FILL_AREA ( #5479 ) ;
#2184 = UNCERTAINTY_MEASURE_WITH_UNIT (LENGTH_MEASURE( 1.000000000000000082E-05 ), #6676, 'distance_accuracy_value', 'NONE');
#2185 =( NAMED_UNIT ( * ) SI_UNIT ( $, .STERADIAN. ) SOLID_ANGLE_UNIT ( ) );
#2186 =( NAMED_UNIT ( * ) SI_UNIT ( $, .STERADIAN. ) SOLID_ANGLE_UNIT ( ) );
#2187 = APPLICATION_PROTOCOL_DEFINITION ( 'draft international standard', 'automotive_design', 1998, #3487 ) ;
#2188 = DIRECTION ( 'NONE',  ( 0.000000000000000000, -1.000000000000000000, 0.000000000000000000 ) ) ;
#2189 = CARTESIAN_POINT ( 'NONE',  ( 5.678679656440361434, 20.29999999999999716, -14.50000000000000000 ) ) ;
#2190 = DIRECTION ( 'NONE',  ( 0.000000000000000000, -1.000000000000000000, 0.000000000000000000 ) ) ;
#2191 = SURFACE_STYLE_USAGE ( .BOTH. , #4505 ) ;
#2192 = VECTOR ( 'NONE', #3405, 1000.000000000000000 ) ;
#2193 = DIRECTION ( 'NONE',  ( -0.000000000000000000, -1.000000000000000000, -0.000000000000000000 ) ) ;
#2194 = CARTESIAN_POINT ( 'NONE',  ( -12.80000000000000426, 1.000000000000000888, -14.69999999999999929 ) ) ;
#2195 = ORIENTED_EDGE ( 'NONE', *, *, #1894, .T. ) ;
#2196 =( NAMED_UNIT ( * ) PLANE_ANGLE_UNIT ( ) SI_UNIT ( $, .RADIAN. ) );
#2197 =( GEOMETRIC_REPRESENTATION_CONTEXT ( 3 ) GLOBAL_UNCERTAINTY_ASSIGNED_CONTEXT ( ( #2678 ) ) GLOBAL_UNIT_ASSIGNED_CONTEXT ( ( #3668, #6844, #1280 ) ) REPRESENTATION_CONTEXT ( 'NONE', 'WORKASPACE' ) );
#2198 = DIRECTION ( 'NONE',  ( -1.000000000000000000, 0.000000000000000000, 2.655188993842048968E-16 ) ) ;
#2199 = PRESENTATION_LAYER_ASSIGNMENT (  '', '', ( #5423 ) ) ;
#2200 = ADVANCED_FACE ( 'NONE', ( #2962 ), #4687, .F. ) ;
#2201 = FACE_OUTER_BOUND ( 'NONE', #6509, .T. ) ;
#2202 =( NAMED_UNIT ( * ) PLANE_ANGLE_UNIT ( ) SI_UNIT ( $, .RADIAN. ) );
#2203 = VERTEX_POINT ( 'NONE', #3784 ) ;
#2204 = AXIS2_PLACEMENT_3D ( 'NONE', #2398, #696, #3425 ) ;
#2205 = PRESENTATION_LAYER_ASSIGNMENT (  '', '', ( #4826 ) ) ;
#2206 = FILL_AREA_STYLE_COLOUR ( '', #1808 ) ;
#2207 = ORIENTED_EDGE ( 'NONE', *, *, #3341, .T. ) ;
#2208 = CARTESIAN_POINT ( 'NONE',  ( 0.3400000000000035771, 20.19999999999999929, 3.742157287525381903 ) ) ;
#2209 = PRESENTATION_STYLE_ASSIGNMENT (( #7267 ) ) ;
#2210 = EDGE_CURVE ( 'NONE', #3402, #1968, #297, .T. ) ;
#2211 = EDGE_LOOP ( 'NONE', ( #3531, #5619, #4931, #6934 ) ) ;
#2212 = EDGE_CURVE ( 'NONE', #5069, #6457, #4274, .T. ) ;
#2213 = SURFACE_SIDE_STYLE ('',( #1039 ) ) ;
#2214 =( GEOMETRIC_REPRESENTATION_CONTEXT ( 3 ) GLOBAL_UNCERTAINTY_ASSIGNED_CONTEXT ( ( #892 ) ) GLOBAL_UNIT_ASSIGNED_CONTEXT ( ( #2041, #5433, #962 ) ) REPRESENTATION_CONTEXT ( 'NONE', 'WORKASPACE' ) );
#2215 = AXIS2_PLACEMENT_3D ( 'NONE', #4649, #820, #1874 ) ;
#2216 = FACE_OUTER_BOUND ( 'NONE', #5975, .T. ) ;
#2217 = SURFACE_STYLE_FILL_AREA ( #162 ) ;
#2218 = STYLED_ITEM ( 'NONE', ( #674 ), #2338 ) ;
#2219 = VERTEX_POINT ( 'NONE', #6530 ) ;
#2220 = PRESENTATION_STYLE_ASSIGNMENT (( #412 ) ) ;
#2221 = EDGE_CURVE ( 'NONE', #3174, #7069, #427, .T. ) ;
#2222 = ORIENTED_EDGE ( 'NONE', *, *, #1637, .T. ) ;
#2223 = CARTESIAN_POINT ( 'NONE',  ( -11.35000000000000320, 0.5000000000000002220, 2.050000000000001599 ) ) ;
#2224 = PRESENTATION_STYLE_ASSIGNMENT (( #6196 ) ) ;
#2225 = MECHANICAL_DESIGN_GEOMETRIC_PRESENTATION_REPRESENTATION (  '', ( #6751 ), #1523 ) ;
#2226 = FACE_OUTER_BOUND ( 'NONE', #3350, .T. ) ;
#2227 = CARTESIAN_POINT ( 'NONE',  ( -11.60000000000000320, 0.5000000000000000000, -4.999999999999998224 ) ) ;
#2228 = STYLED_ITEM ( 'NONE', ( #4723 ), #3164 ) ;
#2229 = DIRECTION ( 'NONE',  ( 0.000000000000000000, 0.000000000000000000, 1.000000000000000000 ) ) ;
#2230 =( NAMED_UNIT ( * ) SI_UNIT ( $, .STERADIAN. ) SOLID_ANGLE_UNIT ( ) );
#2231 = LINE ( 'NONE', #2860, #6328 ) ;
#2232 = SURFACE_SIDE_STYLE ('',( #2894 ) ) ;
#2233 = SURFACE_SIDE_STYLE ('',( #7378 ) ) ;
#2234 = DIRECTION ( 'NONE',  ( 0.000000000000000000, 0.000000000000000000, -1.000000000000000000 ) ) ;
#2235 = VERTEX_POINT ( 'NONE', #1018 ) ;
#2236 = CARTESIAN_POINT ( 'NONE',  ( -12.80000000000000426, 0.5000000000000000000, -11.40839202169004096 ) ) ;
#2237 = FILL_AREA_STYLE_COLOUR ( '', #2643 ) ;
#2238 = EDGE_LOOP ( 'NONE', ( #692, #4291, #508, #3694 ) ) ;
#2239 = ADVANCED_FACE ( 'NONE', ( #2524 ), #4592, .T. ) ;
#2240 = PRESENTATION_STYLE_ASSIGNMENT (( #2870 ) ) ;
#2241 = ORIENTED_EDGE ( 'NONE', *, *, #463, .T. ) ;
#2242 = SURFACE_STYLE_FILL_AREA ( #2804 ) ;
#2243 = DIRECTION ( 'NONE',  ( -0.000000000000000000, 1.000000000000000000, -0.000000000000000000 ) ) ;
#2244 = DIRECTION ( 'NONE',  ( 0.000000000000000000, 0.000000000000000000, -1.000000000000000000 ) ) ;
#2245 = EDGE_CURVE ( 'NONE', #1128, #3358, #3665, .T. ) ;
#2246 = ORIENTED_EDGE ( 'NONE', *, *, #999, .T. ) ;
#2247 =( NAMED_UNIT ( * ) SI_UNIT ( $, .STERADIAN. ) SOLID_ANGLE_UNIT ( ) );
#2248 = UNCERTAINTY_MEASURE_WITH_UNIT (LENGTH_MEASURE( 1.000000000000000082E-05 ), #6110, 'distance_accuracy_value', 'NONE');
#2249 = CARTESIAN_POINT ( 'NONE',  ( -12.50000000000000355, 1.000000000000000888, -14.69999999999999929 ) ) ;
#2250 = EDGE_CURVE ( 'NONE', #6949, #640, #899, .T. ) ;
#2251 = VECTOR ( 'NONE', #1428, 1000.000000000000000 ) ;
#2252 = CARTESIAN_POINT ( 'NONE',  ( 0.000000000000000000, 20.29999999999999716, 0.000000000000000000 ) ) ;
#2253 = LINE ( 'NONE', #3331, #17 ) ;
#2254 =( GEOMETRIC_REPRESENTATION_CONTEXT ( 3 ) GLOBAL_UNCERTAINTY_ASSIGNED_CONTEXT ( ( #5965 ) ) GLOBAL_UNIT_ASSIGNED_CONTEXT ( ( #4804, #6532, #4405 ) ) REPRESENTATION_CONTEXT ( 'NONE', 'WORKASPACE' ) );
#2255 =( NAMED_UNIT ( * ) PLANE_ANGLE_UNIT ( ) SI_UNIT ( $, .RADIAN. ) );
#2256 =( NAMED_UNIT ( * ) PLANE_ANGLE_UNIT ( ) SI_UNIT ( $, .RADIAN. ) );
#2257 =( LENGTH_UNIT ( ) NAMED_UNIT ( * ) SI_UNIT ( .MILLI., .METRE. ) );
#2258 = COLOUR_RGB ( '',0.000000000000000000, 0.000000000000000000, 1.000000000000000000 ) ;
#2259 =( LENGTH_UNIT ( ) NAMED_UNIT ( * ) SI_UNIT ( .MILLI., .METRE. ) );
#2260 = SURFACE_STYLE_FILL_AREA ( #1651 ) ;
#2261 = ADVANCED_FACE ( 'NONE', ( #2607 ), #4884, .T. ) ;
#2262 = LINE ( 'NONE', #4607, #532 ) ;
#2263 = DIRECTION ( 'NONE',  ( 0.000000000000000000, 1.000000000000000000, 0.000000000000000000 ) ) ;
#2264 = DIRECTION ( 'NONE',  ( 0.000000000000000000, 1.000000000000000000, 0.000000000000000000 ) ) ;
#2265 = VERTEX_POINT ( 'NONE', #4430 ) ;
#2266 = DIRECTION ( 'NONE',  ( 0.000000000000000000, 0.000000000000000000, -1.000000000000000000 ) ) ;
#2267 = ORIENTED_EDGE ( 'NONE', *, *, #6638, .F. ) ;
#2268 = COLOUR_RGB ( '',0.000000000000000000, 0.000000000000000000, 1.000000000000000000 ) ;
#2269 = ORIENTED_EDGE ( 'NONE', *, *, #5499, .T. ) ;
#2270 =( LENGTH_UNIT ( ) NAMED_UNIT ( * ) SI_UNIT ( .MILLI., .METRE. ) );
#2271 = CARTESIAN_POINT ( 'NONE',  ( -0.4999999999999972800, -8.662741699796955075, 12.00000000000000000 ) ) ;
#2272 = DIRECTION ( 'NONE',  ( -1.000000000000000000, -0.000000000000000000, -0.000000000000000000 ) ) ;
#2273 = SURFACE_STYLE_FILL_AREA ( #5765 ) ;
#2274 = PRESENTATION_LAYER_ASSIGNMENT (  '', '', ( #1224 ) ) ;
#2275 = ORIENTED_EDGE ( 'NONE', *, *, #3508, .T. ) ;
#2276 = ORIENTED_EDGE ( 'NONE', *, *, #6724, .T. ) ;
#2277 = SURFACE_SIDE_STYLE ('',( #1220 ) ) ;
#2278 = AXIS2_PLACEMENT_3D ( 'NONE', #2304, #6339, #1288 ) ;
#2279 = EDGE_CURVE ( 'NONE', #2933, #4807, #502, .T. ) ;
#2280 = AXIS2_PLACEMENT_3D ( 'NONE', #734, #771, #4177 ) ;
#2281 = VECTOR ( 'NONE', #1306, 1000.000000000000000 ) ;
#2282 = EDGE_LOOP ( 'NONE', ( #235, #4129, #5259, #2696 ) ) ;
#2283 = SURFACE_STYLE_FILL_AREA ( #4062 ) ;
#2284 =( NAMED_UNIT ( * ) SI_UNIT ( $, .STERADIAN. ) SOLID_ANGLE_UNIT ( ) );
#2285 = EDGE_CURVE ( 'NONE', #3656, #5083, #5109, .T. ) ;
#2286 =( NAMED_UNIT ( * ) SI_UNIT ( $, .STERADIAN. ) SOLID_ANGLE_UNIT ( ) );
#2287 = EDGE_CURVE ( 'NONE', #6475, #5538, #1649, .T. ) ;
#2288 =( LENGTH_UNIT ( ) NAMED_UNIT ( * ) SI_UNIT ( .MILLI., .METRE. ) );
#2289 = COLOUR_RGB ( '',0.000000000000000000, 0.000000000000000000, 1.000000000000000000 ) ;
#2290 = FILL_AREA_STYLE_COLOUR ( '', #6802 ) ;
#2292 = CARTESIAN_POINT ( 'NONE',  ( -9.150000000000002132, 1.000000000000000888, 11.30000000000000249 ) ) ;
#2291 = PRODUCT_DEFINITION_SHAPE ( 'NONE', 'NONE',  #1690 ) ;
#2293 = FILL_AREA_STYLE_COLOUR ( '', #878 ) ;
#2294 = DIRECTION ( 'NONE',  ( 0.000000000000000000, -0.000000000000000000, -1.000000000000000000 ) ) ;
#2295 = EDGE_LOOP ( 'NONE', ( #3634, #5617, #968, #7062 ) ) ;
#2296 = FILL_AREA_STYLE_COLOUR ( '', #5491 ) ;
#2297 = LINE ( 'NONE', #3373, #1252 ) ;
#2298 = AXIS2_PLACEMENT_3D ( 'NONE', #5829, #746, #7057 ) ;
#2299 = VERTEX_POINT ( 'NONE', #1760 ) ;
#2300 = AXIS2_PLACEMENT_3D ( 'NONE', #384, #6018, #2063 ) ;
#2301 = ORIENTED_EDGE ( 'NONE', *, *, #2212, .F. ) ;
#2302 = PRESENTATION_STYLE_ASSIGNMENT (( #6798 ) ) ;
#2303 = AXIS2_PLACEMENT_3D ( 'NONE', #6955, #7034, #2351 ) ;
#2304 = CARTESIAN_POINT ( 'NONE',  ( -12.50000000000000178, 1.500000000000000000, 0.4500000000000007327 ) ) ;
#2305 =( NAMED_UNIT ( * ) PLANE_ANGLE_UNIT ( ) SI_UNIT ( $, .RADIAN. ) );
#2306 = UNCERTAINTY_MEASURE_WITH_UNIT (LENGTH_MEASURE( 1.000000000000000082E-05 ), #5141, 'distance_accuracy_value', 'NONE');
#2307 = VECTOR ( 'NONE', #6848, 1000.000000000000000 ) ;
#2308 = AXIS2_PLACEMENT_3D ( 'NONE', #3309, #2243, #2702 ) ;
#2309 = MANIFOLD_SOLID_BREP ( 'Imported6', #2742 ) ;
#2310 = VERTEX_POINT ( 'NONE', #538 ) ;
#2311 = ORIENTED_EDGE ( 'NONE', *, *, #2463, .F. ) ;
#2312 = VECTOR ( 'NONE', #3994, 1000.000000000000000 ) ;
#2313 = CIRCLE ( 'NONE', #1154, 0.8000000000000003775 ) ;
#2314 = CARTESIAN_POINT ( 'NONE',  ( 0.000000000000000000, 0.5000000000000000000, 11.40839202169004096 ) ) ;
#2315 = EDGE_LOOP ( 'NONE', ( #5243, #2367, #5666, #6034 ) ) ;
#2316 = SURFACE_SIDE_STYLE ('',( #38 ) ) ;
#2317 = UNCERTAINTY_MEASURE_WITH_UNIT (LENGTH_MEASURE( 1.000000000000000082E-05 ), #5704, 'distance_accuracy_value', 'NONE');
#2318 = CYLINDRICAL_SURFACE ( 'NONE', #2697, 0.8000000000000012657 ) ;
#2319 = AXIS2_PLACEMENT_3D ( 'NONE', #1877, #1983, #5293 ) ;
#2320 = CARTESIAN_POINT ( 'NONE',  ( -12.50000000000000178, 1.500000000000000000, 0.7500000000000002220 ) ) ;
#2321 = PRESENTATION_LAYER_ASSIGNMENT (  '', '', ( #4095 ) ) ;
#2322 = VERTEX_POINT ( 'NONE', #6780 ) ;
#2323 = ADVANCED_FACE ( 'NONE', ( #4467 ), #3365, .F. ) ;
#2324 = CARTESIAN_POINT ( 'NONE',  ( 0.000000000000000000, 0.5000000000000000000, 0.000000000000000000 ) ) ;
#2325 =( NAMED_UNIT ( * ) SI_UNIT ( $, .STERADIAN. ) SOLID_ANGLE_UNIT ( ) );
#2326 = STYLED_ITEM ( 'NONE', ( #743 ), #3702 ) ;
#2327 = DIRECTION ( 'NONE',  ( -0.000000000000000000, 1.000000000000000000, 0.000000000000000000 ) ) ;
#2328 = DIRECTION ( 'NONE',  ( 0.000000000000000000, 0.000000000000000000, 1.000000000000000000 ) ) ;
#2329 = VECTOR ( 'NONE', #2193, 1000.000000000000000 ) ;
#2330 = EDGE_CURVE ( 'NONE', #7069, #6251, #7372, .T. ) ;
#2331 =( NAMED_UNIT ( * ) PLANE_ANGLE_UNIT ( ) SI_UNIT ( $, .RADIAN. ) );
#2332 = MECHANICAL_DESIGN_GEOMETRIC_PRESENTATION_REPRESENTATION (  '', ( #3996 ), #6524 ) ;
#2333 = ORIENTED_EDGE ( 'NONE', *, *, #304, .T. ) ;
#2334 = FILL_AREA_STYLE_COLOUR ( '', #6555 ) ;
#2335 = FILL_AREA_STYLE ('',( #4581 ) ) ;
#2336 = CARTESIAN_POINT ( 'NONE',  ( -9.150000000000002132, 0.5000000000000000000, 7.700000000000000178 ) ) ;
#2337 = VERTEX_POINT ( 'NONE', #3465 ) ;
#2338 = ADVANCED_FACE ( 'NONE', ( #1931 ), #4713, .T. ) ;
#2339 = EDGE_CURVE ( 'NONE', #5426, #6253, #5176, .T. ) ;
#2340 = EDGE_LOOP ( 'NONE', ( #5162, #2898, #3065, #6584 ) ) ;
#2341 = DIRECTION ( 'NONE',  ( 0.000000000000000000, 1.000000000000000000, 0.000000000000000000 ) ) ;
#2342 = CARTESIAN_POINT ( 'NONE',  ( 7.800000000000000711, 0.5000000000000000000, -4.249999999999998224 ) ) ;
#2343 = CARTESIAN_POINT ( 'NONE',  ( 12.50000000000000178, 1.000000000000000888, -4.249999999999999112 ) ) ;
#2344 = LINE ( 'NONE', #4082, #7031 ) ;
#2345 = SURFACE_SIDE_STYLE ('',( #2273 ) ) ;
#2346 = AXIS2_PLACEMENT_3D ( 'NONE', #2936, #4615, #6221 ) ;
#2347 = ORIENTED_EDGE ( 'NONE', *, *, #6347, .T. ) ;
#2348 =( LENGTH_UNIT ( ) NAMED_UNIT ( * ) SI_UNIT ( .MILLI., .METRE. ) );
#2349 = ORIENTED_EDGE ( 'NONE', *, *, #7147, .T. ) ;
#2350 = FILL_AREA_STYLE ('',( #3991 ) ) ;
#2351 = DIRECTION ( 'NONE',  ( 0.000000000000000000, 0.000000000000000000, -1.000000000000000000 ) ) ;
#2352 =( GEOMETRIC_REPRESENTATION_CONTEXT ( 3 ) GLOBAL_UNCERTAINTY_ASSIGNED_CONTEXT ( ( #4498 ) ) GLOBAL_UNIT_ASSIGNED_CONTEXT ( ( #774, #5325, #7043 ) ) REPRESENTATION_CONTEXT ( 'NONE', 'WORKASPACE' ) );
#2353 = ORIENTED_EDGE ( 'NONE', *, *, #4855, .F. ) ;
#2354 = CARTESIAN_POINT ( 'NONE',  ( 11.59999999999999964, 1.000000000000000888, -5.450000000000000178 ) ) ;
#2355 =( GEOMETRIC_REPRESENTATION_CONTEXT ( 3 ) GLOBAL_UNCERTAINTY_ASSIGNED_CONTEXT ( ( #4565 ) ) GLOBAL_UNIT_ASSIGNED_CONTEXT ( ( #372, #4948, #5516 ) ) REPRESENTATION_CONTEXT ( 'NONE', 'WORKASPACE' ) );
#2356 = ORIENTED_EDGE ( 'NONE', *, *, #4491, .T. ) ;
#2357 = DIRECTION ( 'NONE',  ( 0.000000000000000000, -0.000000000000000000, -1.000000000000000000 ) ) ;
#2358 = DIRECTION ( 'NONE',  ( -1.299418334065024133E-16, 0.000000000000000000, -1.000000000000000000 ) ) ;
#2359 = VECTOR ( 'NONE', #7390, 1000.000000000000000 ) ;
#2360 = DIRECTION ( 'NONE',  ( 0.000000000000000000, 0.000000000000000000, -1.000000000000000000 ) ) ;
#2361 = DIRECTION ( 'NONE',  ( -1.000000000000000000, -0.000000000000000000, -0.000000000000000000 ) ) ;
#2362 = CARTESIAN_POINT ( 'NONE',  ( 13.50000000000000000, 0.5000000000000003331, -16.00000000000000000 ) ) ;
#2363 = AXIS2_PLACEMENT_3D ( 'NONE', #574, #1606, #3962 ) ;
#2364 = VECTOR ( 'NONE', #6709, 1000.000000000000000 ) ;
#2365 = AXIS2_PLACEMENT_3D ( 'NONE', #5808, #691, #2940 ) ;
#2366 = ORIENTED_EDGE ( 'NONE', *, *, #2046, .T. ) ;
#2367 = ORIENTED_EDGE ( 'NONE', *, *, #6897, .T. ) ;
#2368 = MECHANICAL_DESIGN_GEOMETRIC_PRESENTATION_REPRESENTATION (  '', ( #1331 ), #5853 ) ;
#2369 = SURFACE_SIDE_STYLE ('',( #6370 ) ) ;
#2370 = CARTESIAN_POINT ( 'NONE',  ( -9.400000000000002132, -2.700000000118052412, -2.400000000008617462 ) ) ;
#2371 = EDGE_CURVE ( 'NONE', #670, #7017, #2892, .T. ) ;
#2372 = ORIENTED_EDGE ( 'NONE', *, *, #1681, .T. ) ;
#2373 = PRODUCT_DEFINITION_FORMATION_WITH_SPECIFIED_SOURCE ( 'ANY', '', #2829, .NOT_KNOWN. ) ;
#2374 = STYLED_ITEM ( 'NONE', ( #6461 ), #6817 ) ;
#2375 =( NAMED_UNIT ( * ) PLANE_ANGLE_UNIT ( ) SI_UNIT ( $, .RADIAN. ) );
#2376 = CARTESIAN_POINT ( 'NONE',  ( 0.000000000000000000, 18.39999999999999858, 0.000000000000000000 ) ) ;
#2377 = ORIENTED_EDGE ( 'NONE', *, *, #3064, .F. ) ;
#2378 = CARTESIAN_POINT ( 'NONE',  ( 12.50000000000000178, 0.5000000000000000000, -4.549999999999998934 ) ) ;
#2379 = CARTESIAN_POINT ( 'NONE',  ( -8.935786437626903833, 0.5000000000000000000, 12.00000000000000000 ) ) ;
#2380 = DIRECTION ( 'NONE',  ( -0.000000000000000000, 0.000000000000000000, 1.000000000000000000 ) ) ;
#2381 = CARTESIAN_POINT ( 'NONE',  ( 7.500000000000002665, 0.5000000000000000000, 14.69999999999999929 ) ) ;
#2382 = FILL_AREA_STYLE_COLOUR ( '', #6481 ) ;
#2383 = PRESENTATION_LAYER_ASSIGNMENT (  '', '', ( #4034 ) ) ;
#2384 =( LENGTH_UNIT ( ) NAMED_UNIT ( * ) SI_UNIT ( .MILLI., .METRE. ) );
#2385 = EDGE_CURVE ( 'NONE', #1671, #4326, #1505, .T. ) ;
#2386 = LINE ( 'NONE', #1845, #6115 ) ;
#2387 = ADVANCED_FACE ( 'NONE', ( #1866 ), #643, .T. ) ;
#2388 = ADVANCED_FACE ( 'NONE', ( #2952 ), #149, .T. ) ;
#2389 = PRESENTATION_LAYER_ASSIGNMENT (  '', '', ( #4424 ) ) ;
#2390 = EDGE_LOOP ( 'NONE', ( #2817, #5880, #2083, #6425 ) ) ;
#2391 = FILL_AREA_STYLE_COLOUR ( '', #5866 ) ;
#2392 = EDGE_LOOP ( 'NONE', ( #6393, #5274, #5627, #1715 ) ) ;
#2393 = DIRECTION ( 'NONE',  ( -0.000000000000000000, -1.000000000000000000, -0.000000000000000000 ) ) ;
#2394 = CARTESIAN_POINT ( 'NONE',  ( 12.50000000000000178, 1.500000000000000000, -4.249999999999999112 ) ) ;
#2395 = ORIENTED_EDGE ( 'NONE', *, *, #6951, .T. ) ;
#2396 = CARTESIAN_POINT ( 'NONE',  ( 0.3400000000000036882, 20.38169872981078612, 1.779733821150061956 ) ) ;
#2397 = UNCERTAINTY_MEASURE_WITH_UNIT (LENGTH_MEASURE( 1.000000000000000082E-05 ), #4512, 'distance_accuracy_value', 'NONE');
#2398 = CARTESIAN_POINT ( 'NONE',  ( -10.65000000000000391, 1.500000000000000000, 1.050000000000000044 ) ) ;
#2399 = MECHANICAL_DESIGN_GEOMETRIC_PRESENTATION_REPRESENTATION (  '', ( #5870 ), #6238 ) ;
#2400 = PLANE ( 'NONE',  #2280 ) ;
#2401 = ORIENTED_EDGE ( 'NONE', *, *, #987, .T. ) ;
#2402 = CARTESIAN_POINT ( 'NONE',  ( 8.200000000000001066, 20.29999999999999716, 15.69999999999999929 ) ) ;
#2403 = PRESENTATION_LAYER_ASSIGNMENT (  '', '', ( #5758 ) ) ;
#2404 = MANIFOLD_SOLID_BREP ( 'Imported4', #3546 ) ;
#2405 =( LENGTH_UNIT ( ) NAMED_UNIT ( * ) SI_UNIT ( .MILLI., .METRE. ) );
#2406 = CARTESIAN_POINT ( 'NONE',  ( -12.80000000000000426, 1.000000000000000888, -15.00000000000000000 ) ) ;
#2407 = CARTESIAN_POINT ( 'NONE',  ( 0.000000000000000000, 20.29999999999999716, -4.749999999999999112 ) ) ;
#2408 = COLOUR_RGB ( '',0.2509803921568627416, 0.2509803921568627416, 0.2509803921568627416 ) ;
#2409 = MECHANICAL_DESIGN_GEOMETRIC_PRESENTATION_REPRESENTATION (  '', ( #2995 ), #7076 ) ;
#2410 = DIRECTION ( 'NONE',  ( 0.000000000000000000, 0.000000000000000000, -1.000000000000000000 ) ) ;
#2411 = ORIENTED_EDGE ( 'NONE', *, *, #4231, .T. ) ;
#2412 = SURFACE_SIDE_STYLE ('',( #1730 ) ) ;
#2413 = DIRECTION ( 'NONE',  ( 0.000000000000000000, 0.000000000000000000, -1.000000000000000000 ) ) ;
#2414 = PRESENTATION_STYLE_ASSIGNMENT (( #4611 ) ) ;
#2415 = ORIENTED_EDGE ( 'NONE', *, *, #5118, .T. ) ;
#2416 = MECHANICAL_DESIGN_GEOMETRIC_PRESENTATION_REPRESENTATION (  '', ( #2893 ), #4683 ) ;
#2417 = PRODUCT_DEFINITION_SHAPE ( 'NONE', 'NONE',  #7392 ) ;
#2418 = SURFACE_SIDE_STYLE ('',( #6336 ) ) ;
#2419 = ORIENTED_EDGE ( 'NONE', *, *, #6601, .T. ) ;
#2420 = CARTESIAN_POINT ( 'NONE',  ( 8.400000000000000355, 1.000000000000000888, -5.699999999999998401 ) ) ;
#2421 = EDGE_CURVE ( 'NONE', #2868, #4051, #6733, .T. ) ;
#2422 = CARTESIAN_POINT ( 'NONE',  ( 11.59999999999999964, 0.5000000000000004441, -5.449999999999999289 ) ) ;
#2423 = CARTESIAN_POINT ( 'NONE',  ( -12.20000000000000284, 20.39999999999999858, 0.1499999999999998002 ) ) ;
#2424 = COLOUR_RGB ( '',0.7921568627450980005, 0.8196078431372548767, 0.9333333333333333481 ) ;
#2425 = DIRECTION ( 'NONE',  ( -4.505775262277420368E-17, 0.000000000000000000, 1.000000000000000000 ) ) ;
#2426 = PRESENTATION_LAYER_ASSIGNMENT (  '', '', ( #2900 ) ) ;
#2427 = DIRECTION ( 'NONE',  ( -1.000000000000000000, -0.000000000000000000, 0.000000000000000000 ) ) ;
#2428 = EDGE_LOOP ( 'NONE', ( #4892, #5193, #3794, #604 ) ) ;
#2429 = FILL_AREA_STYLE_COLOUR ( '', #2268 ) ;
#2430 = ADVANCED_FACE ( 'NONE', ( #4954 ), #7204, .F. ) ;
#2431 = ORIENTED_EDGE ( 'NONE', *, *, #6357, .T. ) ;
#2432 = SURFACE_STYLE_FILL_AREA ( #4785 ) ;
#2433 = ORIENTED_EDGE ( 'NONE', *, *, #5055, .F. ) ;
#2434 = AXIS2_PLACEMENT_3D ( 'NONE', #4887, #865, #4392 ) ;
#2435 = SURFACE_SIDE_STYLE ('',( #71 ) ) ;
#2436 = CARTESIAN_POINT ( 'NONE',  ( 7.500000000000001776, 1.000000000000000444, -3.949999999999998845 ) ) ;
#2437 = ORIENTED_EDGE ( 'NONE', *, *, #1249, .F. ) ;
#2438 = MECHANICAL_DESIGN_GEOMETRIC_PRESENTATION_REPRESENTATION (  '', ( #5432 ), #2105 ) ;
#2439 = DIRECTION ( 'NONE',  ( 0.000000000000000000, 0.000000000000000000, 1.000000000000000000 ) ) ;
#2440 = LINE ( 'NONE', #2989, #6300 ) ;
#2441 = FILL_AREA_STYLE ('',( #5857 ) ) ;
#2442 = DIRECTION ( 'NONE',  ( -1.000000000000000000, 0.000000000000000000, -0.000000000000000000 ) ) ;
#2443 = SURFACE_SIDE_STYLE ('',( #5964 ) ) ;
#2444 = STYLED_ITEM ( 'NONE', ( #7151 ), #2720 ) ;
#2445 =( NAMED_UNIT ( * ) PLANE_ANGLE_UNIT ( ) SI_UNIT ( $, .RADIAN. ) );
#2446 = STYLED_ITEM ( 'NONE', ( #1956 ), #2080 ) ;
#2447 = PRODUCT_RELATED_PRODUCT_CATEGORY ( 'part', '', ( #2829 ) ) ;
#2448 = AXIS2_PLACEMENT_3D ( 'NONE', #5788, #4684, #5753 ) ;
#2449 = LINE ( 'NONE', #119, #7235 ) ;
#2450 = FILL_AREA_STYLE_COLOUR ( '', #4691 ) ;
#2451 = DIRECTION ( 'NONE',  ( 0.000000000000000000, 0.000000000000000000, 1.000000000000000000 ) ) ;
#2452 = ORIENTED_EDGE ( 'NONE', *, *, #3216, .T. ) ;
#2453 = AXIS2_PLACEMENT_3D ( 'NONE', #939, #7090, #3192 ) ;
#2454 = AXIS2_PLACEMENT_3D ( 'NONE', #1427, #1497, #2679 ) ;
#2455 = SURFACE_SIDE_STYLE ('',( #6937 ) ) ;
#2456 = FILL_AREA_STYLE ('',( #6456 ) ) ;
#2457 = ORIENTED_EDGE ( 'NONE', *, *, #4767, .T. ) ;
#2458 = FACE_OUTER_BOUND ( 'NONE', #4056, .T. ) ;
#2459 = CARTESIAN_POINT ( 'NONE',  ( -5.600000000000000533, -8.662741699796955075, 9.500000000000001776 ) ) ;
#2460 = CARTESIAN_POINT ( 'NONE',  ( 4.599999999999997868, -3.199999999992542143, 9.188163490343018935 ) ) ;
#2461 = CARTESIAN_POINT ( 'NONE',  ( 6.299999999999999822, 0.5000000000000004441, 13.80000000000000071 ) ) ;
#2462 = DIRECTION ( 'NONE',  ( -0.000000000000000000, 1.000000000000000000, 0.000000000000000000 ) ) ;
#2463 = EDGE_CURVE ( 'NONE', #6045, #640, #7358, .T. ) ;
#2464 = ORIENTED_EDGE ( 'NONE', *, *, #2914, .T. ) ;
#2465 = CARTESIAN_POINT ( 'NONE',  ( 13.80000000000000071, 0.5000000000000004441, -3.249999999999999556 ) ) ;
#2466 = VERTEX_POINT ( 'NONE', #2087 ) ;
#2467 = DIRECTION ( 'NONE',  ( -0.000000000000000000, -1.000000000000000000, -0.000000000000000000 ) ) ;
#2468 = ORIENTED_EDGE ( 'NONE', *, *, #1215, .T. ) ;
#2469 = PRESENTATION_STYLE_ASSIGNMENT (( #5349 ) ) ;
#2470 = UNCERTAINTY_MEASURE_WITH_UNIT (LENGTH_MEASURE( 1.000000000000000082E-05 ), #1571, 'distance_accuracy_value', 'NONE');
#2471 = LINE ( 'NONE', #6996, #6859 ) ;
#2472 = EDGE_CURVE ( 'NONE', #3712, #3358, #4832, .T. ) ;
#2473 = ORIENTED_EDGE ( 'NONE', *, *, #4612, .T. ) ;
#2474 = SURFACE_STYLE_USAGE ( .BOTH. , #5324 ) ;
#2475 =( GEOMETRIC_REPRESENTATION_CONTEXT ( 3 ) GLOBAL_UNCERTAINTY_ASSIGNED_CONTEXT ( ( #461 ) ) GLOBAL_UNIT_ASSIGNED_CONTEXT ( ( #1134, #1772, #6335 ) ) REPRESENTATION_CONTEXT ( 'NONE', 'WORKASPACE' ) );
#2476 = FACE_OUTER_BOUND ( 'NONE', #3692, .T. ) ;
#2477 = CARTESIAN_POINT ( 'NONE',  ( 8.500000000000000000, 0.5000000000000002220, 15.69999999999999929 ) ) ;
#2478 = DIRECTION ( 'NONE',  ( 1.000000000000000000, 0.000000000000000000, 0.000000000000000000 ) ) ;
#2479 = DIRECTION ( 'NONE',  ( 0.000000000000000000, 0.000000000000000000, 1.000000000000000000 ) ) ;
#2480 = EDGE_CURVE ( 'NONE', #1616, #4807, #6165, .T. ) ;
#2481 = CARTESIAN_POINT ( 'NONE',  ( 6.599999999999997868, 40.93805269026350402, -13.79999999999999716 ) ) ;
#2482 = AXIS2_PLACEMENT_3D ( 'NONE', #3098, #3532, #5427 ) ;
#2483 =( NAMED_UNIT ( * ) PLANE_ANGLE_UNIT ( ) SI_UNIT ( $, .RADIAN. ) );
#2484 =( LENGTH_UNIT ( ) NAMED_UNIT ( * ) SI_UNIT ( .MILLI., .METRE. ) );
#2485 =( NAMED_UNIT ( * ) PLANE_ANGLE_UNIT ( ) SI_UNIT ( $, .RADIAN. ) );
#2486 = SURFACE_STYLE_USAGE ( .BOTH. , #823 ) ;
#2487 = EDGE_CURVE ( 'NONE', #323, #4496, #4566, .T. ) ;
#2488 = DIRECTION ( 'NONE',  ( 1.000000000000000000, 0.000000000000000000, -0.000000000000000000 ) ) ;
#2489 = PRESENTATION_LAYER_ASSIGNMENT (  '', '', ( #4139 ) ) ;
#2490 = CIRCLE ( 'NONE', #2163, 1.800000000000001155 ) ;
#2491 = PRESENTATION_STYLE_ASSIGNMENT (( #5937 ) ) ;
#2492 = EDGE_LOOP ( 'NONE', ( #4331, #6731, #1871, #1382 ) ) ;
#2493 = PLANE ( 'NONE',  #4085 ) ;
#2494 = FILL_AREA_STYLE ('',( #5905 ) ) ;
#2495 =( GEOMETRIC_REPRESENTATION_CONTEXT ( 3 ) GLOBAL_UNCERTAINTY_ASSIGNED_CONTEXT ( ( #2089 ) ) GLOBAL_UNIT_ASSIGNED_CONTEXT ( ( #6944, #2305, #1174 ) ) REPRESENTATION_CONTEXT ( 'NONE', 'WORKASPACE' ) );
#2496 = CARTESIAN_POINT ( 'NONE',  ( 10.20000000000000107, 1.000000000000000444, -13.29999999999999893 ) ) ;
#2497 =( GEOMETRIC_REPRESENTATION_CONTEXT ( 3 ) GLOBAL_UNCERTAINTY_ASSIGNED_CONTEXT ( ( #1300 ) ) GLOBAL_UNIT_ASSIGNED_CONTEXT ( ( #7128, #2483, #2605 ) ) REPRESENTATION_CONTEXT ( 'NONE', 'WORKASPACE' ) );
#2498 = VERTEX_POINT ( 'NONE', #4500 ) ;
#2499 = CARTESIAN_POINT ( 'NONE',  ( -9.150000000000000355, 1.000000000000000888, 7.700000000000001066 ) ) ;
#2500 = DIRECTION ( 'NONE',  ( 0.000000000000000000, 0.000000000000000000, -1.000000000000000000 ) ) ;
#2501 =( GEOMETRIC_REPRESENTATION_CONTEXT ( 3 ) GLOBAL_UNCERTAINTY_ASSIGNED_CONTEXT ( ( #6585 ) ) GLOBAL_UNIT_ASSIGNED_CONTEXT ( ( #3224, #970, #7278 ) ) REPRESENTATION_CONTEXT ( 'NONE', 'WORKASPACE' ) );
#2502 = ORIENTED_EDGE ( 'NONE', *, *, #2580, .F. ) ;
#2503 = CARTESIAN_POINT ( 'NONE',  ( 12.30000000000000249, 20.35857864376268367, -7.878679656440443324 ) ) ;
#2504 = SURFACE_STYLE_FILL_AREA ( #2587 ) ;
#2505 = EDGE_LOOP ( 'NONE', ( #6851, #4781, #34, #1780 ) ) ;
#2506 = CARTESIAN_POINT ( 'NONE',  ( 0.000000000000000000, 0.5000000000000000000, -16.00000000000000000 ) ) ;
#2507 = CARTESIAN_POINT ( 'NONE',  ( 0.3400000000000035216, 20.35000000000000497, 2.899999999999999911 ) ) ;
#2508 = ORIENTED_EDGE ( 'NONE', *, *, #3604, .T. ) ;
#2509 = FILL_AREA_STYLE ('',( #2047 ) ) ;
#2510 = AXIS2_PLACEMENT_3D ( 'NONE', #5700, #6315, #1214 ) ;
#2511 = CARTESIAN_POINT ( 'NONE',  ( -10.35000000000000142, 1.000000000000000000, 14.69999999999999929 ) ) ;
#2512 = EDGE_CURVE ( 'NONE', #1263, #2824, #1048, .T. ) ;
#2513 =( GEOMETRIC_REPRESENTATION_CONTEXT ( 3 ) GLOBAL_UNCERTAINTY_ASSIGNED_CONTEXT ( ( #2470 ) ) GLOBAL_UNIT_ASSIGNED_CONTEXT ( ( #1571, #1020, #1610 ) ) REPRESENTATION_CONTEXT ( 'NONE', 'WORKASPACE' ) );
#2514 = CARTESIAN_POINT ( 'NONE',  ( -0.4999999999999972800, 1.000000000000000888, 12.80000000000000071 ) ) ;
#2515 = DIRECTION ( 'NONE',  ( -0.000000000000000000, 1.000000000000000000, 0.000000000000000000 ) ) ;
#2516 = DIRECTION ( 'NONE',  ( 0.000000000000000000, 1.000000000000000000, 0.000000000000000000 ) ) ;
#2517 = UNCERTAINTY_MEASURE_WITH_UNIT (LENGTH_MEASURE( 1.000000000000000082E-05 ), #7214, 'distance_accuracy_value', 'NONE');
#2518 = DIRECTION ( 'NONE',  ( -1.000000000000000000, 0.000000000000000000, 0.000000000000000000 ) ) ;
#2519 = SURFACE_SIDE_STYLE ('',( #2604 ) ) ;
#2520 = EDGE_CURVE ( 'NONE', #3469, #5780, #1011, .T. ) ;
#2521 = ADVANCED_FACE ( 'NONE', ( #6131 ), #2714, .F. ) ;
#2522 = ORIENTED_EDGE ( 'NONE', *, *, #2048, .F. ) ;
#2523 = FILL_AREA_STYLE_COLOUR ( '', #2258 ) ;
#2524 = FACE_OUTER_BOUND ( 'NONE', #5865, .T. ) ;
#2525 = FACE_OUTER_BOUND ( 'NONE', #6788, .T. ) ;
#2526 = MECHANICAL_DESIGN_GEOMETRIC_PRESENTATION_REPRESENTATION (  '', ( #5758 ), #7326 ) ;
#2527 = CARTESIAN_POINT ( 'NONE',  ( 0.8524971868711289646, 20.39999999999999858, 3.972656781888390665 ) ) ;
#2528 = DIRECTION ( 'NONE',  ( -0.000000000000000000, 0.000000000000000000, 1.000000000000000000 ) ) ;
#2529 = ORIENTED_EDGE ( 'NONE', *, *, #4855, .T. ) ;
#2530 = PRESENTATION_LAYER_ASSIGNMENT (  '', '', ( #3585 ) ) ;
#2531 = AXIS2_PLACEMENT_3D ( 'NONE', #3430, #6267, #1228 ) ;
#2532 = ORIENTED_EDGE ( 'NONE', *, *, #1419, .T. ) ;
#2533 = EDGE_CURVE ( 'NONE', #1047, #3574, #1152, .T. ) ;
#2534 = FACE_OUTER_BOUND ( 'NONE', #2104, .T. ) ;
#2535 = DIRECTION ( 'NONE',  ( -1.000000000000000000, 0.000000000000000000, 0.000000000000000000 ) ) ;
#2536 = CARTESIAN_POINT ( 'NONE',  ( -9.750000000000001776, 20.39999999999999858, 0.1499999999999998002 ) ) ;
#2537 = CARTESIAN_POINT ( 'NONE',  ( 1.300000000000002487, 0.5000000000000000000, 12.00000000000000000 ) ) ;
#2538 = DIRECTION ( 'NONE',  ( 0.000000000000000000, 0.000000000000000000, -1.000000000000000000 ) ) ;
#2539 = DIRECTION ( 'NONE',  ( 0.000000000000000000, 1.000000000000000000, 0.000000000000000000 ) ) ;
#2540 =( GEOMETRIC_REPRESENTATION_CONTEXT ( 3 ) GLOBAL_UNCERTAINTY_ASSIGNED_CONTEXT ( ( #570 ) ) GLOBAL_UNIT_ASSIGNED_CONTEXT ( ( #804, #3100, #4710 ) ) REPRESENTATION_CONTEXT ( 'NONE', 'WORKASPACE' ) );
#2541 = VERTEX_POINT ( 'NONE', #5071 ) ;
#2542 = VERTEX_POINT ( 'NONE', #6816 ) ;
#2543 = PRESENTATION_LAYER_ASSIGNMENT (  '', '', ( #64 ) ) ;
#2544 = EDGE_LOOP ( 'NONE', ( #5098, #5621, #5810, #754 ) ) ;
#2545 = FILL_AREA_STYLE_COLOUR ( '', #6664 ) ;
#2546 = FILL_AREA_STYLE_COLOUR ( '', #3861 ) ;
#2547 = ORIENTED_EDGE ( 'NONE', *, *, #2250, .T. ) ;
#2548 =( NAMED_UNIT ( * ) PLANE_ANGLE_UNIT ( ) SI_UNIT ( $, .RADIAN. ) );
#2549 = UNCERTAINTY_MEASURE_WITH_UNIT (LENGTH_MEASURE( 1.000000000000000082E-05 ), #1114, 'distance_accuracy_value', 'NONE');
#2550 =( LENGTH_UNIT ( ) NAMED_UNIT ( * ) SI_UNIT ( .MILLI., .METRE. ) );
#2551 = ORIENTED_EDGE ( 'NONE', *, *, #6861, .T. ) ;
#2552 = CARTESIAN_POINT ( 'NONE',  ( -0.8486010964706470761, 20.40000000000000213, 2.824603842905601070 ) ) ;
#2553 = ORIENTED_EDGE ( 'NONE', *, *, #4008, .T. ) ;
#2554 =( GEOMETRIC_REPRESENTATION_CONTEXT ( 3 ) GLOBAL_UNCERTAINTY_ASSIGNED_CONTEXT ( ( #4017 ) ) GLOBAL_UNIT_ASSIGNED_CONTEXT ( ( #6364, #4641, #6406 ) ) REPRESENTATION_CONTEXT ( 'NONE', 'WORKASPACE' ) );
#2555 = CARTESIAN_POINT ( 'NONE',  ( 0.6230405145389656951, 20.20000000000000284, 3.693679383037430153 ) ) ;
#2556 = AXIS2_PLACEMENT_3D ( 'NONE', #2133, #5005, #7172 ) ;
#2557 = UNCERTAINTY_MEASURE_WITH_UNIT (LENGTH_MEASURE( 1.000000000000000082E-05 ), #2257, 'distance_accuracy_value', 'NONE');
#2558 =( NAMED_UNIT ( * ) PLANE_ANGLE_UNIT ( ) SI_UNIT ( $, .RADIAN. ) );
#2559 =( LENGTH_UNIT ( ) NAMED_UNIT ( * ) SI_UNIT ( .MILLI., .METRE. ) );
#2560 = AXIS2_PLACEMENT_3D ( 'NONE', #5022, #7306, #2177 ) ;
#2561 = ADVANCED_FACE ( 'NONE', ( #4423 ), #1082, .F. ) ;
#2562 = AXIS2_PLACEMENT_3D ( 'NONE', #7190, #5950, #7145 ) ;
#2563 = PLANE ( 'NONE',  #2453 ) ;
#2564 = SURFACE_STYLE_USAGE ( .BOTH. , #1392 ) ;
#2565 = COLOUR_RGB ( '',0.000000000000000000, 0.000000000000000000, 1.000000000000000000 ) ;
#2566 = CARTESIAN_POINT ( 'NONE',  ( -9.150000000000002132, 0.5000000000000004441, 13.79999999999999893 ) ) ;
#2567 = PRESENTATION_STYLE_ASSIGNMENT (( #3156 ) ) ;
#2568 = CARTESIAN_POINT ( 'NONE',  ( 0.7950492651865478377, 20.39999999999999858, 3.998161830815312623 ) ) ;
#2569 = EDGE_CURVE ( 'NONE', #4178, #3248, #5431, .T. ) ;
#2570 = CIRCLE ( 'NONE', #2448, 0.3000000000000016542 ) ;
#2571 =( NAMED_UNIT ( * ) PLANE_ANGLE_UNIT ( ) SI_UNIT ( $, .RADIAN. ) );
#2572 = CARTESIAN_POINT ( 'NONE',  ( 0.3400000000000036882, 20.38169872981078612, 1.779733821150062401 ) ) ;
#2573 = VERTEX_POINT ( 'NONE', #3458 ) ;
#2574 =( LENGTH_UNIT ( ) NAMED_UNIT ( * ) SI_UNIT ( .MILLI., .METRE. ) );
#2575 = DIRECTION ( 'NONE',  ( 0.000000000000000000, 1.000000000000000000, 0.000000000000000000 ) ) ;
#2576 = CARTESIAN_POINT ( 'NONE',  ( 1.300000000000002487, 0.5000000000000000000, 12.00000000000000000 ) ) ;
#2577 =( NAMED_UNIT ( * ) SI_UNIT ( $, .STERADIAN. ) SOLID_ANGLE_UNIT ( ) );
#2578 = PRESENTATION_LAYER_ASSIGNMENT (  '', '', ( #6751 ) ) ;
#2579 = EDGE_CURVE ( 'NONE', #2322, #1128, #2471, .T. ) ;
#2580 = EDGE_CURVE ( 'NONE', #6292, #4770, #3023, .T. ) ;
#2581 = CARTESIAN_POINT ( 'NONE',  ( -8.935786437626903833, 0.4166666666666669627, 11.50699335140836688 ) ) ;
#2582 = ORIENTED_EDGE ( 'NONE', *, *, #6588, .F. ) ;
#2583 = DIRECTION ( 'NONE',  ( 0.000000000000000000, 0.000000000000000000, 1.000000000000000000 ) ) ;
#2584 = VERTEX_POINT ( 'NONE', #2354 ) ;
#2585 = DIRECTION ( 'NONE',  ( -0.000000000000000000, 1.000000000000000000, -0.000000000000000000 ) ) ;
#2586 = COLOUR_RGB ( '',0.2509803921568627416, 0.2509803921568627416, 0.2509803921568627416 ) ;
#2587 = FILL_AREA_STYLE ('',( #5347 ) ) ;
#2588 = ORIENTED_EDGE ( 'NONE', *, *, #7302, .T. ) ;
#2589 = PLANE ( 'NONE',  #4451 ) ;
#2590 = DIRECTION ( 'NONE',  ( -1.000000000000000000, 0.000000000000000000, -8.870745047608673807E-16 ) ) ;
#2591 = ORIENTED_EDGE ( 'NONE', *, *, #2630, .T. ) ;
#2592 = FILL_AREA_STYLE_COLOUR ( '', #1291 ) ;
#2593 = EDGE_LOOP ( 'NONE', ( #1277, #6019, #2333, #6494 ) ) ;
#2594 = PRESENTATION_STYLE_ASSIGNMENT (( #887 ) ) ;
#2595 =( NAMED_UNIT ( * ) SI_UNIT ( $, .STERADIAN. ) SOLID_ANGLE_UNIT ( ) );
#2596 = EDGE_CURVE ( 'NONE', #6768, #6871, #4631, .T. ) ;
#2597 = PRESENTATION_STYLE_ASSIGNMENT (( #6559 ) ) ;
#2598 = CARTESIAN_POINT ( 'NONE',  ( 12.50000000000000178, 1.000000000000000888, -15.00000000000000000 ) ) ;
#2599 = SURFACE_STYLE_FILL_AREA ( #5962 ) ;
#2600 =( LENGTH_UNIT ( ) NAMED_UNIT ( * ) SI_UNIT ( .MILLI., .METRE. ) );
#2601 = UNCERTAINTY_MEASURE_WITH_UNIT (LENGTH_MEASURE( 1.000000000000000082E-05 ), #7224, 'distance_accuracy_value', 'NONE');
#2602 = SURFACE_SIDE_STYLE ('',( #6565 ) ) ;
#2603 =( LENGTH_UNIT ( ) NAMED_UNIT ( * ) SI_UNIT ( .MILLI., .METRE. ) );
#2604 = SURFACE_STYLE_FILL_AREA ( #7167 ) ;
#2605 =( NAMED_UNIT ( * ) SI_UNIT ( $, .STERADIAN. ) SOLID_ANGLE_UNIT ( ) );
#2606 = AXIS2_PLACEMENT_3D ( 'NONE', #1716, #1304, #1186 ) ;
#2607 = FACE_OUTER_BOUND ( 'NONE', #7191, .T. ) ;
#2608 = PLANE ( 'NONE',  #2556 ) ;
#2609 = CARTESIAN_POINT ( 'NONE',  ( 0.3400000000000035216, 20.39999999999999858, 4.088567449039156365 ) ) ;
#2610 = DIRECTION ( 'NONE',  ( 0.000000000000000000, 1.000000000000000000, 0.000000000000000000 ) ) ;
#2611 = ORIENTED_EDGE ( 'NONE', *, *, #5536, .T. ) ;
#2612 = CARTESIAN_POINT ( 'NONE',  ( -13.80000000000000071, 0.4000000000000000222, -12.59160797830996259 ) ) ;
#2613 = ORIENTED_EDGE ( 'NONE', *, *, #1350, .F. ) ;
#2614 = CARTESIAN_POINT ( 'NONE',  ( 6.299999999999999822, 1.000000000000000888, 7.700000000000002842 ) ) ;
#2615 = DIRECTION ( 'NONE',  ( -1.000000000000000000, 0.000000000000000000, -1.636531581110195902E-16 ) ) ;
#2616 = EDGE_CURVE ( 'NONE', #4820, #2541, #2984, .T. ) ;
#2617 = DIRECTION ( 'NONE',  ( 0.000000000000000000, 0.000000000000000000, -1.000000000000000000 ) ) ;
#2618 = AXIS2_PLACEMENT_3D ( 'NONE', #305, #1506, #7133 ) ;
#2619 = DIRECTION ( 'NONE',  ( 0.000000000000000000, 0.000000000000000000, 1.000000000000000000 ) ) ;
#2620 = VECTOR ( 'NONE', #3600, 1000.000000000000000 ) ;
#2621 = MECHANICAL_DESIGN_GEOMETRIC_PRESENTATION_REPRESENTATION (  '', ( #4521 ), #3549 ) ;
#2622 = FACE_OUTER_BOUND ( 'NONE', #1424, .T. ) ;
#2623 = ORIENTED_EDGE ( 'NONE', *, *, #5323, .F. ) ;
#2624 =( GEOMETRIC_REPRESENTATION_CONTEXT ( 3 ) GLOBAL_UNCERTAINTY_ASSIGNED_CONTEXT ( ( #3115 ) ) GLOBAL_UNIT_ASSIGNED_CONTEXT ( ( #166, #3641, #204 ) ) REPRESENTATION_CONTEXT ( 'NONE', 'WORKASPACE' ) );
#2625 = ORIENTED_EDGE ( 'NONE', *, *, #2762, .T. ) ;
#2626 = CARTESIAN_POINT ( 'NONE',  ( 0.003109734645292196262, 20.20000000000000284, 3.671973789546989497 ) ) ;
#2627 = FACE_OUTER_BOUND ( 'NONE', #4655, .T. ) ;
#2628 = EDGE_CURVE ( 'NONE', #4150, #2675, #731, .T. ) ;
#2629 = VERTEX_POINT ( 'NONE', #2920 ) ;
#2630 = EDGE_CURVE ( 'NONE', #5250, #3093, #5281, .T. ) ;
#2631 = LINE ( 'NONE', #4450, #3589 ) ;
#2632 = PRESENTATION_LAYER_ASSIGNMENT (  '', '', ( #5738 ) ) ;
#2633 = EDGE_CURVE ( 'NONE', #5103, #5240, #1507, .T. ) ;
#2634 = FACE_OUTER_BOUND ( 'NONE', #4420, .T. ) ;
#2635 = CIRCLE ( 'NONE', #2042, 0.3118365096569826189 ) ;
#2636 = STYLED_ITEM ( 'NONE', ( #335 ), #6631 ) ;
#2637 = ORIENTED_EDGE ( 'NONE', *, *, #4846, .F. ) ;
#2638 =( NAMED_UNIT ( * ) SI_UNIT ( $, .STERADIAN. ) SOLID_ANGLE_UNIT ( ) );
#2639 = CARTESIAN_POINT ( 'NONE',  ( -0.1724971868710571954, 20.39999999999999858, 1.827343218111586509 ) ) ;
#2640 = ORIENTED_EDGE ( 'NONE', *, *, #7338, .T. ) ;
#2641 = UNCERTAINTY_MEASURE_WITH_UNIT (LENGTH_MEASURE( 1.000000000000000082E-05 ), #4725, 'distance_accuracy_value', 'NONE');
#2642 =( LENGTH_UNIT ( ) NAMED_UNIT ( * ) SI_UNIT ( .MILLI., .METRE. ) );
#2643 = COLOUR_RGB ( '',0.000000000000000000, 0.000000000000000000, 1.000000000000000000 ) ;
#2644 = SURFACE_STYLE_USAGE ( .BOTH. , #2602 ) ;
#2645 = PRESENTATION_LAYER_ASSIGNMENT (  '', '', ( #5873 ) ) ;
#2646 = MECHANICAL_DESIGN_GEOMETRIC_PRESENTATION_REPRESENTATION (  '', ( #3931 ), #1343 ) ;
#2647 =( NAMED_UNIT ( * ) PLANE_ANGLE_UNIT ( ) SI_UNIT ( $, .RADIAN. ) );
#2648 = PRESENTATION_STYLE_ASSIGNMENT (( #2685 ) ) ;
#2649 = STYLED_ITEM ( 'NONE', ( #3492 ), #1613 ) ;
#2650 = DIRECTION ( 'NONE',  ( 0.000000000000000000, 0.000000000000000000, 1.000000000000000000 ) ) ;
#2651 = LINE ( 'NONE', #2687, #7353 ) ;
#2652 = SURFACE_STYLE_FILL_AREA ( #5454 ) ;
#2653 = CARTESIAN_POINT ( 'NONE',  ( 0.3400000000000036882, 20.40000000000000213, 1.748035091339285252 ) ) ;
#2654 = ORIENTED_EDGE ( 'NONE', *, *, #897, .F. ) ;
#2655 = FILL_AREA_STYLE ('',( #1579 ) ) ;
#2656 = STYLED_ITEM ( 'NONE', ( #5801 ), #6031 ) ;
#2657 =( NAMED_UNIT ( * ) PLANE_ANGLE_UNIT ( ) SI_UNIT ( $, .RADIAN. ) );
#2658 = DIRECTION ( 'NONE',  ( 1.000000000000000000, 0.000000000000000000, 0.000000000000000000 ) ) ;
#2659 = VECTOR ( 'NONE', #9, 1000.000000000000000 ) ;
#2660 = EDGE_CURVE ( 'NONE', #1887, #4178, #4093, .T. ) ;
#2661 = DIRECTION ( 'NONE',  ( 0.000000000000000000, 1.000000000000000000, 0.000000000000000000 ) ) ;
#2662 = ORIENTED_EDGE ( 'NONE', *, *, #2285, .T. ) ;
#2663 = SURFACE_SIDE_STYLE ('',( #3766 ) ) ;
#2664 = CYLINDRICAL_SURFACE ( 'NONE', #5844, 0.8000000000000003775 ) ;
#2665 = PRESENTATION_STYLE_ASSIGNMENT (( #246 ) ) ;
#2666 = CARTESIAN_POINT ( 'NONE',  ( 7.200000000000002842, 1.500000000000000000, 14.69999999999999929 ) ) ;
#2667 = PRESENTATION_STYLE_ASSIGNMENT (( #3913 ) ) ;
#2668 = CIRCLE ( 'NONE', #6838, 1.800000000000001155 ) ;
#2669 =( NAMED_UNIT ( * ) PLANE_ANGLE_UNIT ( ) SI_UNIT ( $, .RADIAN. ) );
#2670 = ADVANCED_FACE ( 'NONE', ( #181 ), #3537, .F. ) ;
#2671 = PRESENTATION_LAYER_ASSIGNMENT (  '', '', ( #2893 ) ) ;
#2672 = CARTESIAN_POINT ( 'NONE',  ( 0.000000000000000000, 1.500000000000000000, -4.249999999999999112 ) ) ;
#2673 = VERTEX_POINT ( 'NONE', #5888 ) ;
#2674 = CARTESIAN_POINT ( 'NONE',  ( 12.80000000000000249, 1.500000000000000000, -4.549999999999998934 ) ) ;
#2675 = VERTEX_POINT ( 'NONE', #4025 ) ;
#2676 = PRESENTATION_STYLE_ASSIGNMENT (( #6163 ) ) ;
#2677 = FACE_OUTER_BOUND ( 'NONE', #3057, .T. ) ;
#2678 = UNCERTAINTY_MEASURE_WITH_UNIT (LENGTH_MEASURE( 1.000000000000000082E-05 ), #3668, 'distance_accuracy_value', 'NONE');
#2679 = DIRECTION ( 'NONE',  ( 0.000000000000000000, 0.000000000000000000, -1.000000000000000000 ) ) ;
#2680 = EDGE_CURVE ( 'NONE', #7135, #4322, #1222, .T. ) ;
#2681 = CIRCLE ( 'NONE', #3480, 0.5000000000000004441 ) ;
#2682 = FILL_AREA_STYLE ('',( #6743 ) ) ;
#2683 = CARTESIAN_POINT ( 'NONE',  ( 8.400000000000000355, 0.5000000000000000000, -11.49999999999999822 ) ) ;
#2684 = LINE ( 'NONE', #426, #7166 ) ;
#2685 = SURFACE_STYLE_USAGE ( .BOTH. , #7129 ) ;
#2686 =( GEOMETRIC_REPRESENTATION_CONTEXT ( 3 ) GLOBAL_UNCERTAINTY_ASSIGNED_CONTEXT ( ( #2306 ) ) GLOBAL_UNIT_ASSIGNED_CONTEXT ( ( #5141, #1123, #4471 ) ) REPRESENTATION_CONTEXT ( 'NONE', 'WORKASPACE' ) );
#2687 = CARTESIAN_POINT ( 'NONE',  ( 0.000000000000000000, 20.29999999999999716, 14.50000000000000000 ) ) ;
#2688 = CIRCLE ( 'NONE', #2560, 0.2999999999999999334 ) ;
#2689 = MECHANICAL_DESIGN_GEOMETRIC_PRESENTATION_REPRESENTATION (  '', ( #311 ), #1862 ) ;
#2690 =( NAMED_UNIT ( * ) PLANE_ANGLE_UNIT ( ) SI_UNIT ( $, .RADIAN. ) );
#2691 = DIRECTION ( 'NONE',  ( -1.000000000000000000, 0.000000000000000000, 1.224646799147353207E-16 ) ) ;
#2692 = ORIENTED_EDGE ( 'NONE', *, *, #1511, .F. ) ;
#2693 = AXIS2_PLACEMENT_3D ( 'NONE', #2796, #6212, #1096 ) ;
#2694 = DIRECTION ( 'NONE',  ( 0.000000000000000000, 0.000000000000000000, 1.000000000000000000 ) ) ;
#2695 = SURFACE_SIDE_STYLE ('',( #437 ) ) ;
#2696 = ORIENTED_EDGE ( 'NONE', *, *, #5785, .F. ) ;
#2697 = AXIS2_PLACEMENT_3D ( 'NONE', #6624, #6040, #7194 ) ;
#2698 = VECTOR ( 'NONE', #5797, 1000.000000000000000 ) ;
#2699 =( BOUNDED_CURVE ( )  B_SPLINE_CURVE ( 3, ( #2423, #3006, #1329, #3564 ),
 .UNSPECIFIED., .F., .T. ) 
 B_SPLINE_CURVE_WITH_KNOTS ( ( 4, 4 ),
 ( 1.570796326794896558, 3.141592653589793116 ),
 .UNSPECIFIED. ) 
 CURVE ( )  GEOMETRIC_REPRESENTATION_ITEM ( )  RATIONAL_B_SPLINE_CURVE ( ( 1.000000000000000000, 0.8047378541243649375, 0.8047378541243649375, 1.000000000000000000 ) ) 
 REPRESENTATION_ITEM ( '' )  );
#2700 = EDGE_LOOP ( 'NONE', ( #6398, #2068, #1521, #3445 ) ) ;
#2701 = SURFACE_STYLE_USAGE ( .BOTH. , #2663 ) ;
#2702 = DIRECTION ( 'NONE',  ( 0.000000000000000000, 0.000000000000000000, 1.000000000000000000 ) ) ;
#2703 = ORIENTED_EDGE ( 'NONE', *, *, #2839, .T. ) ;
#2704 = DIRECTION ( 'NONE',  ( -0.000000000000000000, -1.000000000000000000, -0.000000000000000000 ) ) ;
#2705 = VECTOR ( 'NONE', #1765, 1000.000000000000000 ) ;
#2706 = CARTESIAN_POINT ( 'NONE',  ( 0.3400000000000036882, 20.39999999999999858, 1.711432550960843457 ) ) ;
#2707 = CARTESIAN_POINT ( 'NONE',  ( 8.400000000000000355, -2.700000000118052412, -6.499999999979442222 ) ) ;
#2708 = LINE ( 'NONE', #1670, #4174 ) ;
#2709 = ORIENTED_EDGE ( 'NONE', *, *, #3377, .F. ) ;
#2710 = PRESENTATION_STYLE_ASSIGNMENT (( #2783 ) ) ;
#2711 = ORIENTED_EDGE ( 'NONE', *, *, #7149, .F. ) ;
#2712 = UNCERTAINTY_MEASURE_WITH_UNIT (LENGTH_MEASURE( 1.000000000000000082E-05 ), #6468, 'distance_accuracy_value', 'NONE');
#2713 = FILL_AREA_STYLE_COLOUR ( '', #137 ) ;
#2714 = PLANE ( 'NONE',  #6039 ) ;
#2715 = EDGE_CURVE ( 'NONE', #5771, #3005, #5742, .T. ) ;
#2716 = VECTOR ( 'NONE', #487, 1000.000000000000000 ) ;
#2717 = CYLINDRICAL_SURFACE ( 'NONE', #3395, 0.2999999999999999334 ) ;
#2718 = SURFACE_SIDE_STYLE ('',( #2157 ) ) ;
#2719 = CARTESIAN_POINT ( 'NONE',  ( -11.35000000000000320, 0.4166666666666667407, 11.50699335140836865 ) ) ;
#2720 = ADVANCED_FACE ( 'NONE', ( #2885 ), #2318, .T. ) ;
#2721 = FILL_AREA_STYLE_COLOUR ( '', #902 ) ;
#2722 = FILL_AREA_STYLE_COLOUR ( '', #6032 ) ;
#2723 = CARTESIAN_POINT ( 'NONE',  ( -13.50000000000000178, 0.5000000000000004441, 1.449999999999999956 ) ) ;
#2724 = PRESENTATION_STYLE_ASSIGNMENT (( #3265 ) ) ;
#2725 = LINE ( 'NONE', #1094, #4969 ) ;
#2726 = ORIENTED_EDGE ( 'NONE', *, *, #3501, .F. ) ;
#2727 = AXIS2_PLACEMENT_3D ( 'NONE', #6771, #491, #6732 ) ;
#2728 = DIRECTION ( 'NONE',  ( -0.000000000000000000, 1.000000000000000000, -0.000000000000000000 ) ) ;
#2729 = FILL_AREA_STYLE ('',( #2237 ) ) ;
#2730 = ORIENTED_EDGE ( 'NONE', *, *, #2914, .F. ) ;
#2731 = COLOUR_RGB ( '',0.000000000000000000, 0.000000000000000000, 1.000000000000000000 ) ;
#2732 = DIRECTION ( 'NONE',  ( 0.000000000000000000, 1.000000000000000000, -0.000000000000000000 ) ) ;
#2733 = VERTEX_POINT ( 'NONE', #3651 ) ;
#2734 = CARTESIAN_POINT ( 'NONE',  ( -5.600000000000000533, 0.5000000000000000000, 7.700000000000000178 ) ) ;
#2735 = PRESENTATION_STYLE_ASSIGNMENT (( #5462 ) ) ;
#2736 = CARTESIAN_POINT ( 'NONE',  ( -0.4763344461443187461, 20.20000000000000639, 3.109007315714338304 ) ) ;
#2737 = CARTESIAN_POINT ( 'NONE',  ( 10.20000000000000284, 0.5000000000000000000, -13.29999999999999893 ) ) ;
#2738 = VECTOR ( 'NONE', #535, 1000.000000000000000 ) ;
#2739 = FILL_AREA_STYLE_COLOUR ( '', #2149 ) ;
#2740 =( NAMED_UNIT ( * ) PLANE_ANGLE_UNIT ( ) SI_UNIT ( $, .RADIAN. ) );
#2741 = DIRECTION ( 'NONE',  ( -1.000000000000000000, 0.000000000000000000, -0.000000000000000000 ) ) ;
#2742 = CLOSED_SHELL ( 'NONE', ( #2720, #6791, #5601, #3160, #5212, #5396 ) ) ;
#2743 = AXIS2_PLACEMENT_3D ( 'NONE', #4011, #1323, #1234 ) ;
#2744 = VERTEX_POINT ( 'NONE', #4339 ) ;
#2745 = DIRECTION ( 'NONE',  ( 1.000000000000000000, 0.000000000000000000, 0.000000000000000000 ) ) ;
#2746 = DIRECTION ( 'NONE',  ( -0.000000000000000000, 1.000000000000000000, -0.000000000000000000 ) ) ;
#2747 = COLOUR_RGB ( '',0.7921568627450980005, 0.8196078431372548767, 0.9333333333333333481 ) ;
#2748 = VERTEX_POINT ( 'NONE', #4176 ) ;
#2749 = FILL_AREA_STYLE_COLOUR ( '', #3534 ) ;
#2750 = VERTEX_POINT ( 'NONE', #927 ) ;
#2751 = PLANE ( 'NONE',  #5887 ) ;
#2752 = SURFACE_STYLE_FILL_AREA ( #2052 ) ;
#2753 = DIRECTION ( 'NONE',  ( -1.000000000000000000, 0.000000000000000000, 0.000000000000000000 ) ) ;
#2754 = UNCERTAINTY_MEASURE_WITH_UNIT (LENGTH_MEASURE( 1.000000000000000082E-05 ), #2348, 'distance_accuracy_value', 'NONE');
#2755 = EDGE_CURVE ( 'NONE', #6045, #6408, #4825, .T. ) ;
#2756 = CARTESIAN_POINT ( 'NONE',  ( 5.637258300203053629, 20.39999999999999858, -14.40000000000000391 ) ) ;
#2757 = MECHANICAL_DESIGN_GEOMETRIC_PRESENTATION_REPRESENTATION (  '', ( #3688 ), #6573 ) ;
#2758 =( NAMED_UNIT ( * ) PLANE_ANGLE_UNIT ( ) SI_UNIT ( $, .RADIAN. ) );
#2759 = DIRECTION ( 'NONE',  ( 0.000000000000000000, 0.000000000000000000, -1.000000000000000000 ) ) ;
#2760 = CIRCLE ( 'NONE', #3441, 1.800000000000001155 ) ;
#2761 = EDGE_CURVE ( 'NONE', #744, #2629, #2108, .T. ) ;
#2762 = EDGE_CURVE ( 'NONE', #6886, #670, #5471, .T. ) ;
#2763 = DIRECTION ( 'NONE',  ( 0.000000000000000000, 0.000000000000000000, 1.000000000000000000 ) ) ;
#2764 = ORIENTED_EDGE ( 'NONE', *, *, #2533, .T. ) ;
#2765 = FACE_OUTER_BOUND ( 'NONE', #2882, .T. ) ;
#2766 = AXIS2_PLACEMENT_3D ( 'NONE', #5914, #7108, #2583 ) ;
#2767 = LINE ( 'NONE', #3372, #3314 ) ;
#2768 = VECTOR ( 'NONE', #5492, 1000.000000000000000 ) ;
#2769 = CARTESIAN_POINT ( 'NONE',  ( -9.400000000000002132, -2.700000000118052412, -3.199999999999997957 ) ) ;
#2770 = ORIENTED_EDGE ( 'NONE', *, *, #2212, .T. ) ;
#2771 = EDGE_CURVE ( 'NONE', #3571, #1626, #3063, .T. ) ;
#2772 = COLOUR_RGB ( '',0.2509803921568627416, 0.2509803921568627416, 0.2509803921568627416 ) ;
#2773 = DIRECTION ( 'NONE',  ( 0.000000000000000000, 0.000000000000000000, -1.000000000000000000 ) ) ;
#2774 = ORIENTED_EDGE ( 'NONE', *, *, #945, .F. ) ;
#2775 = DIRECTION ( 'NONE',  ( -1.000000000000000000, -0.000000000000000000, -0.000000000000000000 ) ) ;
#2776 = ORIENTED_EDGE ( 'NONE', *, *, #997, .F. ) ;
#2777 = VECTOR ( 'NONE', #2615, 1000.000000000000000 ) ;
#2778 =( GEOMETRIC_REPRESENTATION_CONTEXT ( 3 ) GLOBAL_UNCERTAINTY_ASSIGNED_CONTEXT ( ( #226 ) ) GLOBAL_UNIT_ASSIGNED_CONTEXT ( ( #1191, #544, #3435 ) ) REPRESENTATION_CONTEXT ( 'NONE', 'WORKASPACE' ) );
#2779 = ORIENTED_EDGE ( 'NONE', *, *, #6068, .T. ) ;
#2780 = PLANE ( 'NONE',  #198 ) ;
#2781 = CARTESIAN_POINT ( 'NONE',  ( -10.65000000000000036, 0.5000000000000004441, -0.4499999999999993450 ) ) ;
#2782 = ORIENTED_EDGE ( 'NONE', *, *, #1213, .F. ) ;
#2783 = SURFACE_STYLE_USAGE ( .BOTH. , #3776 ) ;
#2784 = ORIENTED_EDGE ( 'NONE', *, *, #4106, .F. ) ;
#2785 = CARTESIAN_POINT ( 'NONE',  ( 0.6624178401978848552, 20.19999999999999929, 2.121899447565247954 ) ) ;
#2786 = UNCERTAINTY_MEASURE_WITH_UNIT (LENGTH_MEASURE( 1.000000000000000082E-05 ), #6160, 'distance_accuracy_value', 'NONE');
#2787 = CONTEXT_DEPENDENT_SHAPE_REPRESENTATION ( #963, #2417 ) ;
#2788 = AXIS2_PLACEMENT_3D ( 'NONE', #6394, #1712, #4748 ) ;
#2789 = DIRECTION ( 'NONE',  ( 0.000000000000000000, 0.000000000000000000, 1.000000000000000000 ) ) ;
#2790 = DIRECTION ( 'NONE',  ( 0.000000000000000000, -1.000000000000000000, 0.000000000000000000 ) ) ;
#2791 =( LENGTH_UNIT ( ) NAMED_UNIT ( * ) SI_UNIT ( .MILLI., .METRE. ) );
#2792 = EDGE_CURVE ( 'NONE', #2842, #2322, #7078, .T. ) ;
#2793 = CARTESIAN_POINT ( 'NONE',  ( -5.600000000000000533, -2.700000000174895831, 9.899999999987585397 ) ) ;
#2794 = LINE ( 'NONE', #3897, #6998 ) ;
#2795 = ORIENTED_EDGE ( 'NONE', *, *, #5584, .T. ) ;
#2796 = CARTESIAN_POINT ( 'NONE',  ( 8.200000000000001066, 0.5000000000000004441, 15.69999999999999929 ) ) ;
#2797 = STYLED_ITEM ( 'NONE', ( #1688 ), #3152 ) ;
#2798 = DIRECTION ( 'NONE',  ( 0.000000000000000000, 1.000000000000000000, 0.000000000000000000 ) ) ;
#2799 =( GEOMETRIC_REPRESENTATION_CONTEXT ( 3 ) GLOBAL_UNCERTAINTY_ASSIGNED_CONTEXT ( ( #5167 ) ) GLOBAL_UNIT_ASSIGNED_CONTEXT ( ( #3195, #6100, #4275 ) ) REPRESENTATION_CONTEXT ( 'NONE', 'WORKASPACE' ) );
#2800 = SURFACE_SIDE_STYLE ('',( #6793 ) ) ;
#2801 = EDGE_CURVE ( 'NONE', #3574, #65, #5190, .T. ) ;
#2802 = FILL_AREA_STYLE ('',( #2206 ) ) ;
#2803 = EDGE_LOOP ( 'NONE', ( #7153, #5774, #3775, #867 ) ) ;
#2804 = FILL_AREA_STYLE ('',( #4044 ) ) ;
#2805 =( LENGTH_UNIT ( ) NAMED_UNIT ( * ) SI_UNIT ( .MILLI., .METRE. ) );
#2806 =( NAMED_UNIT ( * ) PLANE_ANGLE_UNIT ( ) SI_UNIT ( $, .RADIAN. ) );
#2807 = CARTESIAN_POINT ( 'NONE',  ( -10.35000000000000142, 1.000000000000000888, 15.00000000000000000 ) ) ;
#2808 = VECTOR ( 'NONE', #2590, 1000.000000000000000 ) ;
#2809 = CIRCLE ( 'NONE', #784, 0.4000000000000010214 ) ;
#2810 = ADVANCED_FACE ( 'NONE', ( #2634 ), #405, .F. ) ;
#2811 = DIRECTION ( 'NONE',  ( 1.000000000000000000, -0.000000000000000000, -0.000000000000000000 ) ) ;
#2812 = DIRECTION ( 'NONE',  ( 0.000000000000000000, 0.000000000000000000, 1.000000000000000000 ) ) ;
#2813 = MECHANICAL_DESIGN_GEOMETRIC_PRESENTATION_REPRESENTATION (  '', ( #1159 ), #6986 ) ;
#2814 = CIRCLE ( 'NONE', #6987, 0.3000000000000016542 ) ;
#2815 = ORIENTED_EDGE ( 'NONE', *, *, #4911, .T. ) ;
#2816 = PRESENTATION_STYLE_ASSIGNMENT (( #66 ) ) ;
#2817 = ORIENTED_EDGE ( 'NONE', *, *, #6334, .F. ) ;
#2818 = CARTESIAN_POINT ( 'NONE',  ( 1.017415005125198446, 20.19999999999999574, 2.386529574059630399 ) ) ;
#2819 = MECHANICAL_DESIGN_GEOMETRIC_PRESENTATION_REPRESENTATION (  '', ( #467 ), #3515 ) ;
#2820 = CARTESIAN_POINT ( 'NONE',  ( 6.300000000000000711, 18.39999999999999858, -16.00000000000000000 ) ) ;
#2821 = FILL_AREA_STYLE ('',( #3334 ) ) ;
#2822 = SURFACE_SIDE_STYLE ('',( #2260 ) ) ;
#2823 = CARTESIAN_POINT ( 'NONE',  ( -0.4999999999999972800, 0.5000000000000000000, 12.00000000000000000 ) ) ;
#2824 = VERTEX_POINT ( 'NONE', #2148 ) ;
#2825 =( LENGTH_UNIT ( ) NAMED_UNIT ( * ) SI_UNIT ( .MILLI., .METRE. ) );
#2826 = SURFACE_STYLE_FILL_AREA ( #3971 ) ;
#2827 =( NAMED_UNIT ( * ) SI_UNIT ( $, .STERADIAN. ) SOLID_ANGLE_UNIT ( ) );
#2828 = EDGE_LOOP ( 'NONE', ( #7119, #5348, #2832, #4860 ) ) ;
#2829 = PRODUCT ( 'SLA-12VDC-SL-C_SLA-12VDC-SL-C', 'SLA-12VDC-SL-C_SLA-12VDC-SL-C', '', ( #2088 ) ) ;
#2830 = DIRECTION ( 'NONE',  ( 0.000000000000000000, 0.000000000000000000, 1.000000000000000000 ) ) ;
#2831 = COLOUR_RGB ( '',0.2509803921568627416, 0.2509803921568627416, 0.2509803921568627416 ) ;
#2832 = ORIENTED_EDGE ( 'NONE', *, *, #3324, .F. ) ;
#2833 = EDGE_CURVE ( 'NONE', #5130, #7188, #1073, .T. ) ;
#2834 = FACE_OUTER_BOUND ( 'NONE', #6687, .T. ) ;
#2835 = DIRECTION ( 'NONE',  ( 0.000000000000000000, -1.000000000000000000, 0.000000000000000000 ) ) ;
#2836 = SURFACE_STYLE_FILL_AREA ( #2876 ) ;
#2837 = PRESENTATION_LAYER_ASSIGNMENT (  '', '', ( #5718 ) ) ;
#2838 = CYLINDRICAL_SURFACE ( 'NONE', #2434, 0.2999999999999999334 ) ;
#2839 = EDGE_CURVE ( 'NONE', #7216, #2542, #5662, .T. ) ;
#2840 = SURFACE_STYLE_USAGE ( .BOTH. , #1849 ) ;
#2841 = EDGE_CURVE ( 'NONE', #6956, #275, #561, .T. ) ;
#2842 = VERTEX_POINT ( 'NONE', #6154 ) ;
#2843 =( NAMED_UNIT ( * ) PLANE_ANGLE_UNIT ( ) SI_UNIT ( $, .RADIAN. ) );
#2844 = ORIENTED_EDGE ( 'NONE', *, *, #750, .T. ) ;
#2845 = APPLICATION_CONTEXT ( 'automotive_design' ) ;
#2846 = PRESENTATION_STYLE_ASSIGNMENT (( #1853 ) ) ;
#2847 = UNCERTAINTY_MEASURE_WITH_UNIT (LENGTH_MEASURE( 1.000000000000000082E-05 ), #345, 'distance_accuracy_value', 'NONE');
#2848 = DIRECTION ( 'NONE',  ( 0.000000000000000000, 0.000000000000000000, 1.000000000000000000 ) ) ;
#2849 = CIRCLE ( 'NONE', #6898, 0.09999999999999939493 ) ;
#2850 = MECHANICAL_DESIGN_GEOMETRIC_PRESENTATION_REPRESENTATION (  '', ( #4402 ), #1790 ) ;
#2851 = STYLED_ITEM ( 'NONE', ( #3837 ), #845 ) ;
#2852 = ORIENTED_EDGE ( 'NONE', *, *, #7208, .T. ) ;
#2853 = PLANE ( 'NONE',  #1072 ) ;
#2854 = DIRECTION ( 'NONE',  ( -1.000000000000000000, -0.000000000000000000, -0.000000000000000000 ) ) ;
#2855 = CIRCLE ( 'NONE', #7039, 0.2999999999999999334 ) ;
#2856 =( NAMED_UNIT ( * ) PLANE_ANGLE_UNIT ( ) SI_UNIT ( $, .RADIAN. ) );
#2857 = DIRECTION ( 'NONE',  ( 0.7071067811865516806, 0.000000000000000000, 0.7071067811865434649 ) ) ;
#2858 = SURFACE_STYLE_USAGE ( .BOTH. , #6295 ) ;
#2859 = PRESENTATION_LAYER_ASSIGNMENT (  '', '', ( #4413 ) ) ;
#2860 = CARTESIAN_POINT ( 'NONE',  ( -11.65000000000000036, 0.5000000000000004441, 1.749999999999999778 ) ) ;
#2861 = PRESENTATION_STYLE_ASSIGNMENT (( #2191 ) ) ;
#2862 = LINE ( 'NONE', #3369, #5525 ) ;
#2863 =( GEOMETRIC_REPRESENTATION_CONTEXT ( 3 ) GLOBAL_UNCERTAINTY_ASSIGNED_CONTEXT ( ( #6355 ) ) GLOBAL_UNIT_ASSIGNED_CONTEXT ( ( #2384, #7363, #2974 ) ) REPRESENTATION_CONTEXT ( 'NONE', 'WORKASPACE' ) );
#2864 = ORIENTED_EDGE ( 'NONE', *, *, #3928, .F. ) ;
#2865 = DIRECTION ( 'NONE',  ( 0.000000000000000000, 0.000000000000000000, -1.000000000000000000 ) ) ;
#2866 = DIRECTION ( 'NONE',  ( 0.000000000000000000, 0.000000000000000000, 1.000000000000000000 ) ) ;
#2867 = AXIS2_PLACEMENT_3D ( 'NONE', #1836, #5830, #1796 ) ;
#2868 = VERTEX_POINT ( 'NONE', #1042 ) ;
#2869 =( GEOMETRIC_REPRESENTATION_CONTEXT ( 3 ) GLOBAL_UNCERTAINTY_ASSIGNED_CONTEXT ( ( #4383 ) ) GLOBAL_UNIT_ASSIGNED_CONTEXT ( ( #5881, #1918, #3132 ) ) REPRESENTATION_CONTEXT ( 'NONE', 'WORKASPACE' ) );
#2870 = SURFACE_STYLE_USAGE ( .BOTH. , #621 ) ;
#2871 = EDGE_LOOP ( 'NONE', ( #3237, #5932, #2904, #1470 ) ) ;
#2872 = CARTESIAN_POINT ( 'NONE',  ( 2.024314575050766951, 20.19999999999999929, 3.742157287525381903 ) ) ;
#2873 = COLOUR_RGB ( '',0.000000000000000000, 0.000000000000000000, 1.000000000000000000 ) ;
#2874 = PRESENTATION_STYLE_ASSIGNMENT (( #3945 ) ) ;
#2875 = DIRECTION ( 'NONE',  ( 1.000000000000000000, -0.000000000000000000, -0.000000000000000000 ) ) ;
#2876 = FILL_AREA_STYLE ('',( #627 ) ) ;
#2877 =( GEOMETRIC_REPRESENTATION_CONTEXT ( 3 ) GLOBAL_UNCERTAINTY_ASSIGNED_CONTEXT ( ( #3189 ) ) GLOBAL_UNIT_ASSIGNED_CONTEXT ( ( #6359, #5818, #1302 ) ) REPRESENTATION_CONTEXT ( 'NONE', 'WORKASPACE' ) );
#2878 = ADVANCED_FACE ( 'NONE', ( #2216 ), #1141, .T. ) ;
#2879 = DIRECTION ( 'NONE',  ( 0.000000000000000000, -0.000000000000000000, -1.000000000000000000 ) ) ;
#2880 = VERTEX_POINT ( 'NONE', #2706 ) ;
#2881 = CARTESIAN_POINT ( 'NONE',  ( -10.35000000000000142, 1.000000000000000888, 0.7499999999999988898 ) ) ;
#2882 = EDGE_LOOP ( 'NONE', ( #1363, #4418, #766, #138 ) ) ;
#2883 =( LENGTH_UNIT ( ) NAMED_UNIT ( * ) SI_UNIT ( .MILLI., .METRE. ) );
#2884 = AXIS2_PLACEMENT_3D ( 'NONE', #1842, #5838, #4047 ) ;
#2885 = FACE_OUTER_BOUND ( 'NONE', #5843, .T. ) ;
#2886 = ADVANCED_FACE ( 'NONE', ( #3278 ), #1632, .T. ) ;
#2887 = AXIS2_PLACEMENT_3D ( 'NONE', #3703, #2092, #1534 ) ;
#2888 =( GEOMETRIC_REPRESENTATION_CONTEXT ( 3 ) GLOBAL_UNCERTAINTY_ASSIGNED_CONTEXT ( ( #4421 ) ) GLOBAL_UNIT_ASSIGNED_CONTEXT ( ( #6594, #1928, #4181 ) ) REPRESENTATION_CONTEXT ( 'NONE', 'WORKASPACE' ) );
#2889 = ORIENTED_EDGE ( 'NONE', *, *, #552, .T. ) ;
#2890 =( NAMED_UNIT ( * ) SI_UNIT ( $, .STERADIAN. ) SOLID_ANGLE_UNIT ( ) );
#2891 = DIRECTION ( 'NONE',  ( 0.000000000000000000, 0.000000000000000000, -1.000000000000000000 ) ) ;
#2892 = LINE ( 'NONE', #2406, #4696 ) ;
#2893 = STYLED_ITEM ( 'NONE', ( #1248 ), #5039 ) ;
#2894 = SURFACE_STYLE_FILL_AREA ( #1161 ) ;
#2895 = EDGE_CURVE ( 'NONE', #6768, #5250, #4520, .T. ) ;
#2896 = DIRECTION ( 'NONE',  ( -0.000000000000000000, 1.000000000000000000, -0.000000000000000000 ) ) ;
#2897 = PRESENTATION_LAYER_ASSIGNMENT (  '', '', ( #6717 ) ) ;
#2898 = ORIENTED_EDGE ( 'NONE', *, *, #1573, .T. ) ;
#2899 = CARTESIAN_POINT ( 'NONE',  ( 0.7584699354968656992, 20.40000000000000924, 1.787357490834229568 ) ) ;
#2900 = STYLED_ITEM ( 'NONE', ( #3632 ), #5417 ) ;
#2901 = ORIENTED_EDGE ( 'NONE', *, *, #4008, .F. ) ;
#2902 = LINE ( 'NONE', #6899, #2939 ) ;
#2903 =( GEOMETRIC_REPRESENTATION_CONTEXT ( 3 ) GLOBAL_UNCERTAINTY_ASSIGNED_CONTEXT ( ( #5595 ) ) GLOBAL_UNIT_ASSIGNED_CONTEXT ( ( #430, #7131, #7255 ) ) REPRESENTATION_CONTEXT ( 'NONE', 'WORKASPACE' ) );
#2904 = ORIENTED_EDGE ( 'NONE', *, *, #1441, .T. ) ;
#2905 = CONICAL_SURFACE ( 'NONE', #7219, 0.3999999999875838985, 0.1745329252159654454 ) ;
#2906 = CARTESIAN_POINT ( 'NONE',  ( 12.30000000000000249, 20.29999999999999716, -4.750000000000000000 ) ) ;
#2907 = CYLINDRICAL_SURFACE ( 'NONE', #4439, 0.09999999999999939493 ) ;
#2908 = CARTESIAN_POINT ( 'NONE',  ( -10.35000000000000142, 0.4166666666666667407, 11.50699335140836865 ) ) ;
#2909 = LINE ( 'NONE', #560, #658 ) ;
#2910 = UNCERTAINTY_MEASURE_WITH_UNIT (LENGTH_MEASURE( 1.000000000000000082E-05 ), #4918, 'distance_accuracy_value', 'NONE');
#2911 = MECHANICAL_DESIGN_GEOMETRIC_PRESENTATION_REPRESENTATION (  '', ( #6369 ), #3150 ) ;
#2912 = PRESENTATION_LAYER_ASSIGNMENT (  '', '', ( #1388 ) ) ;
#2913 = COLOUR_RGB ( '',0.2509803921568627416, 0.2509803921568627416, 0.2509803921568627416 ) ;
#2914 = EDGE_CURVE ( 'NONE', #2824, #4734, #597, .T. ) ;
#2915 = VERTEX_POINT ( 'NONE', #263 ) ;
#2916 =( LENGTH_UNIT ( ) NAMED_UNIT ( * ) SI_UNIT ( .MILLI., .METRE. ) );
#2917 = MECHANICAL_DESIGN_GEOMETRIC_PRESENTATION_REPRESENTATION (  '', ( #2446 ), #5315 ) ;
#2918 = EDGE_LOOP ( 'NONE', ( #5741, #6219, #3096, #3126 ) ) ;
#2919 = FILL_AREA_STYLE_COLOUR ( '', #6833 ) ;
#2920 = CARTESIAN_POINT ( 'NONE',  ( 0.3400000000000036326, 20.35000000000000497, 4.001964908660714748 ) ) ;
#2921 = PRESENTATION_LAYER_ASSIGNMENT (  '', '', ( #6171 ) ) ;
#2922 = CIRCLE ( 'NONE', #321, 0.2999999999999999334 ) ;
#2923 = AXIS2_PLACEMENT_3D ( 'NONE', #5529, #2264, #2166 ) ;
#2924 = ORIENTED_EDGE ( 'NONE', *, *, #6601, .F. ) ;
#2925 = SURFACE_SIDE_STYLE ('',( #6360 ) ) ;
#2926 = EDGE_CURVE ( 'NONE', #3078, #3478, #4155, .T. ) ;
#2927 = CARTESIAN_POINT ( 'NONE',  ( -9.850000000000001421, 20.29999999999999716, 0.000000000000000000 ) ) ;
#2928 = CARTESIAN_POINT ( 'NONE',  ( -11.60000000000000320, 40.93805269026350402, -1.400000000000000133 ) ) ;
#2929 = STYLED_ITEM ( 'NONE', ( #930 ), #3290 ) ;
#2930 = EDGE_LOOP ( 'NONE', ( #4828, #5835, #278, #6960 ) ) ;
#2931 = EDGE_CURVE ( 'NONE', #5298, #6528, #5567, .T. ) ;
#2932 = ADVANCED_FACE ( 'NONE', ( #3042 ), #4769, .T. ) ;
#2933 = VERTEX_POINT ( 'NONE', #3593 ) ;
#2934 = PLANE ( 'NONE',  #3672 ) ;
#2935 = CARTESIAN_POINT ( 'NONE',  ( 1.238366680417230414, 20.39999999999999503, 2.117426014588249750 ) ) ;
#2936 = CARTESIAN_POINT ( 'NONE',  ( 7.800000000000000711, 1.000000000000000888, -3.949999999999998845 ) ) ;
#2937 = ORIENTED_EDGE ( 'NONE', *, *, #5593, .T. ) ;
#2938 = LINE ( 'NONE', #6801, #6096 ) ;
#2939 = VECTOR ( 'NONE', #5723, 1000.000000000000000 ) ;
#2940 = DIRECTION ( 'NONE',  ( 0.000000000000000000, 5.421010862427555302E-15, 1.000000000000000000 ) ) ;
#2941 = ORIENTED_EDGE ( 'NONE', *, *, #4045, .T. ) ;
#2942 = CARTESIAN_POINT ( 'NONE',  ( -9.400000000000002132, 0.5000000000000000000, -4.999999999999997335 ) ) ;
#2943 = COLOUR_RGB ( '',0.000000000000000000, 0.000000000000000000, 1.000000000000000000 ) ;
#2944 = VERTEX_POINT ( 'NONE', #713 ) ;
#2945 = PLANE ( 'NONE',  #2788 ) ;
#2946 = DIRECTION ( 'NONE',  ( 0.000000000000000000, 0.000000000000000000, -1.000000000000000000 ) ) ;
#2947 = VECTOR ( 'NONE', #5387, 1000.000000000000000 ) ;
#2948 = ORIENTED_EDGE ( 'NONE', *, *, #3795, .T. ) ;
#2949 = SURFACE_SIDE_STYLE ('',( #1053 ) ) ;
#2950 = STYLED_ITEM ( 'NONE', ( #2491 ), #1125 ) ;
#2951 = COLOUR_RGB ( '',0.2509803921568627416, 0.2509803921568627416, 0.2509803921568627416 ) ;
#2952 = FACE_OUTER_BOUND ( 'NONE', #1811, .T. ) ;
#2953 = SURFACE_SIDE_STYLE ('',( #5331 ) ) ;
#2954 = VECTOR ( 'NONE', #1238, 1000.000000000000000 ) ;
#2955 = EDGE_CURVE ( 'NONE', #4326, #6528, #3521, .T. ) ;
#2956 = CLOSED_SHELL ( 'NONE', ( #4944, #7009, #219, #5453, #2239, #3702 ) ) ;
#2957 = VECTOR ( 'NONE', #5493, 1000.000000000000000 ) ;
#2958 = ORIENTED_EDGE ( 'NONE', *, *, #7351, .T. ) ;
#2959 = ORIENTED_EDGE ( 'NONE', *, *, #2841, .T. ) ;
#2960 = MECHANICAL_DESIGN_GEOMETRIC_PRESENTATION_REPRESENTATION (  '', ( #6220 ), #5624 ) ;
#2961 = PRESENTATION_STYLE_ASSIGNMENT (( #6834 ) ) ;
#2962 = FACE_OUTER_BOUND ( 'NONE', #835, .T. ) ;
#2963 = CARTESIAN_POINT ( 'NONE',  ( -11.60000000000000497, 1.000000000000000888, -13.79999999999999893 ) ) ;
#2964 = LINE ( 'NONE', #3002, #5198 ) ;
#2965 = EDGE_CURVE ( 'NONE', #3109, #4098, #2964, .T. ) ;
#2966 = MECHANICAL_DESIGN_GEOMETRIC_PRESENTATION_REPRESENTATION (  '', ( #2636 ), #7047 ) ;
#2967 =( LENGTH_UNIT ( ) NAMED_UNIT ( * ) SI_UNIT ( .MILLI., .METRE. ) );
#2968 = SURFACE_STYLE_USAGE ( .BOTH. , #6417 ) ;
#2969 = ORIENTED_EDGE ( 'NONE', *, *, #5271, .T. ) ;
#2970 = DIRECTION ( 'NONE',  ( 0.000000000000000000, 1.000000000000000000, 0.000000000000000000 ) ) ;
#2971 = LINE ( 'NONE', #2343, #3831 ) ;
#2972 = DIRECTION ( 'NONE',  ( -0.000000000000000000, -1.000000000000000000, 0.000000000000000000 ) ) ;
#2973 = AXIS2_PLACEMENT_3D ( 'NONE', #4935, #3171, #1514 ) ;
#2974 =( NAMED_UNIT ( * ) SI_UNIT ( $, .STERADIAN. ) SOLID_ANGLE_UNIT ( ) );
#2975 = EDGE_CURVE ( 'NONE', #2750, #3221, #3633, .T. ) ;
#2976 = CYLINDRICAL_SURFACE ( 'NONE', #1393, 0.2999999999999999889 ) ;
#2977 = ORIENTED_EDGE ( 'NONE', *, *, #1092, .F. ) ;
#2978 = FILL_AREA_STYLE ('',( #6389 ) ) ;
#2979 = ORIENTED_EDGE ( 'NONE', *, *, #2761, .T. ) ;
#2980 = FACE_OUTER_BOUND ( 'NONE', #6608, .T. ) ;
#2981 = DIRECTION ( 'NONE',  ( -1.000000000000000000, -0.000000000000000000, -0.000000000000000000 ) ) ;
#2982 = AXIS2_PLACEMENT_3D ( 'NONE', #5506, #4979, #6650 ) ;
#2983 = CARTESIAN_POINT ( 'NONE',  ( 8.500000000000000000, 0.5000000000000004441, -2.949999999999997957 ) ) ;
#2984 = LINE ( 'NONE', #666, #4585 ) ;
#2985 = MECHANICAL_DESIGN_GEOMETRIC_PRESENTATION_REPRESENTATION (  '', ( #4531 ), #3938 ) ;
#2986 = ORIENTED_EDGE ( 'NONE', *, *, #2487, .F. ) ;
#2987 = LINE ( 'NONE', #3896, #2329 ) ;
#2988 =( GEOMETRIC_REPRESENTATION_CONTEXT ( 3 ) GLOBAL_UNCERTAINTY_ASSIGNED_CONTEXT ( ( #6164 ) ) GLOBAL_UNIT_ASSIGNED_CONTEXT ( ( #2070, #2657, #4284 ) ) REPRESENTATION_CONTEXT ( 'NONE', 'WORKASPACE' ) );
#2989 = CARTESIAN_POINT ( 'NONE',  ( -11.60000000000000320, 40.93805269026350402, -0.4499999999999990119 ) ) ;
#2990 =( NAMED_UNIT ( * ) PLANE_ANGLE_UNIT ( ) SI_UNIT ( $, .RADIAN. ) );
#2991 = CARTESIAN_POINT ( 'NONE',  ( -0.4999999999999971689, -2.699999999999905587, 11.20000000000062457 ) ) ;
#2992 = SURFACE_STYLE_USAGE ( .BOTH. , #4029 ) ;
#2993 = AXIS2_PLACEMENT_3D ( 'NONE', #338, #7209, #4882 ) ;
#2994 = CARTESIAN_POINT ( 'NONE',  ( -12.80000000000000249, 1.000000000000000888, 0.4500000000000007327 ) ) ;
#2995 = STYLED_ITEM ( 'NONE', ( #5253 ), #4702 ) ;
#2996 =( GEOMETRIC_REPRESENTATION_CONTEXT ( 3 ) GLOBAL_UNCERTAINTY_ASSIGNED_CONTEXT ( ( #1529 ) ) GLOBAL_UNIT_ASSIGNED_CONTEXT ( ( #7311, #2740, #3772 ) ) REPRESENTATION_CONTEXT ( 'NONE', 'WORKASPACE' ) );
#2997 = ORIENTED_EDGE ( 'NONE', *, *, #4758, .F. ) ;
#2998 = CARTESIAN_POINT ( 'NONE',  ( -11.60000000000000497, 0.5000000000000001110, -1.400000000000000355 ) ) ;
#2999 = ADVANCED_FACE ( 'NONE', ( #7058 ), #2838, .T. ) ;
#3000 = SURFACE_SIDE_STYLE ('',( #6931 ) ) ;
#3001 = SURFACE_STYLE_FILL_AREA ( #1907 ) ;
#3002 = CARTESIAN_POINT ( 'NONE',  ( 0.000000000000000000, 0.5000000000000000000, -15.00000000000000000 ) ) ;
#3003 = ORIENTED_EDGE ( 'NONE', *, *, #7052, .F. ) ;
#3004 =( GEOMETRIC_REPRESENTATION_CONTEXT ( 3 ) GLOBAL_UNCERTAINTY_ASSIGNED_CONTEXT ( ( #5105 ) ) GLOBAL_UNIT_ASSIGNED_CONTEXT ( ( #872, #4854, #4121 ) ) REPRESENTATION_CONTEXT ( 'NONE', 'WORKASPACE' ) );
#3005 = VERTEX_POINT ( 'NONE', #3711 ) ;
#3006 = CARTESIAN_POINT ( 'NONE',  ( -12.25857864376269291, 20.39999999999999858, 0.2085786437626900858 ) ) ;
#3007 = PRESENTATION_STYLE_ASSIGNMENT (( #4201 ) ) ;
#3008 = EDGE_CURVE ( 'NONE', #1961, #4596, #1504, .T. ) ;
#3009 = CARTESIAN_POINT ( 'NONE',  ( -9.400000000000002132, 1.000000000000000444, -4.999999999999997335 ) ) ;
#3010 = STYLED_ITEM ( 'NONE', ( #1064 ), #5270 ) ;
#3011 = LINE ( 'NONE', #4499, #3558 ) ;
#3012 = MECHANICAL_DESIGN_GEOMETRIC_PRESENTATION_REPRESENTATION (  '', ( #72 ), #668 ) ;
#3013 = SURFACE_SIDE_STYLE ('',( #6505 ) ) ;
#3014 = VERTEX_POINT ( 'NONE', #7289 ) ;
#3015 = CARTESIAN_POINT ( 'NONE',  ( 11.59999999999999964, 0.5000000000000004441, -5.449999999999999289 ) ) ;
#3016 = ORIENTED_EDGE ( 'NONE', *, *, #888, .F. ) ;
#3017 = PLANE ( 'NONE',  #1144 ) ;
#3018 = EDGE_CURVE ( 'NONE', #2265, #1456, #2651, .T. ) ;
#3019 = ORIENTED_EDGE ( 'NONE', *, *, #5737, .T. ) ;
#3020 = FACE_OUTER_BOUND ( 'NONE', #5021, .T. ) ;
#3021 = CIRCLE ( 'NONE', #5422, 0.2999999999999999334 ) ;
#3022 = STYLED_ITEM ( 'NONE', ( #224 ), #2387 ) ;
#3023 = LINE ( 'NONE', #6320, #4823 ) ;
#3024 = AXIS2_PLACEMENT_3D ( 'NONE', #3726, #5991, #4335 ) ;
#3025 = STYLED_ITEM ( 'NONE', ( #2224 ), #2561 ) ;
#3026 = ORIENTED_EDGE ( 'NONE', *, *, #732, .F. ) ;
#3027 = STYLED_ITEM ( 'NONE', ( #4812 ), #1859 ) ;
#3028 = CARTESIAN_POINT ( 'NONE',  ( -0.2497890255637147672, 20.39999999999999858, 3.944904908936015087 ) ) ;
#3029 = ADVANCED_FACE ( 'NONE', ( #4432 ), #4205, .T. ) ;
#3030 = DIRECTION ( 'NONE',  ( -0.000000000000000000, 1.000000000000000000, -0.000000000000000000 ) ) ;
#3031 = CARTESIAN_POINT ( 'NONE',  ( 0.000000000000000000, 1.500000000000000000, -15.00000000000000000 ) ) ;
#3032 =( NAMED_UNIT ( * ) SI_UNIT ( $, .STERADIAN. ) SOLID_ANGLE_UNIT ( ) );
#3033 = UNCERTAINTY_MEASURE_WITH_UNIT (LENGTH_MEASURE( 1.000000000000000082E-05 ), #973, 'distance_accuracy_value', 'NONE');
#3034 = SURFACE_STYLE_USAGE ( .BOTH. , #2953 ) ;
#3035 =( GEOMETRIC_REPRESENTATION_CONTEXT ( 3 ) GLOBAL_UNCERTAINTY_ASSIGNED_CONTEXT ( ( #6051 ) ) GLOBAL_UNIT_ASSIGNED_CONTEXT ( ( #1794, #6333, #5828 ) ) REPRESENTATION_CONTEXT ( 'NONE', 'WORKASPACE' ) );
#3036 =( GEOMETRIC_REPRESENTATION_CONTEXT ( 3 ) GLOBAL_UNCERTAINTY_ASSIGNED_CONTEXT ( ( #1675 ) ) GLOBAL_UNIT_ASSIGNED_CONTEXT ( ( #5029, #3183, #2638 ) ) REPRESENTATION_CONTEXT ( 'NONE', 'WORKASPACE' ) );
#3037 = DIRECTION ( 'NONE',  ( 0.000000000000000000, 1.000000000000000000, 0.000000000000000000 ) ) ;
#3038 = STYLED_ITEM ( 'NONE', ( #895 ), #3738 ) ;
#3039 = SURFACE_SIDE_STYLE ('',( #6486 ) ) ;
#3040 = SURFACE_STYLE_USAGE ( .BOTH. , #3000 ) ;
#3041 = CARTESIAN_POINT ( 'NONE',  ( 1.028804057990393428, 20.40000000000000213, 3.874892614148513825 ) ) ;
#3042 = FACE_OUTER_BOUND ( 'NONE', #441, .T. ) ;
#3043 = COLOUR_RGB ( '',0.000000000000000000, 0.000000000000000000, 1.000000000000000000 ) ;
#3044 = FACE_OUTER_BOUND ( 'NONE', #1850, .T. ) ;
#3045 = SURFACE_STYLE_FILL_AREA ( #2022 ) ;
#3046 = ORIENTED_EDGE ( 'NONE', *, *, #3103, .T. ) ;
#3047 = CARTESIAN_POINT ( 'NONE',  ( -10.35000000000000142, 1.000000000000000000, 1.050000000000000044 ) ) ;
#3048 = SURFACE_SIDE_STYLE ('',( #1841 ) ) ;
#3049 = DIRECTION ( 'NONE',  ( 1.000000000000000000, 0.000000000000000000, 0.000000000000000000 ) ) ;
#3050 = DIRECTION ( 'NONE',  ( 0.000000000000000000, 0.000000000000000000, 1.000000000000000000 ) ) ;
#3051 = SURFACE_STYLE_USAGE ( .BOTH. , #1676 ) ;
#3052 = VECTOR ( 'NONE', #2745, 1000.000000000000000 ) ;
#3053 = ADVANCED_FACE ( 'NONE', ( #4845 ), #1572, .F. ) ;
#3054 =( LENGTH_UNIT ( ) NAMED_UNIT ( * ) SI_UNIT ( .MILLI., .METRE. ) );
#3055 = ORIENTED_EDGE ( 'NONE', *, *, #3559, .F. ) ;
#3056 = PRESENTATION_STYLE_ASSIGNMENT (( #5988 ) ) ;
#3057 = EDGE_LOOP ( 'NONE', ( #2941, #2207, #2784, #6232 ) ) ;
#3058 = LINE ( 'NONE', #3611, #5600 ) ;
#3059 =( LENGTH_UNIT ( ) NAMED_UNIT ( * ) SI_UNIT ( .MILLI., .METRE. ) );
#3060 = EDGE_LOOP ( 'NONE', ( #8, #4560, #847, #161 ) ) ;
#3061 = LINE ( 'NONE', #1965, #1719 ) ;
#3062 = PRODUCT_DEFINITION_CONTEXT ( 'detailed design', #3487, 'design' ) ;
#3063 = LINE ( 'NONE', #4790, #5434 ) ;
#3064 = EDGE_CURVE ( 'NONE', #6886, #6718, #1021, .T. ) ;
#3065 = ORIENTED_EDGE ( 'NONE', *, *, #3008, .T. ) ;
#3066 = CIRCLE ( 'NONE', #7269, 0.2999999999999999334 ) ;
#3067 = CARTESIAN_POINT ( 'NONE',  ( -0.07846993549689136593, 20.39999999999999858, 4.012642509165750937 ) ) ;
#3068 = CARTESIAN_POINT ( 'NONE',  ( 6.300000000000000711, 40.93805269026350402, -5.450000000000000178 ) ) ;
#3069 = CARTESIAN_POINT ( 'NONE',  ( 1.174824957237364798, 20.20000000000000284, 2.767851580022491653 ) ) ;
#3070 = LINE ( 'NONE', #4719, #1807 ) ;
#3071 = DIRECTION ( 'NONE',  ( 0.000000000000000000, 0.000000000000000000, -1.000000000000000000 ) ) ;
#3072 = AXIS2_PLACEMENT_3D ( 'NONE', #5928, #184, #6557 ) ;
#3073 =( NAMED_UNIT ( * ) SI_UNIT ( $, .STERADIAN. ) SOLID_ANGLE_UNIT ( ) );
#3074 = DIRECTION ( 'NONE',  ( 0.000000000000000000, 1.000000000000000000, 0.000000000000000000 ) ) ;
#3075 =( NAMED_UNIT ( * ) PLANE_ANGLE_UNIT ( ) SI_UNIT ( $, .RADIAN. ) );
#3076 = CARTESIAN_POINT ( 'NONE',  ( 1.384904908935824075, 20.39999999999999858, 3.489789025563845737 ) ) ;
#3077 = SURFACE_STYLE_USAGE ( .BOTH. , #195 ) ;
#3078 = VERTEX_POINT ( 'NONE', #5007 ) ;
#3079 = PRESENTATION_LAYER_ASSIGNMENT (  '', '', ( #611 ) ) ;
#3080 = VECTOR ( 'NONE', #1704, 1000.000000000000000 ) ;
#3081 = LINE ( 'NONE', #4195, #5373 ) ;
#3082 = AXIS2_PLACEMENT_3D ( 'NONE', #7262, #6675, #1580 ) ;
#3083 = FILL_AREA_STYLE_COLOUR ( '', #3999 ) ;
#3084 = ORIENTED_EDGE ( 'NONE', *, *, #2680, .T. ) ;
#3085 = LINE ( 'NONE', #5377, #5238 ) ;
#3086 = PRESENTATION_LAYER_ASSIGNMENT (  '', '', ( #4523 ) ) ;
#3087 = DIRECTION ( 'NONE',  ( -0.7071067811865515695, 0.000000000000000000, -0.7071067811865435759 ) ) ;
#3088 = SURFACE_SIDE_STYLE ('',( #1409 ) ) ;
#3089 = COLOUR_RGB ( '',0.000000000000000000, 0.000000000000000000, 1.000000000000000000 ) ;
#3090 = ORIENTED_EDGE ( 'NONE', *, *, #4661, .F. ) ;
#3091 = DIRECTION ( 'NONE',  ( -0.000000000000000000, -1.000000000000000000, -0.000000000000000000 ) ) ;
#3092 = DIRECTION ( 'NONE',  ( -0.000000000000000000, 1.000000000000000000, -0.000000000000000000 ) ) ;
#3093 = VERTEX_POINT ( 'NONE', #3158 ) ;
#3094 = DIRECTION ( 'NONE',  ( 1.000000000000000000, 0.000000000000000000, 0.000000000000000000 ) ) ;
#3095 = SURFACE_STYLE_FILL_AREA ( #1479 ) ;
#3096 = ORIENTED_EDGE ( 'NONE', *, *, #6311, .F. ) ;
#3097 = CIRCLE ( 'NONE', #5976, 1.101964908660714837 ) ;
#3098 = CARTESIAN_POINT ( 'NONE',  ( 4.599999999999998757, 0.5000000000000000000, 7.700000000000002842 ) ) ;
#3099 = ORIENTED_EDGE ( 'NONE', *, *, #6501, .F. ) ;
#3100 =( NAMED_UNIT ( * ) PLANE_ANGLE_UNIT ( ) SI_UNIT ( $, .RADIAN. ) );
#3101 = DIRECTION ( 'NONE',  ( 0.000000000000000000, 0.000000000000000000, 1.000000000000000000 ) ) ;
#3102 = DIRECTION ( 'NONE',  ( 0.000000000000000000, 0.000000000000000000, 1.000000000000000000 ) ) ;
#3103 = EDGE_CURVE ( 'NONE', #3109, #3419, #5411, .T. ) ;
#3104 =( GEOMETRIC_REPRESENTATION_CONTEXT ( 3 ) GLOBAL_UNCERTAINTY_ASSIGNED_CONTEXT ( ( #4144 ) ) GLOBAL_UNIT_ASSIGNED_CONTEXT ( ( #994, #5540, #6400 ) ) REPRESENTATION_CONTEXT ( 'NONE', 'WORKASPACE' ) );
#3105 = CIRCLE ( 'NONE', #733, 0.5000000000000004441 ) ;
#3106 = DIRECTION ( 'NONE',  ( -1.000000000000000000, 0.000000000000000000, 0.000000000000000000 ) ) ;
#3107 = ORIENTED_EDGE ( 'NONE', *, *, #7150, .T. ) ;
#3108 = CARTESIAN_POINT ( 'NONE',  ( -0.7495338162783330427, 20.39999999999999858, 3.375436585339286921 ) ) ;
#3109 = VERTEX_POINT ( 'NONE', #4573 ) ;
#3110 = CARTESIAN_POINT ( 'NONE',  ( 7.200000000000001954, 0.5000000000000000000, 15.00000000000000000 ) ) ;
#3111 = COLOUR_RGB ( '',0.2509803921568627416, 0.2509803921568627416, 0.2509803921568627416 ) ;
#3112 = LINE ( 'NONE', #4755, #5255 ) ;
#3113 = CARTESIAN_POINT ( 'NONE',  ( -10.05000000000000426, 0.5000000000000000000, 14.69999999999999929 ) ) ;
#3114 = EDGE_CURVE ( 'NONE', #1709, #2744, #3021, .T. ) ;
#3115 = UNCERTAINTY_MEASURE_WITH_UNIT (LENGTH_MEASURE( 1.000000000000000082E-05 ), #166, 'distance_accuracy_value', 'NONE');
#3116 = MECHANICAL_DESIGN_GEOMETRIC_PRESENTATION_REPRESENTATION (  '', ( #1224 ), #5390 ) ;
#3117 = DIRECTION ( 'NONE',  ( 0.000000000000000000, -0.000000000000000000, 1.000000000000000000 ) ) ;
#3118 = FACE_OUTER_BOUND ( 'NONE', #396, .T. ) ;
#3119 = EDGE_CURVE ( 'NONE', #3248, #480, #4003, .T. ) ;
#3120 = DIRECTION ( 'NONE',  ( 1.000000000000000000, 0.000000000000000000, 3.942553354492744024E-16 ) ) ;
#3121 =( NAMED_UNIT ( * ) PLANE_ANGLE_UNIT ( ) SI_UNIT ( $, .RADIAN. ) );
#3122 = DIRECTION ( 'NONE',  ( 0.000000000000000000, -0.000000000000000000, -1.000000000000000000 ) ) ;
#3123 = ORIENTED_EDGE ( 'NONE', *, *, #4299, .F. ) ;
#3124 = SURFACE_STYLE_USAGE ( .BOTH. , #1402 ) ;
#3125 = CARTESIAN_POINT ( 'NONE',  ( 0.3400000000000036326, 20.38169872981078612, 4.020266178849936978 ) ) ;
#3126 = ORIENTED_EDGE ( 'NONE', *, *, #6234, .F. ) ;
#3127 =( NAMED_UNIT ( * ) PLANE_ANGLE_UNIT ( ) SI_UNIT ( $, .RADIAN. ) );
#3128 = FILL_AREA_STYLE_COLOUR ( '', #143 ) ;
#3129 = STYLED_ITEM ( 'NONE', ( #2846 ), #4868 ) ;
#3130 = SURFACE_SIDE_STYLE ('',( #7068 ) ) ;
#3131 = ORIENTED_EDGE ( 'NONE', *, *, #5126, .F. ) ;
#3132 =( NAMED_UNIT ( * ) SI_UNIT ( $, .STERADIAN. ) SOLID_ANGLE_UNIT ( ) );
#3133 = MECHANICAL_DESIGN_GEOMETRIC_PRESENTATION_REPRESENTATION (  '', ( #425 ), #4453 ) ;
#3134 = ORIENTED_EDGE ( 'NONE', *, *, #4911, .F. ) ;
#3135 =( NAMED_UNIT ( * ) SI_UNIT ( $, .STERADIAN. ) SOLID_ANGLE_UNIT ( ) );
#3136 = ORIENTED_EDGE ( 'NONE', *, *, #1371, .F. ) ;
#3137 = FILL_AREA_STYLE ('',( #842 ) ) ;
#3138 = DIRECTION ( 'NONE',  ( -0.000000000000000000, 1.000000000000000000, 0.000000000000000000 ) ) ;
#3139 = UNCERTAINTY_MEASURE_WITH_UNIT (LENGTH_MEASURE( 1.000000000000000082E-05 ), #3973, 'distance_accuracy_value', 'NONE');
#3140 = CARTESIAN_POINT ( 'NONE',  ( -13.80000000000000071, 0.4000000000000000222, -11.40839202169004096 ) ) ;
#3141 = VERTEX_POINT ( 'NONE', #2292 ) ;
#3142 = CARTESIAN_POINT ( 'NONE',  ( 7.200000000000001954, 1.000000000000000888, 15.00000000000000000 ) ) ;
#3143 = VERTEX_POINT ( 'NONE', #4605 ) ;
#3144 = VECTOR ( 'NONE', #3294, 1000.000000000000000 ) ;
#3145 = FILL_AREA_STYLE_COLOUR ( '', #4925 ) ;
#3146 = UNCERTAINTY_MEASURE_WITH_UNIT (LENGTH_MEASURE( 1.000000000000000082E-05 ), #1106, 'distance_accuracy_value', 'NONE');
#3147 = DIRECTION ( 'NONE',  ( -0.000000000000000000, -1.000000000000000000, 0.000000000000000000 ) ) ;
#3148 = SURFACE_STYLE_FILL_AREA ( #2124 ) ;
#3149 = PRESENTATION_STYLE_ASSIGNMENT (( #7246 ) ) ;
#3150 =( GEOMETRIC_REPRESENTATION_CONTEXT ( 3 ) GLOBAL_UNCERTAINTY_ASSIGNED_CONTEXT ( ( #4309 ) ) GLOBAL_UNIT_ASSIGNED_CONTEXT ( ( #6523, #814, #5360 ) ) REPRESENTATION_CONTEXT ( 'NONE', 'WORKASPACE' ) );
#3151 = COLOUR_RGB ( '',0.7921568627450980005, 0.8196078431372548767, 0.9333333333333333481 ) ;
#3152 = ADVANCED_FACE ( 'NONE', ( #15 ), #2098, .T. ) ;
#3153 = STYLED_ITEM ( 'NONE', ( #6766 ), #2878 ) ;
#3154 = CARTESIAN_POINT ( 'NONE',  ( -5.600000000000000533, -3.199999999992542143, 9.188163490343018935 ) ) ;
#3155 = CARTESIAN_POINT ( 'NONE',  ( -9.400000000000002132, 0.5000000000000000000, -4.999999999999997335 ) ) ;
#3156 = SURFACE_STYLE_USAGE ( .BOTH. , #339 ) ;
#3157 = CARTESIAN_POINT ( 'NONE',  ( 12.80000000000000249, 0.4000000000000000222, -12.59160797830996259 ) ) ;
#3158 = CARTESIAN_POINT ( 'NONE',  ( -9.150000000000000355, 1.000000000000000888, 1.050000000000000488 ) ) ;
#3159 = VECTOR ( 'NONE', #861, 1000.000000000000000 ) ;
#3160 = ADVANCED_FACE ( 'NONE', ( #542 ), #5077, .F. ) ;
#3161 = ADVANCED_FACE ( 'NONE', ( #5178 ), #645, .T. ) ;
#3162 =( GEOMETRIC_REPRESENTATION_CONTEXT ( 3 ) GLOBAL_UNCERTAINTY_ASSIGNED_CONTEXT ( ( #1210 ) ) GLOBAL_UNIT_ASSIGNED_CONTEXT ( ( #3583, #703, #5215 ) ) REPRESENTATION_CONTEXT ( 'NONE', 'WORKASPACE' ) );
#3163 = CARTESIAN_POINT ( 'NONE',  ( 0.3400000000000036882, 20.35000000000000497, 1.798035091339285074 ) ) ;
#3164 = ADVANCED_FACE ( 'NONE', ( #5289 ), #5862, .T. ) ;
#3165 = ORIENTED_EDGE ( 'NONE', *, *, #113, .T. ) ;
#3166 =( NAMED_UNIT ( * ) SI_UNIT ( $, .STERADIAN. ) SOLID_ANGLE_UNIT ( ) );
#3167 = FILL_AREA_STYLE_COLOUR ( '', #5282 ) ;
#3168 = LINE ( 'NONE', #349, #4058 ) ;
#3169 = SURFACE_SIDE_STYLE ('',( #468 ) ) ;
#3170 =( NAMED_UNIT ( * ) SI_UNIT ( $, .STERADIAN. ) SOLID_ANGLE_UNIT ( ) );
#3171 = DIRECTION ( 'NONE',  ( 0.000000000000000000, -1.000000000000000000, 0.000000000000000000 ) ) ;
#3172 = STYLED_ITEM ( 'NONE', ( #6777 ), #3833 ) ;
#3173 = DIRECTION ( 'NONE',  ( 0.000000000000000000, 0.000000000000000000, -1.000000000000000000 ) ) ;
#3174 = VERTEX_POINT ( 'NONE', #4067 ) ;
#3175 = CARTESIAN_POINT ( 'NONE',  ( 8.500000000000000000, 20.29999999999999716, -2.949999999999997957 ) ) ;
#3176 = EDGE_LOOP ( 'NONE', ( #4624, #4333, #6513, #36 ) ) ;
#3177 = CARTESIAN_POINT ( 'NONE',  ( -0.1481275512461041333, 20.20000000000000284, 3.590708351962678346 ) ) ;
#3178 =( GEOMETRIC_REPRESENTATION_CONTEXT ( 3 ) GLOBAL_UNCERTAINTY_ASSIGNED_CONTEXT ( ( #6345 ) ) GLOBAL_UNIT_ASSIGNED_CONTEXT ( ( #6634, #5443, #937 ) ) REPRESENTATION_CONTEXT ( 'NONE', 'WORKASPACE' ) );
#3179 = VERTEX_POINT ( 'NONE', #3467 ) ;
#3180 = SURFACE_STYLE_USAGE ( .BOTH. , #2213 ) ;
#3181 = DIRECTION ( 'NONE',  ( 0.000000000000000000, -1.000000000000000000, -0.000000000000000000 ) ) ;
#3182 = ORIENTED_EDGE ( 'NONE', *, *, #1639, .F. ) ;
#3183 =( NAMED_UNIT ( * ) PLANE_ANGLE_UNIT ( ) SI_UNIT ( $, .RADIAN. ) );
#3184 = CARTESIAN_POINT ( 'NONE',  ( -0.3488040579902532135, 20.39999999999999503, 1.925107385851438702 ) ) ;
#3185 = VERTEX_POINT ( 'NONE', #2362 ) ;
#3186 = CARTESIAN_POINT ( 'NONE',  ( 0.7578061526295057915, 20.20000000000000284, 3.640422435828136294 ) ) ;
#3187 = PRESENTATION_STYLE_ASSIGNMENT (( #1602 ) ) ;
#3188 =( NAMED_UNIT ( * ) SI_UNIT ( $, .STERADIAN. ) SOLID_ANGLE_UNIT ( ) );
#3189 = UNCERTAINTY_MEASURE_WITH_UNIT (LENGTH_MEASURE( 1.000000000000000082E-05 ), #6359, 'distance_accuracy_value', 'NONE');
#3190 = FILL_AREA_STYLE_COLOUR ( '', #2586 ) ;
#3191 =( NAMED_UNIT ( * ) SI_UNIT ( $, .STERADIAN. ) SOLID_ANGLE_UNIT ( ) );
#3192 = DIRECTION ( 'NONE',  ( 0.000000000000000000, -0.000000000000000000, 1.000000000000000000 ) ) ;
#3193 =( GEOMETRIC_REPRESENTATION_CONTEXT ( 3 ) GLOBAL_UNCERTAINTY_ASSIGNED_CONTEXT ( ( #4875 ) ) GLOBAL_UNIT_ASSIGNED_CONTEXT ( ( #5252, #1267, #11 ) ) REPRESENTATION_CONTEXT ( 'NONE', 'WORKASPACE' ) );
#3194 =( NAMED_UNIT ( * ) PLANE_ANGLE_UNIT ( ) SI_UNIT ( $, .RADIAN. ) );
#3195 =( LENGTH_UNIT ( ) NAMED_UNIT ( * ) SI_UNIT ( .MILLI., .METRE. ) );
#3196 = CARTESIAN_POINT ( 'NONE',  ( 0.000000000000000000, 20.39999999999999858, 0.1499999999999998002 ) ) ;
#3197 = ADVANCED_FACE ( 'NONE', ( #188 ), #5930, .T. ) ;
#3198 = ORIENTED_EDGE ( 'NONE', *, *, #207, .T. ) ;
#3199 = VERTEX_POINT ( 'NONE', #5784 ) ;
#3200 = CARTESIAN_POINT ( 'NONE',  ( 8.500000000000000000, 20.29999999999999716, 16.00000000000000000 ) ) ;
#3201 = FACE_OUTER_BOUND ( 'NONE', #1748, .T. ) ;
#3202 = DIRECTION ( 'NONE',  ( 4.505775262277420984E-17, 0.000000000000000000, 1.000000000000000000 ) ) ;
#3203 = PRESENTATION_LAYER_ASSIGNMENT (  '', '', ( #5488 ) ) ;
#3204 = ADVANCED_FACE ( 'NONE', ( #5362 ), #5966, .T. ) ;
#3205 = ORIENTED_EDGE ( 'NONE', *, *, #207, .F. ) ;
#3206 = VECTOR ( 'NONE', #2015, 1000.000000000000000 ) ;
#3207 = DIRECTION ( 'NONE',  ( 0.000000000000000000, 0.000000000000000000, 1.000000000000000000 ) ) ;
#3208 = ORIENTED_EDGE ( 'NONE', *, *, #4348, .F. ) ;
#3209 = CARTESIAN_POINT ( 'NONE',  ( 7.500000000000000888, 1.000000000000000888, -3.949999999999998845 ) ) ;
#3210 = AXIS2_PLACEMENT_3D ( 'NONE', #1804, #5980, #1367 ) ;
#3211 = ORIENTED_EDGE ( 'NONE', *, *, #4231, .F. ) ;
#3212 = CARTESIAN_POINT ( 'NONE',  ( 0.2327311562218863095, 20.20000000000000284, 3.742157287525383236 ) ) ;
#3213 = SURFACE_SIDE_STYLE ('',( #3770 ) ) ;
#3214 = DIRECTION ( 'NONE',  ( 1.000000000000000000, 0.000000000000000000, 0.000000000000000000 ) ) ;
#3215 = DIRECTION ( 'NONE',  ( -0.000000000000000000, -1.000000000000000000, 0.000000000000000000 ) ) ;
#3216 = EDGE_CURVE ( 'NONE', #115, #4975, #4349, .T. ) ;
#3217 = MECHANICAL_DESIGN_GEOMETRIC_PRESENTATION_REPRESENTATION (  '', ( #6227 ), #3924 ) ;
#3218 = COLOUR_RGB ( '',0.7921568627450980005, 0.8196078431372548767, 0.9333333333333333481 ) ;
#3219 = LINE ( 'NONE', #1074, #2716 ) ;
#3220 = CARTESIAN_POINT ( 'NONE',  ( 4.599999999999997868, -2.700000000174895831, 9.899999999987585397 ) ) ;
#3221 = VERTEX_POINT ( 'NONE', #420 ) ;
#3222 = VERTEX_POINT ( 'NONE', #5522 ) ;
#3223 = UNCERTAINTY_MEASURE_WITH_UNIT (LENGTH_MEASURE( 1.000000000000000082E-05 ), #3438, 'distance_accuracy_value', 'NONE');
#3224 =( LENGTH_UNIT ( ) NAMED_UNIT ( * ) SI_UNIT ( .MILLI., .METRE. ) );
#3225 = SURFACE_SIDE_STYLE ('',( #3148 ) ) ;
#3226 =( NAMED_UNIT ( * ) SI_UNIT ( $, .STERADIAN. ) SOLID_ANGLE_UNIT ( ) );
#3227 = DIRECTION ( 'NONE',  ( 1.000000000000000000, 0.000000000000000000, 0.000000000000000000 ) ) ;
#3228 = SURFACE_SIDE_STYLE ('',( #382 ) ) ;
#3229 = SURFACE_STYLE_FILL_AREA ( #7288 ) ;
#3230 = PRESENTATION_STYLE_ASSIGNMENT (( #3786 ) ) ;
#3231 = DIRECTION ( 'NONE',  ( 0.000000000000000000, -1.000000000000000000, -0.000000000000000000 ) ) ;
#3232 = EDGE_LOOP ( 'NONE', ( #4342, #1204, #3530, #5790 ) ) ;
#3233 =( LENGTH_UNIT ( ) NAMED_UNIT ( * ) SI_UNIT ( .MILLI., .METRE. ) );
#3234 = DIRECTION ( 'NONE',  ( 0.000000000000000000, 1.000000000000000000, 0.000000000000000000 ) ) ;
#3235 = SURFACE_STYLE_USAGE ( .BOTH. , #5533 ) ;
#3236 = AXIS2_PLACEMENT_3D ( 'NONE', #328, #3106, #3830 ) ;
#3237 = ORIENTED_EDGE ( 'NONE', *, *, #4920, .F. ) ;
#3238 = MECHANICAL_DESIGN_GEOMETRIC_PRESENTATION_REPRESENTATION (  '', ( #3315 ), #4059 ) ;
#3239 = CARTESIAN_POINT ( 'NONE',  ( 7.500000000000002665, 1.000000000000000444, 14.69999999999999929 ) ) ;
#3240 = VERTEX_POINT ( 'NONE', #6525 ) ;
#3241 = ADVANCED_FACE ( 'NONE', ( #6663 ), #2717, .T. ) ;
#3242 = SURFACE_STYLE_USAGE ( .BOTH. , #5024 ) ;
#3243 = CYLINDRICAL_SURFACE ( 'NONE', #4180, 0.4000000000000010214 ) ;
#3244 = CARTESIAN_POINT ( 'NONE',  ( 11.59999999999999964, 40.93805269026350402, -5.449999999999999289 ) ) ;
#3245 =( GEOMETRIC_REPRESENTATION_CONTEXT ( 3 ) GLOBAL_UNCERTAINTY_ASSIGNED_CONTEXT ( ( #7277 ) ) GLOBAL_UNIT_ASSIGNED_CONTEXT ( ( #403, #6654, #5623 ) ) REPRESENTATION_CONTEXT ( 'NONE', 'WORKASPACE' ) );
#3246 =( GEOMETRIC_REPRESENTATION_CONTEXT ( 3 ) GLOBAL_UNCERTAINTY_ASSIGNED_CONTEXT ( ( #5442 ) ) GLOBAL_UNIT_ASSIGNED_CONTEXT ( ( #6246, #4677, #6399 ) ) REPRESENTATION_CONTEXT ( 'NONE', 'WORKASPACE' ) );
#3247 = CARTESIAN_POINT ( 'NONE',  ( 8.400000000000000355, -8.662741699796955075, -6.500000000000000000 ) ) ;
#3248 = VERTEX_POINT ( 'NONE', #7164 ) ;
#3249 = CARTESIAN_POINT ( 'NONE',  ( 13.50000000000000178, 0.5000000000000002220, -3.249999999999999556 ) ) ;
#3250 = ORIENTED_EDGE ( 'NONE', *, *, #4612, .F. ) ;
#3251 = CARTESIAN_POINT ( 'NONE',  ( 0.5506000578305838555, 20.20000000000000639, 2.077552477117888152 ) ) ;
#3252 = DIRECTION ( 'NONE',  ( 0.000000000000000000, 0.000000000000000000, -1.000000000000000000 ) ) ;
#3253 = FILL_AREA_STYLE ('',( #460 ) ) ;
#3254 = ITEM_DEFINED_TRANSFORMATION ( 'NONE', 'NONE', #1797,  #6240 ) ;
#3255 = UNCERTAINTY_MEASURE_WITH_UNIT (LENGTH_MEASURE( 1.000000000000000082E-05 ), #5934, 'distance_accuracy_value', 'NONE');
#3256 = AXIS2_PLACEMENT_3D ( 'NONE', #5605, #1059, #7333 ) ;
#3257 = AXIS2_PLACEMENT_3D ( 'NONE', #1816, #5164, #5885 ) ;
#3258 = FACE_OUTER_BOUND ( 'NONE', #3493, .T. ) ;
#3259 = CARTESIAN_POINT ( 'NONE',  ( 6.300000000000000711, 0.5000000000000004441, -5.450000000000000178 ) ) ;
#3260 = FILL_AREA_STYLE ('',( #7092 ) ) ;
#3261 = DIRECTION ( 'NONE',  ( -0.000000000000000000, 1.000000000000000000, -0.000000000000000000 ) ) ;
#3262 = STYLED_ITEM ( 'NONE', ( #5246 ), #2670 ) ;
#3263 =( GEOMETRIC_REPRESENTATION_CONTEXT ( 3 ) GLOBAL_UNCERTAINTY_ASSIGNED_CONTEXT ( ( #3626 ) ) GLOBAL_UNIT_ASSIGNED_CONTEXT ( ( #2270, #1737, #6284 ) ) REPRESENTATION_CONTEXT ( 'NONE', 'WORKASPACE' ) );
#3264 = STYLED_ITEM ( 'NONE', ( #2665 ), #5735 ) ;
#3265 = SURFACE_STYLE_USAGE ( .BOTH. , #432 ) ;
#3266 = DIRECTION ( 'NONE',  ( 1.000000000000000000, 0.000000000000000000, 0.000000000000000000 ) ) ;
#3267 = ORIENTED_EDGE ( 'NONE', *, *, #4452, .F. ) ;
#3268 = SURFACE_SIDE_STYLE ('',( #4364 ) ) ;
#3269 = CARTESIAN_POINT ( 'NONE',  ( -9.150000000000002132, 0.5000000000000003331, 11.30000000000000249 ) ) ;
#3270 =( NAMED_UNIT ( * ) SI_UNIT ( $, .STERADIAN. ) SOLID_ANGLE_UNIT ( ) );
#3271 = VECTOR ( 'NONE', #3120, 1000.000000000000000 ) ;
#3272 = STYLED_ITEM ( 'NONE', ( #7098 ), #3421 ) ;
#3273 = ORIENTED_EDGE ( 'NONE', *, *, #6252, .F. ) ;
#3274 =( NAMED_UNIT ( * ) PLANE_ANGLE_UNIT ( ) SI_UNIT ( $, .RADIAN. ) );
#3275 = CARTESIAN_POINT ( 'NONE',  ( -0.5021909054986390952, 20.19999999999999929, 2.953370979833178200 ) ) ;
#3276 = VERTEX_POINT ( 'NONE', #292 ) ;
#3277 = MECHANICAL_DESIGN_GEOMETRIC_PRESENTATION_REPRESENTATION (  '', ( #1996 ), #4481 ) ;
#3278 = FACE_OUTER_BOUND ( 'NONE', #2803, .T. ) ;
#3279 = ADVANCED_FACE ( 'NONE', ( #4835 ), #2013, .F. ) ;
#3280 = SURFACE_STYLE_FILL_AREA ( #6190 ) ;
#3281 = LINE ( 'NONE', #2672, #5755 ) ;
#3282 = VERTEX_POINT ( 'NONE', #1333 ) ;
#3283 = CARTESIAN_POINT ( 'NONE',  ( 13.50000000000000178, 0.5000000000000004441, -3.549999999999999378 ) ) ;
#3284 = EDGE_LOOP ( 'NONE', ( #880, #82, #4072, #3835 ) ) ;
#3285 = UNCERTAINTY_MEASURE_WITH_UNIT (LENGTH_MEASURE( 1.000000000000000082E-05 ), #465, 'distance_accuracy_value', 'NONE');
#3286 =( LENGTH_UNIT ( ) NAMED_UNIT ( * ) SI_UNIT ( .MILLI., .METRE. ) );
#3287 = DIRECTION ( 'NONE',  ( -0.000000000000000000, 1.000000000000000000, -0.000000000000000000 ) ) ;
#3288 = DIRECTION ( 'NONE',  ( 1.636531581110195902E-16, 0.000000000000000000, -1.000000000000000000 ) ) ;
#3289 = ADVANCED_FACE ( 'NONE', ( #3809 ), #2081, .F. ) ;
#3290 = ADVANCED_FACE ( 'NONE', ( #2150 ), #3733, .T. ) ;
#3291 = CARTESIAN_POINT ( 'NONE',  ( -10.05000000000000426, 1.000000000000000888, 13.80000000000000071 ) ) ;
#3292 =( LENGTH_UNIT ( ) NAMED_UNIT ( * ) SI_UNIT ( .MILLI., .METRE. ) );
#3293 = CARTESIAN_POINT ( 'NONE',  ( 10.20000000000000107, 0.5000000000000000000, -13.29999999999999893 ) ) ;
#3294 = DIRECTION ( 'NONE',  ( -1.000000000000000000, 0.000000000000000000, 0.000000000000000000 ) ) ;
#3295 = CARTESIAN_POINT ( 'NONE',  ( -5.600000000000000533, 1.000000000000000888, 9.900000000000002132 ) ) ;
#3296 = SURFACE_STYLE_USAGE ( .BOTH. , #6782 ) ;
#3297 = FILL_AREA_STYLE_COLOUR ( '', #1744 ) ;
#3298 = EDGE_CURVE ( 'NONE', #546, #1961, #3773, .T. ) ;
#3299 = AXIS2_PLACEMENT_3D ( 'NONE', #4012, #1202, #6761 ) ;
#3300 = CARTESIAN_POINT ( 'NONE',  ( 0.3400000000000036882, 20.29999999999999716, 1.711432550960843457 ) ) ;
#3301 = ORIENTED_EDGE ( 'NONE', *, *, #4433, .T. ) ;
#3302 = PRESENTATION_LAYER_ASSIGNMENT (  '', '', ( #7271 ) ) ;
#3303 = CARTESIAN_POINT ( 'NONE',  ( -11.60000000000000497, 0.5000000000000003331, -0.4499999999999990674 ) ) ;
#3304 = CARTESIAN_POINT ( 'NONE',  ( -10.35000000000000142, 1.500000000000000000, 0.000000000000000000 ) ) ;
#3305 = COLOUR_RGB ( '',0.2509803921568627416, 0.2509803921568627416, 0.2509803921568627416 ) ;
#3306 = VERTEX_POINT ( 'NONE', #6043 ) ;
#3307 = DIRECTION ( 'NONE',  ( 0.000000000000000000, 1.000000000000000000, 0.000000000000000000 ) ) ;
#3308 = FILL_AREA_STYLE ('',( #2111 ) ) ;
#3309 = CARTESIAN_POINT ( 'NONE',  ( -5.600000000000000533, -2.700000000000025491, 9.500000000000001776 ) ) ;
#3310 = AXIS2_PLACEMENT_3D ( 'NONE', #624, #6903, #4589 ) ;
#3311 = ORIENTED_EDGE ( 'NONE', *, *, #5055, .T. ) ;
#3312 = DIRECTION ( 'NONE',  ( 0.000000000000000000, 0.000000000000000000, 1.000000000000000000 ) ) ;
#3313 = DIRECTION ( 'NONE',  ( 1.000000000000000000, -0.000000000000000000, 0.000000000000000000 ) ) ;
#3314 = VECTOR ( 'NONE', #1544, 1000.000000000000000 ) ;
#3315 = STYLED_ITEM ( 'NONE', ( #3506 ), #4648 ) ;
#3316 = CIRCLE ( 'NONE', #498, 0.2999999999999999334 ) ;
#3317 = CIRCLE ( 'NONE', #4279, 0.3118365096569826189 ) ;
#3318 = ORIENTED_EDGE ( 'NONE', *, *, #6157, .T. ) ;
#3319 = CARTESIAN_POINT ( 'NONE',  ( 12.80000000000000249, 0.4999999999999996669, -12.59160797830996259 ) ) ;
#3320 = CYLINDRICAL_SURFACE ( 'NONE', #3443, 1.799999999999999600 ) ;
#3321 = MECHANICAL_DESIGN_GEOMETRIC_PRESENTATION_REPRESENTATION (  '', ( #5738 ), #3554 ) ;
#3322 = ORIENTED_EDGE ( 'NONE', *, *, #1894, .F. ) ;
#3323 = ORIENTED_EDGE ( 'NONE', *, *, #7184, .F. ) ;
#3324 = EDGE_CURVE ( 'NONE', #5206, #767, #3219, .T. ) ;
#3325 = SURFACE_STYLE_FILL_AREA ( #7322 ) ;
#3326 = FACE_OUTER_BOUND ( 'NONE', #6929, .T. ) ;
#3327 = AXIS2_PLACEMENT_3D ( 'NONE', #7085, #5483, #1679 ) ;
#3328 = STYLED_ITEM ( 'NONE', ( #1561 ), #6734 ) ;
#3329 = DIRECTION ( 'NONE',  ( 1.000000000000000000, 0.000000000000000000, 0.000000000000000000 ) ) ;
#3330 = EDGE_CURVE ( 'NONE', #634, #5376, #4986, .T. ) ;
#3331 = CARTESIAN_POINT ( 'NONE',  ( 13.50000000000000178, 0.5000000000000004441, -3.249999999999999556 ) ) ;
#3332 = LINE ( 'NONE', #3293, #6436 ) ;
#3333 = DIRECTION ( 'NONE',  ( 0.000000000000000000, -0.000000000000000000, -1.000000000000000000 ) ) ;
#3334 = FILL_AREA_STYLE_COLOUR ( '', #1738 ) ;
#3335 = DIRECTION ( 'NONE',  ( 0.000000000000000000, -1.000000000000000000, 0.000000000000000000 ) ) ;
#3336 = CIRCLE ( 'NONE', #630, 0.4000000000000010214 ) ;
#3337 = CARTESIAN_POINT ( 'NONE',  ( -0.4999999999999972800, 1.000000000000000888, 12.00000000000000000 ) ) ;
#3338 = FACE_OUTER_BOUND ( 'NONE', #2109, .T. ) ;
#3339 = LINE ( 'NONE', #4970, #5321 ) ;
#3340 = ORIENTED_EDGE ( 'NONE', *, *, #4433, .F. ) ;
#3341 = EDGE_CURVE ( 'NONE', #4247, #1728, #7316, .T. ) ;
#3342 = LINE ( 'NONE', #5085, #6504 ) ;
#3343 = CARTESIAN_POINT ( 'NONE',  ( 0.000000000000000000, 0.5000000000000000000, 1.749999999999999778 ) ) ;
#3344 = PRESENTATION_LAYER_ASSIGNMENT (  '', '', ( #3931 ) ) ;
#3345 = VERTEX_POINT ( 'NONE', #4455 ) ;
#3346 = DIRECTION ( 'NONE',  ( 0.000000000000000000, 1.000000000000000000, 0.000000000000000000 ) ) ;
#3347 = ORIENTED_EDGE ( 'NONE', *, *, #1453, .F. ) ;
#3348 = LINE ( 'NONE', #4900, #5040 ) ;
#3349 = DIRECTION ( 'NONE',  ( 0.000000000000000000, 0.000000000000000000, 1.000000000000000000 ) ) ;
#3350 = EDGE_LOOP ( 'NONE', ( #2144, #5530, #308, #6620 ) ) ;
#3351 =( NAMED_UNIT ( * ) PLANE_ANGLE_UNIT ( ) SI_UNIT ( $, .RADIAN. ) );
#3352 = VECTOR ( 'NONE', #6329, 1000.000000000000114 ) ;
#3353 = DIRECTION ( 'NONE',  ( 0.000000000000000000, 0.000000000000000000, 1.000000000000000000 ) ) ;
#3354 = EDGE_CURVE ( 'NONE', #7216, #3687, #1169, .T. ) ;
#3355 = CARTESIAN_POINT ( 'NONE',  ( 8.400000000000000355, 0.5000000000000000000, -11.49999999999999822 ) ) ;
#3356 = ORIENTED_EDGE ( 'NONE', *, *, #6447, .T. ) ;
#3357 = FILL_AREA_STYLE_COLOUR ( '', #2731 ) ;
#3358 = VERTEX_POINT ( 'NONE', #3319 ) ;
#3359 = CARTESIAN_POINT ( 'NONE',  ( 0.4472688437782274540, 20.20000000000000284, 2.057842712474618807 ) ) ;
#3360 = UNCERTAINTY_MEASURE_WITH_UNIT (LENGTH_MEASURE( 1.000000000000000082E-05 ), #1644, 'distance_accuracy_value', 'NONE');
#3361 =( NAMED_UNIT ( * ) PLANE_ANGLE_UNIT ( ) SI_UNIT ( $, .RADIAN. ) );
#3362 = DIRECTION ( 'NONE',  ( 0.000000000000000000, 0.000000000000000000, -1.000000000000000000 ) ) ;
#3363 =( NAMED_UNIT ( * ) PLANE_ANGLE_UNIT ( ) SI_UNIT ( $, .RADIAN. ) );
#3364 = PRESENTATION_LAYER_ASSIGNMENT (  '', '', ( #3474 ) ) ;
#3365 = PLANE ( 'NONE',  #5671 ) ;
#3366 = DIRECTION ( 'NONE',  ( 0.000000000000000000, -1.000000000000000000, -0.000000000000000000 ) ) ;
#3367 = SURFACE_SIDE_STYLE ('',( #4431 ) ) ;
#3368 = ADVANCED_FACE ( 'NONE', ( #3915, #525 ), #2780, .F. ) ;
#3369 = CARTESIAN_POINT ( 'NONE',  ( -9.400000000000002132, 0.5000000000000000000, -4.999999999999997335 ) ) ;
#3370 = DIRECTION ( 'NONE',  ( -0.000000000000000000, 1.000000000000000000, 0.000000000000000000 ) ) ;
#3371 = ORIENTED_EDGE ( 'NONE', *, *, #4671, .F. ) ;
#3372 = CARTESIAN_POINT ( 'NONE',  ( -11.05000000000000071, 83.05825363168716535, 16.00000000000000000 ) ) ;
#3373 = CARTESIAN_POINT ( 'NONE',  ( 12.80000000000000249, 1.500000000000000000, 0.000000000000000000 ) ) ;
#3374 = CIRCLE ( 'NONE', #3740, 0.8000000000000003775 ) ;
#3375 = ORIENTED_EDGE ( 'NONE', *, *, #3119, .F. ) ;
#3376 = EDGE_CURVE ( 'NONE', #653, #5992, #753, .T. ) ;
#3377 = EDGE_CURVE ( 'NONE', #5230, #2031, #4159, .T. ) ;
#3378 = ADVANCED_FACE ( 'NONE', ( #1325 ), #4654, .F. ) ;
#3379 = VECTOR ( 'NONE', #3307, 1000.000000000000000 ) ;
#3380 = CARTESIAN_POINT ( 'NONE',  ( -10.65000000000000391, 1.000000000000000888, 1.050000000000000044 ) ) ;
#3381 = ORIENTED_EDGE ( 'NONE', *, *, #4094, .F. ) ;
#3382 = SURFACE_SIDE_STYLE ('',( #6380 ) ) ;
#3383 = CARTESIAN_POINT ( 'NONE',  ( -12.80000000000000426, 0.5000000000000000000, 0.000000000000000000 ) ) ;
#3384 =( NAMED_UNIT ( * ) SI_UNIT ( $, .STERADIAN. ) SOLID_ANGLE_UNIT ( ) );
#3385 =( GEOMETRIC_REPRESENTATION_CONTEXT ( 3 ) GLOBAL_UNCERTAINTY_ASSIGNED_CONTEXT ( ( #6698 ) ) GLOBAL_UNIT_ASSIGNED_CONTEXT ( ( #1, #1000, #448 ) ) REPRESENTATION_CONTEXT ( 'NONE', 'WORKASPACE' ) );
#3386 = CIRCLE ( 'NONE', #7105, 1.800000000000001155 ) ;
#3387 = PRESENTATION_STYLE_ASSIGNMENT (( #1706 ) ) ;
#3388 = ORIENTED_EDGE ( 'NONE', *, *, #4767, .F. ) ;
#3389 = VERTEX_POINT ( 'NONE', #6378 ) ;
#3390 = CARTESIAN_POINT ( 'NONE',  ( -12.50000000000000355, 0.5000000000000000000, -15.00000000000000000 ) ) ;
#3391 = VERTEX_POINT ( 'NONE', #1799 ) ;
#3392 = CARTESIAN_POINT ( 'NONE',  ( 0.3400000000000036882, 20.35000000000000497, 1.798035091339284630 ) ) ;
#3393 = CARTESIAN_POINT ( 'NONE',  ( 12.20000000000000284, 20.39999999999999858, 0.000000000000000000 ) ) ;
#3394 = CIRCLE ( 'NONE', #3511, 0.3118365096569826189 ) ;
#3395 = AXIS2_PLACEMENT_3D ( 'NONE', #4310, #1975, #854 ) ;
#3396 = ORIENTED_EDGE ( 'NONE', *, *, #3681, .T. ) ;
#3397 = SURFACE_STYLE_USAGE ( .BOTH. , #6962 ) ;
#3398 = DIRECTION ( 'NONE',  ( -0.000000000000000000, 1.000000000000000000, -0.000000000000000000 ) ) ;
#3399 = SURFACE_STYLE_USAGE ( .BOTH. , #2232 ) ;
#3400 = DIRECTION ( 'NONE',  ( 1.000000000000000000, 0.000000000000000000, 0.000000000000000000 ) ) ;
#3401 = DIRECTION ( 'NONE',  ( 0.000000000000000000, -1.000000000000000000, 0.000000000000000000 ) ) ;
#3402 = VERTEX_POINT ( 'NONE', #1284 ) ;
#3403 =( LENGTH_UNIT ( ) NAMED_UNIT ( * ) SI_UNIT ( .MILLI., .METRE. ) );
#3404 = ADVANCED_FACE ( 'NONE', ( #4042 ), #5834, .T. ) ;
#3405 = DIRECTION ( 'NONE',  ( -0.000000000000000000, 1.000000000000000000, -0.000000000000000000 ) ) ;
#3406 = CARTESIAN_POINT ( 'NONE',  ( 0.9297890255639876811, 20.40000000000000213, 1.855095091064152157 ) ) ;
#3407 = VERTEX_POINT ( 'NONE', #4362 ) ;
#3408 = DIRECTION ( 'NONE',  ( 0.000000000000000000, 0.000000000000000000, 1.000000000000000000 ) ) ;
#3409 = CIRCLE ( 'NONE', #2346, 0.2999999999999999334 ) ;
#3410 = ORIENTED_EDGE ( 'NONE', *, *, #1763, .T. ) ;
#3411 = FACE_OUTER_BOUND ( 'NONE', #566, .T. ) ;
#3412 = CARTESIAN_POINT ( 'NONE',  ( -13.50000000000000178, 0.5000000000000004441, -15.69999999999999929 ) ) ;
#3413 = FACE_OUTER_BOUND ( 'NONE', #1334, .T. ) ;
#3414 = ADVANCED_FACE ( 'NONE', ( #6022 ), #4993, .T. ) ;
#3415 =( LENGTH_UNIT ( ) NAMED_UNIT ( * ) SI_UNIT ( .MILLI., .METRE. ) );
#3416 = UNCERTAINTY_MEASURE_WITH_UNIT (LENGTH_MEASURE( 1.000000000000000082E-05 ), #1510, 'distance_accuracy_value', 'NONE');
#3417 = AXIS2_PLACEMENT_3D ( 'NONE', #5508, #6685, #4410 ) ;
#3418 =( NAMED_UNIT ( * ) PLANE_ANGLE_UNIT ( ) SI_UNIT ( $, .RADIAN. ) );
#3419 = VERTEX_POINT ( 'NONE', #1472 ) ;
#3420 = FACE_OUTER_BOUND ( 'NONE', #1733, .T. ) ;
#3421 = ADVANCED_FACE ( 'NONE', ( #4325 ), #4930, .T. ) ;
#3422 = ORIENTED_EDGE ( 'NONE', *, *, #7010, .F. ) ;
#3423 = CARTESIAN_POINT ( 'NONE',  ( -1.863929817321425597, 20.35000000000000497, 4.001964908660712972 ) ) ;
#3424 = UNCERTAINTY_MEASURE_WITH_UNIT (LENGTH_MEASURE( 1.000000000000000082E-05 ), #5241, 'distance_accuracy_value', 'NONE');
#3425 = DIRECTION ( 'NONE',  ( 0.000000000000000000, 0.000000000000000000, 1.000000000000000000 ) ) ;
#3426 =( GEOMETRIC_REPRESENTATION_CONTEXT ( 3 ) GLOBAL_UNCERTAINTY_ASSIGNED_CONTEXT ( ( #4255 ) ) GLOBAL_UNIT_ASSIGNED_CONTEXT ( ( #7382, #7218, #5578 ) ) REPRESENTATION_CONTEXT ( 'NONE', 'WORKASPACE' ) );
#3427 = ORIENTED_EDGE ( 'NONE', *, *, #6454, .T. ) ;
#3428 = FILL_AREA_STYLE_COLOUR ( '', #2943 ) ;
#3429 = AXIS2_PLACEMENT_3D ( 'NONE', #4015, #6256, #95 ) ;
#3430 = CARTESIAN_POINT ( 'NONE',  ( 0.000000000000000000, 0.5000000000000000000, 0.000000000000000000 ) ) ;
#3431 = CARTESIAN_POINT ( 'NONE',  ( 7.800000000000000711, 1.000000000000000888, -4.249999999999998224 ) ) ;
#3432 = DIRECTION ( 'NONE',  ( 0.000000000000000000, 0.000000000000000000, 1.000000000000000000 ) ) ;
#3433 = AXIS2_PLACEMENT_3D ( 'NONE', #6522, #5398, #4876 ) ;
#3434 = CARTESIAN_POINT ( 'NONE',  ( -9.400000000000002132, -2.699999999999900258, -2.399999999987784349 ) ) ;
#3435 =( NAMED_UNIT ( * ) SI_UNIT ( $, .STERADIAN. ) SOLID_ANGLE_UNIT ( ) );
#3436 = ORIENTED_EDGE ( 'NONE', *, *, #5920, .T. ) ;
#3437 = PRESENTATION_STYLE_ASSIGNMENT (( #1196 ) ) ;
#3438 =( LENGTH_UNIT ( ) NAMED_UNIT ( * ) SI_UNIT ( .MILLI., .METRE. ) );
#3439 =( LENGTH_UNIT ( ) NAMED_UNIT ( * ) SI_UNIT ( .MILLI., .METRE. ) );
#3440 = VECTOR ( 'NONE', #3580, 1000.000000000000000 ) ;
#3441 = AXIS2_PLACEMENT_3D ( 'NONE', #1440, #4896, #6578 ) ;
#3442 = ORIENTED_EDGE ( 'NONE', *, *, #5118, .F. ) ;
#3443 = AXIS2_PLACEMENT_3D ( 'NONE', #4492, #410, #2812 ) ;
#3444 = DIRECTION ( 'NONE',  ( -0.000000000000000000, -0.000000000000000000, 1.000000000000000000 ) ) ;
#3445 = ORIENTED_EDGE ( 'NONE', *, *, #4365, .F. ) ;
#3446 = VECTOR ( 'NONE', #2361, 1000.000000000000000 ) ;
#3447 = FACE_OUTER_BOUND ( 'NONE', #4850, .T. ) ;
#3448 = DIRECTION ( 'NONE',  ( 0.000000000000000000, -8.673617379884027583E-16, -1.000000000000000000 ) ) ;
#3449 = FACE_OUTER_BOUND ( 'NONE', #4220, .T. ) ;
#3450 = PRESENTATION_LAYER_ASSIGNMENT (  '', '', ( #6819 ) ) ;
#3451 = EDGE_CURVE ( 'NONE', #2310, #3345, #6247, .T. ) ;
#3452 = ORIENTED_EDGE ( 'NONE', *, *, #2385, .T. ) ;
#3453 = SURFACE_STYLE_USAGE ( .BOTH. , #4020 ) ;
#3454 = ORIENTED_EDGE ( 'NONE', *, *, #3560, .T. ) ;
#3455 = DIRECTION ( 'NONE',  ( -0.000000000000000000, 1.000000000000000000, 0.000000000000000000 ) ) ;
#3456 = ORIENTED_EDGE ( 'NONE', *, *, #1637, .F. ) ;
#3457 =( NAMED_UNIT ( * ) SI_UNIT ( $, .STERADIAN. ) SOLID_ANGLE_UNIT ( ) );
#3458 = CARTESIAN_POINT ( 'NONE',  ( 1.300000000000002487, 0.5000000000000000000, 12.00000000000000000 ) ) ;
#3459 = EDGE_CURVE ( 'NONE', #3687, #1047, #19, .T. ) ;
#3460 = STYLED_ITEM ( 'NONE', ( #2676 ), #4809 ) ;
#3461 = ORIENTED_EDGE ( 'NONE', *, *, #543, .T. ) ;
#3462 = FILL_AREA_STYLE ('',( #3428 ) ) ;
#3463 = PLANE ( 'NONE',  #2531 ) ;
#3464 = SURFACE_STYLE_USAGE ( .BOTH. , #6326 ) ;
#3465 = CARTESIAN_POINT ( 'NONE',  ( 10.20000000000000107, 0.5000000000000001110, -13.79999999999999716 ) ) ;
#3466 =( NAMED_UNIT ( * ) PLANE_ANGLE_UNIT ( ) SI_UNIT ( $, .RADIAN. ) );
#3467 = CARTESIAN_POINT ( 'NONE',  ( -0.4999999999999971689, -3.199999999992542143, 11.28816349034786981 ) ) ;
#3468 = VECTOR ( 'NONE', #5981, 1000.000000000000000 ) ;
#3469 = VERTEX_POINT ( 'NONE', #5648 ) ;
#3470 = ORIENTED_EDGE ( 'NONE', *, *, #1226, .T. ) ;
#3471 =( NAMED_UNIT ( * ) PLANE_ANGLE_UNIT ( ) SI_UNIT ( $, .RADIAN. ) );
#3472 = PRESENTATION_STYLE_ASSIGNMENT (( #1768 ) ) ;
#3473 = DIRECTION ( 'NONE',  ( -1.000000000000000000, -0.000000000000000000, -0.000000000000000000 ) ) ;
#3474 = STYLED_ITEM ( 'NONE', ( #3472 ), #5301 ) ;
#3475 = LINE ( 'NONE', #4586, #107 ) ;
#3476 = PRESENTATION_STYLE_ASSIGNMENT (( #7355 ) ) ;
#3477 = AXIS2_PLACEMENT_3D ( 'NONE', #677, #2518, #7008 ) ;
#3478 = VERTEX_POINT ( 'NONE', #433 ) ;
#3479 = CARTESIAN_POINT ( 'NONE',  ( 0.3400000000000036326, 20.35000000000000497, 4.001964908660714748 ) ) ;
#3480 = AXIS2_PLACEMENT_3D ( 'NONE', #4391, #4319, #4357 ) ;
#3481 = LINE ( 'NONE', #6799, #3793 ) ;
#3482 = SURFACE_STYLE_USAGE ( .BOTH. , #1247 ) ;
#3483 = DIRECTION ( 'NONE',  ( 0.000000000000000000, 0.000000000000000000, -1.000000000000000000 ) ) ;
#3484 = UNCERTAINTY_MEASURE_WITH_UNIT (LENGTH_MEASURE( 1.000000000000000082E-05 ), #2559, 'distance_accuracy_value', 'NONE');
#3485 = STYLED_ITEM ( 'NONE', ( #3743 ), #2404 ) ;
#3486 = AXIS2_PLACEMENT_3D ( 'NONE', #2420, #4283, #3637 ) ;
#3487 = APPLICATION_CONTEXT ( 'automotive_design' ) ;
#3488 = PRESENTATION_LAYER_ASSIGNMENT (  '', '', ( #3264 ) ) ;
#3489 = DIRECTION ( 'NONE',  ( 0.000000000000000000, 0.000000000000000000, 1.000000000000000000 ) ) ;
#3490 = ORIENTED_EDGE ( 'NONE', *, *, #4340, .F. ) ;
#3491 = CARTESIAN_POINT ( 'NONE',  ( -9.750000000000001776, 20.39999999999999858, 14.40000000000000391 ) ) ;
#3492 = PRESENTATION_STYLE_ASSIGNMENT (( #3453 ) ) ;
#3493 = EDGE_LOOP ( 'NONE', ( #2437, #3767, #3771, #554, #2776, #4076, #6762, #1181, #5630, #5058, #5660, #2246, #4133, #2703, #1814, #1136, #2, #6552 ) ) ;
#3494 = DIRECTION ( 'NONE',  ( -3.942553354492744024E-16, 0.000000000000000000, 1.000000000000000000 ) ) ;
#3495 = COLOUR_RGB ( '',0.000000000000000000, 0.000000000000000000, 1.000000000000000000 ) ;
#3496 = STYLED_ITEM ( 'NONE', ( #6410 ), #2129 ) ;
#3497 = DIRECTION ( 'NONE',  ( -0.000000000000000000, 1.000000000000000000, -0.000000000000000000 ) ) ;
#3498 = ORIENTED_EDGE ( 'NONE', *, *, #4386, .F. ) ;
#3499 =( NAMED_UNIT ( * ) PLANE_ANGLE_UNIT ( ) SI_UNIT ( $, .RADIAN. ) );
#3500 = DIRECTION ( 'NONE',  ( 0.000000000000000000, -0.000000000000000000, -1.000000000000000000 ) ) ;
#3501 = EDGE_CURVE ( 'NONE', #4533, #520, #5699, .T. ) ;
#3502 = STYLED_ITEM ( 'NONE', ( #230 ), #2164 ) ;
#3503 = PRESENTATION_LAYER_ASSIGNMENT (  '', '', ( #3022 ) ) ;
#3504 = AXIS2_PLACEMENT_3D ( 'NONE', #5081, #1577, #1615 ) ;
#3505 = EDGE_LOOP ( 'NONE', ( #1911, #2582 ) ) ;
#3506 = PRESENTATION_STYLE_ASSIGNMENT (( #3397 ) ) ;
#3507 = SURFACE_STYLE_FILL_AREA ( #1720 ) ;
#3508 = EDGE_CURVE ( 'NONE', #7017, #6718, #507, .T. ) ;
#3509 = CARTESIAN_POINT ( 'NONE',  ( 12.50000000000000178, 1.000000000000000888, -4.549999999999998934 ) ) ;
#3510 = EDGE_CURVE ( 'NONE', #2203, #4150, #2794, .T. ) ;
#3511 = AXIS2_PLACEMENT_3D ( 'NONE', #5367, #1936, #3662 ) ;
#3512 =( NAMED_UNIT ( * ) PLANE_ANGLE_UNIT ( ) SI_UNIT ( $, .RADIAN. ) );
#3513 = LINE ( 'NONE', #6968, #6830 ) ;
#3514 = SURFACE_SIDE_STYLE ('',( #4070 ) ) ;
#3515 =( GEOMETRIC_REPRESENTATION_CONTEXT ( 3 ) GLOBAL_UNCERTAINTY_ASSIGNED_CONTEXT ( ( #3484 ) ) GLOBAL_UNIT_ASSIGNED_CONTEXT ( ( #2559, #4384, #7087 ) ) REPRESENTATION_CONTEXT ( 'NONE', 'WORKASPACE' ) );
#3516 = ORIENTED_EDGE ( 'NONE', *, *, #3923, .T. ) ;
#3517 = ORIENTED_EDGE ( 'NONE', *, *, #4192, .F. ) ;
#3518 = EDGE_CURVE ( 'NONE', #4668, #7079, #4714, .T. ) ;
#3519 = PLANE ( 'NONE',  #2215 ) ;
#3520 = SURFACE_SIDE_STYLE ('',( #3001 ) ) ;
#3521 = LINE ( 'NONE', #1397, #5804 ) ;
#3522 = CARTESIAN_POINT ( 'NONE',  ( 0.000000000000000000, 0.5000000000000000000, 0.000000000000000000 ) ) ;
#3523 = DIRECTION ( 'NONE',  ( 0.000000000000000000, 0.000000000000000000, 1.000000000000000000 ) ) ;
#3524 = VERTEX_POINT ( 'NONE', #4545 ) ;
#3525 = LINE ( 'NONE', #506, #3080 ) ;
#3526 = DIRECTION ( 'NONE',  ( -1.000000000000000000, -0.000000000000000000, -0.000000000000000000 ) ) ;
#3527 = FILL_AREA_STYLE_COLOUR ( '', #6804 ) ;
#3528 = AXIS2_PLACEMENT_3D ( 'NONE', #5504, #3870, #3173 ) ;
#3529 =( NAMED_UNIT ( * ) SI_UNIT ( $, .STERADIAN. ) SOLID_ANGLE_UNIT ( ) );
#3530 = ORIENTED_EDGE ( 'NONE', *, *, #7184, .T. ) ;
#3531 = ORIENTED_EDGE ( 'NONE', *, *, #3960, .T. ) ;
#3532 = DIRECTION ( 'NONE',  ( -6.672013369141562259E-16, 0.000000000000000000, 1.000000000000000000 ) ) ;
#3533 = PRODUCT ( 'SLA-12VDC-SL-A', 'SLA-12VDC-SL-A', '', ( #5594 ) ) ;
#3534 = COLOUR_RGB ( '',0.2509803921568627416, 0.2509803921568627416, 0.2509803921568627416 ) ;
#3535 = ORIENTED_EDGE ( 'NONE', *, *, #2715, .T. ) ;
#3536 = FILL_AREA_STYLE_COLOUR ( '', #2289 ) ;
#3537 = PLANE ( 'NONE',  #78 ) ;
#3538 = PRESENTATION_LAYER_ASSIGNMENT (  '', '', ( #5485 ) ) ;
#3539 = ORIENTED_EDGE ( 'NONE', *, *, #5778, .F. ) ;
#3540 = EDGE_CURVE ( 'NONE', #4938, #3389, #2725, .T. ) ;
#3541 = CARTESIAN_POINT ( 'NONE',  ( -9.400000000000002132, -3.199999999992542143, -3.199999999999997957 ) ) ;
#3542 = SURFACE_STYLE_USAGE ( .BOTH. , #2949 ) ;
#3543 = CARTESIAN_POINT ( 'NONE',  ( -10.05000000000000426, 1.000000000000000888, -13.79999999999999893 ) ) ;
#3544 = AXIS2_PLACEMENT_3D ( 'NONE', #1023, #7176, #4890 ) ;
#3545 = CARTESIAN_POINT ( 'NONE',  ( -10.35000000000000142, 1.000000000000000888, 14.69999999999999929 ) ) ;
#3546 = CLOSED_SHELL ( 'NONE', ( #5417, #586, #4086, #6302, #2338, #523 ) ) ;
#3547 = DIRECTION ( 'NONE',  ( -0.000000000000000000, 0.000000000000000000, 1.000000000000000000 ) ) ;
#3548 = SURFACE_STYLE_USAGE ( .BOTH. , #4183 ) ;
#3549 =( GEOMETRIC_REPRESENTATION_CONTEXT ( 3 ) GLOBAL_UNCERTAINTY_ASSIGNED_CONTEXT ( ( #4092 ) ) GLOBAL_UNIT_ASSIGNED_CONTEXT ( ( #5898, #192, #4766 ) ) REPRESENTATION_CONTEXT ( 'NONE', 'WORKASPACE' ) );
#3550 = EDGE_CURVE ( 'NONE', #5310, #2629, #1410, .T. ) ;
#3551 = VECTOR ( 'NONE', #2575, 1000.000000000000000 ) ;
#3552 = SURFACE_STYLE_USAGE ( .BOTH. , #3514 ) ;
#3553 = ORIENTED_EDGE ( 'NONE', *, *, #595, .F. ) ;
#3554 =( GEOMETRIC_REPRESENTATION_CONTEXT ( 3 ) GLOBAL_UNCERTAINTY_ASSIGNED_CONTEXT ( ( #4414 ) ) GLOBAL_UNIT_ASSIGNED_CONTEXT ( ( #575, #2255, #2284 ) ) REPRESENTATION_CONTEXT ( 'NONE', 'WORKASPACE' ) );
#3555 = SURFACE_STYLE_USAGE ( .BOTH. , #6895 ) ;
#3556 = DIRECTION ( 'NONE',  ( -0.000000000000000000, 1.000000000000000000, 0.000000000000000000 ) ) ;
#3557 = FILL_AREA_STYLE ('',( #1943 ) ) ;
#3558 = VECTOR ( 'NONE', #6815, 1000.000000000000000 ) ;
#3559 = EDGE_CURVE ( 'NONE', #2466, #268, #3339, .T. ) ;
#3560 = EDGE_CURVE ( 'NONE', #5538, #6956, #5573, .T. ) ;
#3561 = DIRECTION ( 'NONE',  ( -1.101411730778925047E-16, 0.000000000000000000, -1.000000000000000000 ) ) ;
#3562 = ORIENTED_EDGE ( 'NONE', *, *, #4893, .T. ) ;
#3563 = FILL_AREA_STYLE ('',( #4119 ) ) ;
#3564 = CARTESIAN_POINT ( 'NONE',  ( -12.30000000000000249, 20.29999999999999716, 0.2499999999999994726 ) ) ;
#3565 = COLOUR_RGB ( '',0.7921568627450980005, 0.8196078431372548767, 0.9333333333333333481 ) ;
#3566 = PLANE ( 'NONE',  #1693 ) ;
#3567 = PRESENTATION_LAYER_ASSIGNMENT (  '', '', ( #6812 ) ) ;
#3568 = AXIS2_PLACEMENT_3D ( 'NONE', #1058, #541, #4469 ) ;
#3569 = FILL_AREA_STYLE_COLOUR ( '', #6742 ) ;
#3570 = ORIENTED_EDGE ( 'NONE', *, *, #304, .F. ) ;
#3571 = VERTEX_POINT ( 'NONE', #4397 ) ;
#3572 = FILL_AREA_STYLE ('',( #2545 ) ) ;
#3573 = PRESENTATION_STYLE_ASSIGNMENT (( #664 ) ) ;
#3574 = VERTEX_POINT ( 'NONE', #5048 ) ;
#3575 = DIRECTION ( 'NONE',  ( 0.000000000000000000, -0.000000000000000000, -1.000000000000000000 ) ) ;
#3576 = ORIENTED_EDGE ( 'NONE', *, *, #5, .F. ) ;
#3577 =( NAMED_UNIT ( * ) SI_UNIT ( $, .STERADIAN. ) SOLID_ANGLE_UNIT ( ) );
#3578 = CYLINDRICAL_SURFACE ( 'NONE', #2743, 1.799999999999999822 ) ;
#3579 = AXIS2_PLACEMENT_3D ( 'NONE', #6498, #4775, #3640 ) ;
#3580 = DIRECTION ( 'NONE',  ( -0.000000000000000000, 0.000000000000000000, 1.000000000000000000 ) ) ;
#3581 =( NAMED_UNIT ( * ) SI_UNIT ( $, .STERADIAN. ) SOLID_ANGLE_UNIT ( ) );
#3582 = CARTESIAN_POINT ( 'NONE',  ( 1.300000000000002487, 1.000000000000000888, 13.80000000000000071 ) ) ;
#3583 =( LENGTH_UNIT ( ) NAMED_UNIT ( * ) SI_UNIT ( .MILLI., .METRE. ) );
#3584 = CARTESIAN_POINT ( 'NONE',  ( 8.200000000000001066, 83.05825363168716535, 15.69999999999999929 ) ) ;
#3585 = STYLED_ITEM ( 'NONE', ( #2597 ), #497 ) ;
#3586 = DIRECTION ( 'NONE',  ( 0.000000000000000000, 0.000000000000000000, 1.000000000000000000 ) ) ;
#3587 = STYLED_ITEM ( 'NONE', ( #4754 ), #4712 ) ;
#3588 =( NAMED_UNIT ( * ) PLANE_ANGLE_UNIT ( ) SI_UNIT ( $, .RADIAN. ) );
#3589 = VECTOR ( 'NONE', #445, 1000.000000000000000 ) ;
#3590 = CARTESIAN_POINT ( 'NONE',  ( -10.05000000000000426, 1.000000000000000888, -4.999999999999997335 ) ) ;
#3591 =( NAMED_UNIT ( * ) SI_UNIT ( $, .STERADIAN. ) SOLID_ANGLE_UNIT ( ) );
#3592 = FACE_OUTER_BOUND ( 'NONE', #2141, .T. ) ;
#3593 = CARTESIAN_POINT ( 'NONE',  ( -12.80000000000000249, 1.500000000000000000, 0.4500000000000006217 ) ) ;
#3594 = EDGE_CURVE ( 'NONE', #2573, #5771, #3989, .T. ) ;
#3595 = ORIENTED_EDGE ( 'NONE', *, *, #897, .T. ) ;
#3596 = VECTOR ( 'NONE', #3642, 1000.000000000000000 ) ;
#3597 =( NAMED_UNIT ( * ) PLANE_ANGLE_UNIT ( ) SI_UNIT ( $, .RADIAN. ) );
#3598 = ORIENTED_EDGE ( 'NONE', *, *, #294, .F. ) ;
#3599 = CYLINDRICAL_SURFACE ( 'NONE', #7359, 0.2999999999999999334 ) ;
#3600 = DIRECTION ( 'NONE',  ( 1.000000000000000000, -0.000000000000000000, -0.000000000000000000 ) ) ;
#3601 = CARTESIAN_POINT ( 'NONE',  ( -9.808578643762693616, 20.39999999999999858, 0.2085786437626900858 ) ) ;
#3602 = LINE ( 'NONE', #312, #3551 ) ;
#3603 = CARTESIAN_POINT ( 'NONE',  ( 8.400000000000000355, 1.000000000000000888, -6.500000000000000000 ) ) ;
#3604 = EDGE_CURVE ( 'NONE', #744, #2880, #1160, .T. ) ;
#3605 = EDGE_CURVE ( 'NONE', #2299, #434, #6710, .T. ) ;
#3606 = CIRCLE ( 'NONE', #436, 1.500000000000000000 ) ;
#3607 = FILL_AREA_STYLE ('',( #317 ) ) ;
#3608 = EDGE_LOOP ( 'NONE', ( #3205, #4562, #5515, #135 ) ) ;
#3609 = CARTESIAN_POINT ( 'NONE',  ( 4.599999999999997868, 0.5000000000000000000, 9.500000000000001776 ) ) ;
#3610 = ORIENTED_EDGE ( 'NONE', *, *, #1313, .F. ) ;
#3611 = CARTESIAN_POINT ( 'NONE',  ( 10.01862915010149280, 20.39999999999999858, -10.01862915010161714 ) ) ;
#3612 = DIRECTION ( 'NONE',  ( 0.000000000000000000, 0.000000000000000000, 1.000000000000000000 ) ) ;
#3613 = ORIENTED_EDGE ( 'NONE', *, *, #5646, .F. ) ;
#3614 = SURFACE_STYLE_FILL_AREA ( #1378 ) ;
#3615 = PRESENTATION_LAYER_ASSIGNMENT (  '', '', ( #6850 ) ) ;
#3616 =( GEOMETRIC_REPRESENTATION_CONTEXT ( 3 ) GLOBAL_UNCERTAINTY_ASSIGNED_CONTEXT ( ( #1743 ) ) GLOBAL_UNIT_ASSIGNED_CONTEXT ( ( #4851, #5836, #7021 ) ) REPRESENTATION_CONTEXT ( 'NONE', 'WORKASPACE' ) );
#3617 = CIRCLE ( 'NONE', #2308, 0.4000000000000010214 ) ;
#3618 = VECTOR ( 'NONE', #6356, 1000.000000000000000 ) ;
#3619 = EDGE_LOOP ( 'NONE', ( #3318, #2034, #4609, #5201 ) ) ;
#3620 = DIRECTION ( 'NONE',  ( 0.000000000000000000, 0.000000000000000000, -1.000000000000000000 ) ) ;
#3621 = CARTESIAN_POINT ( 'NONE',  ( 1.182090051578865042, 20.20000000000000284, 3.006741959666143327 ) ) ;
#3622 = CARTESIAN_POINT ( 'NONE',  ( -5.600000000000000533, -8.662741699796955075, 9.900000000000002132 ) ) ;
#3623 = DIRECTION ( 'NONE',  ( 0.000000000000000000, 0.000000000000000000, 1.000000000000000000 ) ) ;
#3624 = CARTESIAN_POINT ( 'NONE',  ( 0.4999999999999987232, 0.000000000000000000, 5.699999999999998401 ) ) ;
#3625 = VECTOR ( 'NONE', #5547, 1000.000000000000000 ) ;
#3626 = UNCERTAINTY_MEASURE_WITH_UNIT (LENGTH_MEASURE( 1.000000000000000082E-05 ), #2270, 'distance_accuracy_value', 'NONE');
#3627 = DIRECTION ( 'NONE',  ( -0.000000000000000000, 1.000000000000000000, -0.000000000000000000 ) ) ;
#3628 = MECHANICAL_DESIGN_GEOMETRIC_PRESENTATION_REPRESENTATION (  '', ( #4095 ), #6865 ) ;
#3629 =( GEOMETRIC_REPRESENTATION_CONTEXT ( 3 ) GLOBAL_UNCERTAINTY_ASSIGNED_CONTEXT ( ( #39 ) ) GLOBAL_UNIT_ASSIGNED_CONTEXT ( ( #5978, #5683, #1694 ) ) REPRESENTATION_CONTEXT ( 'NONE', 'WORKASPACE' ) );
#3630 = AXIS2_PLACEMENT_3D ( 'NONE', #1791, #3401, #2294 ) ;
#3631 = LINE ( 'NONE', #3590, #2251 ) ;
#3632 = PRESENTATION_STYLE_ASSIGNMENT (( #4112 ) ) ;
#3633 = LINE ( 'NONE', #783, #1044 ) ;
#3634 = ORIENTED_EDGE ( 'NONE', *, *, #4569, .T. ) ;
#3635 = MECHANICAL_DESIGN_GEOMETRIC_PRESENTATION_REPRESENTATION (  '', ( #5209 ), #3178 ) ;
#3636 = ORIENTED_EDGE ( 'NONE', *, *, #5944, .T. ) ;
#3637 = DIRECTION ( 'NONE',  ( 0.000000000000000000, 0.000000000000000000, 1.000000000000000000 ) ) ;
#3638 = ADVANCED_FACE ( 'NONE', ( #6787 ), #5113, .T. ) ;
#3639 = SURFACE_STYLE_USAGE ( .BOTH. , #202 ) ;
#3640 = DIRECTION ( 'NONE',  ( -1.000000000000000000, 0.000000000000000000, -4.448008912761040848E-16 ) ) ;
#3641 =( NAMED_UNIT ( * ) PLANE_ANGLE_UNIT ( ) SI_UNIT ( $, .RADIAN. ) );
#3642 = DIRECTION ( 'NONE',  ( -0.000000000000000000, -1.000000000000000000, -0.000000000000000000 ) ) ;
#3643 = CARTESIAN_POINT ( 'NONE',  ( -9.400000000000002132, -2.699999999999900258, -3.199999999999997957 ) ) ;
#3644 = ORIENTED_EDGE ( 'NONE', *, *, #5997, .F. ) ;
#3645 = ORIENTED_EDGE ( 'NONE', *, *, #6760, .F. ) ;
#3646 = CARTESIAN_POINT ( 'NONE',  ( -12.50000000000000178, 1.500000000000000000, 0.7500000000000002220 ) ) ;
#3647 = CARTESIAN_POINT ( 'NONE',  ( 8.800000000000000711, 0.5000000000000002220, -3.249999999999999556 ) ) ;
#3648 = EDGE_CURVE ( 'NONE', #653, #2842, #2814, .T. ) ;
#3649 = ORIENTED_EDGE ( 'NONE', *, *, #3807, .F. ) ;
#3650 = DIRECTION ( 'NONE',  ( 0.000000000000000000, 1.000000000000000000, 0.000000000000000000 ) ) ;
#3651 = CARTESIAN_POINT ( 'NONE',  ( 6.899999999999999467, 20.39999999999999858, 14.40000000000000391 ) ) ;
#3652 = ORIENTED_EDGE ( 'NONE', *, *, #6988, .F. ) ;
#3653 = EDGE_CURVE ( 'NONE', #7387, #1746, #6862, .T. ) ;
#3654 = CARTESIAN_POINT ( 'NONE',  ( -0.8206827296009561179, 20.40000000000000568, 3.197324941137076770 ) ) ;
#3655 = EDGE_CURVE ( 'NONE', #6408, #6795, #705, .T. ) ;
#3656 = VERTEX_POINT ( 'NONE', #1727 ) ;
#3657 =( NAMED_UNIT ( * ) SI_UNIT ( $, .STERADIAN. ) SOLID_ANGLE_UNIT ( ) );
#3658 = DIRECTION ( 'NONE',  ( 0.000000000000000000, 0.000000000000000000, -1.000000000000000000 ) ) ;
#3659 = DIRECTION ( 'NONE',  ( -0.000000000000000000, 1.000000000000000000, -0.000000000000000000 ) ) ;
#3660 = STYLED_ITEM ( 'NONE', ( #7110 ), #4152 ) ;
#3661 = DIRECTION ( 'NONE',  ( 0.000000000000000000, 1.000000000000000000, 0.000000000000000000 ) ) ;
#3662 = DIRECTION ( 'NONE',  ( 0.000000000000000000, 0.000000000000000000, 1.000000000000000000 ) ) ;
#3663 = AXIS2_PLACEMENT_3D ( 'NONE', #3981, #1802, #5060 ) ;
#3664 = CARTESIAN_POINT ( 'NONE',  ( -0.4999999999999972800, -3.199999999992542143, 12.00000000000000000 ) ) ;
#3665 = LINE ( 'NONE', #5972, #451 ) ;
#3666 = FACE_OUTER_BOUND ( 'NONE', #6901, .T. ) ;
#3667 = CARTESIAN_POINT ( 'NONE',  ( 0.9072174953101770356, 20.39999999999999503, 3.946046488775386329 ) ) ;
#3668 =( LENGTH_UNIT ( ) NAMED_UNIT ( * ) SI_UNIT ( .MILLI., .METRE. ) );
#3669 = ORIENTED_EDGE ( 'NONE', *, *, #1729, .T. ) ;
#3670 =( GEOMETRIC_REPRESENTATION_CONTEXT ( 3 ) GLOBAL_UNCERTAINTY_ASSIGNED_CONTEXT ( ( #2601 ) ) GLOBAL_UNIT_ASSIGNED_CONTEXT ( ( #7224, #5464, #4977 ) ) REPRESENTATION_CONTEXT ( 'NONE', 'WORKASPACE' ) );
#3671 =( NAMED_UNIT ( * ) PLANE_ANGLE_UNIT ( ) SI_UNIT ( $, .RADIAN. ) );
#3672 = AXIS2_PLACEMENT_3D ( 'NONE', #898, #260, #1353 ) ;
#3673 = SURFACE_STYLE_FILL_AREA ( #267 ) ;
#3674 = ORIENTED_EDGE ( 'NONE', *, *, #1313, .T. ) ;
#3675 = FILL_AREA_STYLE_COLOUR ( '', #3151 ) ;
#3676 = CYLINDRICAL_SURFACE ( 'NONE', #6309, 1.800000000000001155 ) ;
#3677 =( BOUNDED_CURVE ( )  B_SPLINE_CURVE ( 3, ( #3824, #1019, #6016, #1537 ),
 .UNSPECIFIED., .F., .F. ) 
 B_SPLINE_CURVE_WITH_KNOTS ( ( 4, 4 ),
 ( 1.570796326794892339, 3.141592653589793116 ),
 .UNSPECIFIED. ) 
 CURVE ( )  GEOMETRIC_REPRESENTATION_ITEM ( )  RATIONAL_B_SPLINE_CURVE ( ( 1.000000000000000000, 0.8047378541243640493, 0.8047378541243640493, 1.000000000000000000 ) ) 
 REPRESENTATION_ITEM ( '' )  );
#3678 = FACE_OUTER_BOUND ( 'NONE', #954, .T. ) ;
#3679 = SURFACE_STYLE_FILL_AREA ( #5839 ) ;
#3680 = CARTESIAN_POINT ( 'NONE',  ( -11.60000000000000497, 0.5000000000000001110, -4.999999999999997335 ) ) ;
#3681 = EDGE_CURVE ( 'NONE', #2498, #1999, #2570, .T. ) ;
#3682 =( GEOMETRIC_REPRESENTATION_CONTEXT ( 3 ) GLOBAL_UNCERTAINTY_ASSIGNED_CONTEXT ( ( #3729 ) ) GLOBAL_UNIT_ASSIGNED_CONTEXT ( ( #2600, #2558, #3188 ) ) REPRESENTATION_CONTEXT ( 'NONE', 'WORKASPACE' ) );
#3683 = COLOUR_RGB ( '',0.2509803921568627416, 0.2509803921568627416, 0.2509803921568627416 ) ;
#3684 = CARTESIAN_POINT ( 'NONE',  ( -12.80000000000000426, 0.4000000000000000222, -12.59160797830996259 ) ) ;
#3685 = ORIENTED_EDGE ( 'NONE', *, *, #1168, .T. ) ;
#3686 = CARTESIAN_POINT ( 'NONE',  ( -12.80000000000000426, 0.5000000000000000000, -14.69999999999999929 ) ) ;
#3687 = VERTEX_POINT ( 'NONE', #5864 ) ;
#3688 = STYLED_ITEM ( 'NONE', ( #826 ), #1117 ) ;
#3689 = SURFACE_SIDE_STYLE ('',( #277 ) ) ;
#3690 = ORIENTED_EDGE ( 'NONE', *, *, #600, .F. ) ;
#3691 = ADVANCED_FACE ( 'NONE', ( #153 ), #4644, .T. ) ;
#3692 = EDGE_LOOP ( 'NONE', ( #4903, #4672, #3250, #6080 ) ) ;
#3693 = VECTOR ( 'NONE', #274, 1000.000000000000000 ) ;
#3694 = ORIENTED_EDGE ( 'NONE', *, *, #5593, .F. ) ;
#3695 = CARTESIAN_POINT ( 'NONE',  ( -9.750000000000001776, 20.39999999999999858, 0.000000000000000000 ) ) ;
#3696 = FACE_OUTER_BOUND ( 'NONE', #2295, .T. ) ;
#3697 = CIRCLE ( 'NONE', #524, 0.09999999999999939493 ) ;
#3698 = DIRECTION ( 'NONE',  ( -1.000000000000000000, -0.000000000000000000, -0.000000000000000000 ) ) ;
#3699 =( NAMED_UNIT ( * ) PLANE_ANGLE_UNIT ( ) SI_UNIT ( $, .RADIAN. ) );
#3700 = UNCERTAINTY_MEASURE_WITH_UNIT (LENGTH_MEASURE( 1.000000000000000082E-05 ), #10, 'distance_accuracy_value', 'NONE');
#3701 = SURFACE_STYLE_USAGE ( .BOTH. , #7205 ) ;
#3702 = ADVANCED_FACE ( 'NONE', ( #80 ), #1274, .F. ) ;
#3703 = CARTESIAN_POINT ( 'NONE',  ( -11.05000000000000071, 0.5000000000000004441, 15.69999999999999929 ) ) ;
#3704 = STYLED_ITEM ( 'NONE', ( #5052 ), #6149 ) ;
#3705 =( LENGTH_UNIT ( ) NAMED_UNIT ( * ) SI_UNIT ( .MILLI., .METRE. ) );
#3706 = VECTOR ( 'NONE', #1725, 1000.000000000000000 ) ;
#3707 =( NAMED_UNIT ( * ) SI_UNIT ( $, .STERADIAN. ) SOLID_ANGLE_UNIT ( ) );
#3708 = CARTESIAN_POINT ( 'NONE',  ( -9.400000000000002132, 1.000000000000000888, -3.999999999999998224 ) ) ;
#3709 =( GEOMETRIC_REPRESENTATION_CONTEXT ( 3 ) GLOBAL_UNCERTAINTY_ASSIGNED_CONTEXT ( ( #415 ) ) GLOBAL_UNIT_ASSIGNED_CONTEXT ( ( #1493, #5960, #3581 ) ) REPRESENTATION_CONTEXT ( 'NONE', 'WORKASPACE' ) );
#3710 = CARTESIAN_POINT ( 'NONE',  ( 1.487755226134143349, 20.39999999999999147, 3.213152803348810593 ) ) ;
#3711 = CARTESIAN_POINT ( 'NONE',  ( -2.299999999999997158, 1.000000000000000444, 12.00000000000000000 ) ) ;
#3712 = VERTEX_POINT ( 'NONE', #4763 ) ;
#3713 = PRESENTATION_LAYER_ASSIGNMENT (  '', '', ( #1369 ) ) ;
#3714 = VECTOR ( 'NONE', #1187, 1000.000000000000000 ) ;
#3715 = DIRECTION ( 'NONE',  ( 0.000000000000000000, 0.000000000000000000, 1.000000000000000000 ) ) ;
#3716 =( NAMED_UNIT ( * ) SI_UNIT ( $, .STERADIAN. ) SOLID_ANGLE_UNIT ( ) );
#3717 = VERTEX_POINT ( 'NONE', #5487 ) ;
#3718 = PLANE ( 'NONE',  #1751 ) ;
#3719 = FACE_OUTER_BOUND ( 'NONE', #2315, .T. ) ;
#3720 = CARTESIAN_POINT ( 'NONE',  ( 6.599999999999999645, 0.5000000000000000000, -5.699999999999998401 ) ) ;
#3721 = FACE_OUTER_BOUND ( 'NONE', #3732, .T. ) ;
#3722 = ORIENTED_EDGE ( 'NONE', *, *, #6516, .F. ) ;
#3723 = CIRCLE ( 'NONE', #6603, 0.2999999999999999334 ) ;
#3724 = ORIENTED_EDGE ( 'NONE', *, *, #2032, .T. ) ;
#3725 = CARTESIAN_POINT ( 'NONE',  ( -0.07780615262992923720, 20.20000000000000639, 2.159577564172141972 ) ) ;
#3726 = CARTESIAN_POINT ( 'NONE',  ( 7.200000000000002842, 1.000000000000000888, 14.69999999999999929 ) ) ;
#3727 = VERTEX_POINT ( 'NONE', #859 ) ;
#3728 = PRESENTATION_STYLE_ASSIGNMENT (( #7114 ) ) ;
#3729 = UNCERTAINTY_MEASURE_WITH_UNIT (LENGTH_MEASURE( 1.000000000000000082E-05 ), #2600, 'distance_accuracy_value', 'NONE');
#3730 =( NAMED_UNIT ( * ) SI_UNIT ( $, .STERADIAN. ) SOLID_ANGLE_UNIT ( ) );
#3731 = MECHANICAL_DESIGN_GEOMETRIC_PRESENTATION_REPRESENTATION (  '', ( #5541 ), #556 ) ;
#3732 = EDGE_LOOP ( 'NONE', ( #4055, #3211, #4412, #6538 ) ) ;
#3733 = CYLINDRICAL_SURFACE ( 'NONE', #1401, 0.5000000000000004441 ) ;
#3734 = CARTESIAN_POINT ( 'NONE',  ( -0.02675093988958344993, 20.39999999999999503, 4.030760010463334098 ) ) ;
#3735 = ORIENTED_EDGE ( 'NONE', *, *, #5463, .T. ) ;
#3736 = SURFACE_SIDE_STYLE ('',( #1491 ) ) ;
#3737 = PRESENTATION_LAYER_ASSIGNMENT (  '', '', ( #5445 ) ) ;
#3738 = ADVANCED_FACE ( 'NONE', ( #6527 ), #259, .F. ) ;
#3739 = DIRECTION ( 'NONE',  ( 0.000000000000000000, 0.000000000000000000, 1.000000000000000000 ) ) ;
#3740 = AXIS2_PLACEMENT_3D ( 'NONE', #3964, #3398, #5603 ) ;
#3741 = UNCERTAINTY_MEASURE_WITH_UNIT (LENGTH_MEASURE( 1.000000000000000082E-05 ), #4502, 'distance_accuracy_value', 'NONE');
#3742 = CARTESIAN_POINT ( 'NONE',  ( 7.000000000000000888, 20.29999999999999716, -4.749999999999999112 ) ) ;
#3743 = PRESENTATION_STYLE_ASSIGNMENT (( #5520 ) ) ;
#3744 = FILL_AREA_STYLE ('',( #7165 ) ) ;
#3745 = VECTOR ( 'NONE', #1713, 1000.000000000000000 ) ;
#3746 = CIRCLE ( 'NONE', #3976, 0.2999999999999999334 ) ;
#3747 = CARTESIAN_POINT ( 'NONE',  ( -9.849999999999999645, 20.35857864376268367, 14.50000000000000178 ) ) ;
#3748 = ADVANCED_FACE ( 'NONE', ( #7051 ), #2563, .T. ) ;
#3749 = DIRECTION ( 'NONE',  ( 0.000000000000000000, 0.000000000000000000, 1.000000000000000000 ) ) ;
#3750 = MECHANICAL_DESIGN_GEOMETRIC_PRESENTATION_REPRESENTATION (  '', ( #3496 ), #3035 ) ;
#3751 =( NAMED_UNIT ( * ) SI_UNIT ( $, .STERADIAN. ) SOLID_ANGLE_UNIT ( ) );
#3752 = PLANE ( 'NONE',  #5900 ) ;
#3753 =( GEOMETRIC_REPRESENTATION_CONTEXT ( 3 ) GLOBAL_UNCERTAINTY_ASSIGNED_CONTEXT ( ( #1081 ) ) GLOBAL_UNIT_ASSIGNED_CONTEXT ( ( #4490, #3597, #6230 ) ) REPRESENTATION_CONTEXT ( 'NONE', 'WORKASPACE' ) );
#3754 = LINE ( 'NONE', #1942, #5264 ) ;
#3755 = DIRECTION ( 'NONE',  ( -0.000000000000000000, 1.000000000000000000, -0.000000000000000000 ) ) ;
#3756 = EDGE_LOOP ( 'NONE', ( #564, #5114, #2079, #2113 ) ) ;
#3757 = AXIS2_PLACEMENT_3D ( 'NONE', #6013, #296, #7127 ) ;
#3758 = CARTESIAN_POINT ( 'NONE',  ( 7.500000000000001776, 1.000000000000000888, -4.249999999999999112 ) ) ;
#3759 = DIRECTION ( 'NONE',  ( 0.000000000000000000, 1.000000000000000000, 0.000000000000000000 ) ) ;
#3760 = EDGE_LOOP ( 'NONE', ( #6978, #3850 ) ) ;
#3761 = EDGE_CURVE ( 'NONE', #175, #1892, #3394, .T. ) ;
#3762 =( NAMED_UNIT ( * ) SI_UNIT ( $, .STERADIAN. ) SOLID_ANGLE_UNIT ( ) );
#3763 = PRESENTATION_LAYER_ASSIGNMENT (  '', '', ( #6992 ) ) ;
#3764 = EDGE_LOOP ( 'NONE', ( #1448, #679, #478, #3539 ) ) ;
#3765 = EDGE_LOOP ( 'NONE', ( #6711, #5317, #6914, #1584 ) ) ;
#3766 = SURFACE_STYLE_FILL_AREA ( #6683 ) ;
#3767 = ORIENTED_EDGE ( 'NONE', *, *, #1993, .T. ) ;
#3768 = CARTESIAN_POINT ( 'NONE',  ( 6.599999999999997868, 0.5000000000000003331, -13.79999999999999716 ) ) ;
#3769 = VECTOR ( 'NONE', #2180, 1000.000000000000000 ) ;
#3770 = SURFACE_STYLE_FILL_AREA ( #921 ) ;
#3771 = ORIENTED_EDGE ( 'NONE', *, *, #3114, .T. ) ;
#3772 =( NAMED_UNIT ( * ) SI_UNIT ( $, .STERADIAN. ) SOLID_ANGLE_UNIT ( ) );
#3773 = LINE ( 'NONE', #5551, #3986 ) ;
#3774 = PRESENTATION_STYLE_ASSIGNMENT (( #5030 ) ) ;
#3775 = ORIENTED_EDGE ( 'NONE', *, *, #732, .T. ) ;
#3776 = SURFACE_SIDE_STYLE ('',( #2183 ) ) ;
#3777 = LINE ( 'NONE', #2121, #3440 ) ;
#3778 = UNCERTAINTY_MEASURE_WITH_UNIT (LENGTH_MEASURE( 1.000000000000000082E-05 ), #572, 'distance_accuracy_value', 'NONE');
#3779 = PRESENTATION_STYLE_ASSIGNMENT (( #6635 ) ) ;
#3780 = EDGE_CURVE ( 'NONE', #1757, #6251, #5970, .T. ) ;
#3781 = VECTOR ( 'NONE', #395, 1000.000000000000000 ) ;
#3782 = CARTESIAN_POINT ( 'NONE',  ( 6.900000000000000355, 20.29999999999999716, 0.000000000000000000 ) ) ;
#3783 = AXIS2_PLACEMENT_3D ( 'NONE', #4135, #4262, #737 ) ;
#3784 = CARTESIAN_POINT ( 'NONE',  ( 13.80000000000000071, 20.29999999999999716, -3.549999999999998490 ) ) ;
#3785 =( NAMED_UNIT ( * ) PLANE_ANGLE_UNIT ( ) SI_UNIT ( $, .RADIAN. ) );
#3786 = SURFACE_STYLE_USAGE ( .BOTH. , #5527 ) ;
#3787 = ADVANCED_FACE ( 'NONE', ( #7368 ), #7327, .F. ) ;
#3788 = MECHANICAL_DESIGN_GEOMETRIC_PRESENTATION_REPRESENTATION (  '', ( #825 ), #6893 ) ;
#3789 = ORIENTED_EDGE ( 'NONE', *, *, #3216, .F. ) ;
#3790 = DIRECTION ( 'NONE',  ( 0.000000000000000000, -1.000000000000000000, 0.000000000000000000 ) ) ;
#3791 = LINE ( 'NONE', #1656, #6213 ) ;
#3792 = CARTESIAN_POINT ( 'NONE',  ( -5.600000000000000533, 0.5000000000000000000, 7.700000000000000178 ) ) ;
#3793 = VECTOR ( 'NONE', #4554, 1000.000000000000000 ) ;
#3794 = ORIENTED_EDGE ( 'NONE', *, *, #2762, .F. ) ;
#3795 = EDGE_CURVE ( 'NONE', #2310, #5703, #1282, .T. ) ;
#3796 = EDGE_CURVE ( 'NONE', #5206, #4626, #4426, .T. ) ;
#3797 = VECTOR ( 'NONE', #4153, 1000.000000000000000 ) ;
#3798 = ORIENTED_EDGE ( 'NONE', *, *, #3977, .F. ) ;
#3799 = CARTESIAN_POINT ( 'NONE',  ( -1.863929817321425597, 20.35000000000000497, 4.001964908660713860 ) ) ;
#3800 = PRESENTATION_LAYER_ASSIGNMENT (  '', '', ( #6105 ) ) ;
#3801 = AXIS2_PLACEMENT_3D ( 'NONE', #7341, #1933, #777 ) ;
#3802 = CARTESIAN_POINT ( 'NONE',  ( 12.50000000000000178, 1.000000000000000888, -15.00000000000000000 ) ) ;
#3803 = DIRECTION ( 'NONE',  ( -1.299418334065024133E-16, 0.000000000000000000, -1.000000000000000000 ) ) ;
#3804 = ORIENTED_EDGE ( 'NONE', *, *, #543, .F. ) ;
#3805 = DIRECTION ( 'NONE',  ( 0.000000000000000000, 0.000000000000000000, -1.000000000000000000 ) ) ;
#3806 =( NAMED_UNIT ( * ) SI_UNIT ( $, .STERADIAN. ) SOLID_ANGLE_UNIT ( ) );
#3807 = EDGE_CURVE ( 'NONE', #2629, #1949, #5809, .T. ) ;
#3808 = AXIS2_PLACEMENT_3D ( 'NONE', #374, #1010, #6195 ) ;
#3809 = FACE_OUTER_BOUND ( 'NONE', #2828, .T. ) ;
#3810 = FACE_OUTER_BOUND ( 'NONE', #3608, .T. ) ;
#3811 = ORIENTED_EDGE ( 'NONE', *, *, #2833, .T. ) ;
#3812 = ORIENTED_EDGE ( 'NONE', *, *, #5698, .T. ) ;
#3813 =( NAMED_UNIT ( * ) PLANE_ANGLE_UNIT ( ) SI_UNIT ( $, .RADIAN. ) );
#3814 = AXIS2_PLACEMENT_3D ( 'NONE', #1251, #3489, #6386 ) ;
#3815 = UNCERTAINTY_MEASURE_WITH_UNIT (LENGTH_MEASURE( 1.000000000000000082E-05 ), #6800, 'distance_accuracy_value', 'NONE');
#3816 = CIRCLE ( 'NONE', #1575, 0.8000000000000003775 ) ;
#3817 = DIRECTION ( 'NONE',  ( 0.000000000000000000, 1.000000000000000000, 0.000000000000000000 ) ) ;
#3818 = COLOUR_RGB ( '',0.000000000000000000, 0.000000000000000000, 1.000000000000000000 ) ;
#3819 = DIRECTION ( 'NONE',  ( -1.000000000000000000, 0.000000000000000000, 0.000000000000000000 ) ) ;
#3820 = LINE ( 'NONE', #3291, #496 ) ;
#3821 =( NAMED_UNIT ( * ) SI_UNIT ( $, .STERADIAN. ) SOLID_ANGLE_UNIT ( ) );
#3822 = DIRECTION ( 'NONE',  ( 0.000000000000000000, 1.000000000000000000, 0.000000000000000000 ) ) ;
#3823 =( GEOMETRIC_REPRESENTATION_CONTEXT ( 3 ) GLOBAL_UNCERTAINTY_ASSIGNED_CONTEXT ( ( #1346 ) ) GLOBAL_UNIT_ASSIGNED_CONTEXT ( ( #5927, #1455, #3577 ) ) REPRESENTATION_CONTEXT ( 'NONE', 'WORKASPACE' ) );
#3824 = CARTESIAN_POINT ( 'NONE',  ( 6.899999999999999467, 20.39999999999999858, 14.40000000000000391 ) ) ;
#3825 = FILL_AREA_STYLE_COLOUR ( '', #638 ) ;
#3826 = CARTESIAN_POINT ( 'NONE',  ( -9.150000000000002132, 40.93805269026350402, 13.79999999999999893 ) ) ;
#3827 =( NAMED_UNIT ( * ) SI_UNIT ( $, .STERADIAN. ) SOLID_ANGLE_UNIT ( ) );
#3828 = FILL_AREA_STYLE_COLOUR ( '', #6385 ) ;
#3829 = ORIENTED_EDGE ( 'NONE', *, *, #4711, .F. ) ;
#3830 = DIRECTION ( 'NONE',  ( 0.000000000000000000, 0.000000000000000000, 1.000000000000000000 ) ) ;
#3831 = VECTOR ( 'NONE', #5267, 1000.000000000000000 ) ;
#3832 = CARTESIAN_POINT ( 'NONE',  ( 7.500000000000002665, 1.000000000000000888, 14.99999999999999645 ) ) ;
#3833 = ADVANCED_FACE ( 'NONE', ( #2226 ), #423, .T. ) ;
#3834 = SURFACE_STYLE_FILL_AREA ( #4083 ) ;
#3835 = ORIENTED_EDGE ( 'NONE', *, *, #3, .F. ) ;
#3836 = COLOUR_RGB ( '',0.000000000000000000, 0.000000000000000000, 1.000000000000000000 ) ;
#3837 = PRESENTATION_STYLE_ASSIGNMENT (( #2126 ) ) ;
#3838 = VERTEX_POINT ( 'NONE', #6134 ) ;
#3839 = FACE_OUTER_BOUND ( 'NONE', #6582, .T. ) ;
#3840 = CARTESIAN_POINT ( 'NONE',  ( -0.4319737895470000533, 20.19999999999999929, 2.563109734645322657 ) ) ;
#3841 = DIRECTION ( 'NONE',  ( 1.000000000000000000, 0.000000000000000000, 1.495451272393798556E-16 ) ) ;
#3842 = ADVANCED_FACE ( 'NONE', ( #1014, #3258 ), #5566, .F. ) ;
#3843 = DIRECTION ( 'NONE',  ( 8.673617379884037050E-15, 0.000000000000000000, 1.000000000000000000 ) ) ;
#3844 = ADVANCED_FACE ( 'NONE', ( #4636 ), #4534, .T. ) ;
#3845 = SURFACE_SIDE_STYLE ('',( #7192 ) ) ;
#3846 = CIRCLE ( 'NONE', #1960, 0.3000000000000016542 ) ;
#3847 = ORIENTED_EDGE ( 'NONE', *, *, #2512, .F. ) ;
#3848 = CARTESIAN_POINT ( 'NONE',  ( -13.80000000000000071, 0.5000000000000003331, -15.69999999999999929 ) ) ;
#3849 = EDGE_CURVE ( 'NONE', #3838, #6647, #4010, .T. ) ;
#3850 = ORIENTED_EDGE ( 'NONE', *, *, #422, .F. ) ;
#3851 = CARTESIAN_POINT ( 'NONE',  ( 0.8945351906897058836, 20.20000000000000639, 2.263492519717884566 ) ) ;
#3852 = SURFACE_SIDE_STYLE ('',( #40 ) ) ;
#3853 = AXIS2_PLACEMENT_3D ( 'NONE', #6487, #5291, #1279 ) ;
#3854 = UNCERTAINTY_MEASURE_WITH_UNIT (LENGTH_MEASURE( 1.000000000000000082E-05 ), #6570, 'distance_accuracy_value', 'NONE');
#3855 = VECTOR ( 'NONE', #2096, 1000.000000000000000 ) ;
#3856 = FILL_AREA_STYLE_COLOUR ( '', #3043 ) ;
#3857 = CARTESIAN_POINT ( 'NONE',  ( 10.19999999999999929, 0.5000000000000000000, -5.699999999999998401 ) ) ;
#3858 = SURFACE_STYLE_USAGE ( .BOTH. , #1607 ) ;
#3859 = CARTESIAN_POINT ( 'NONE',  ( -10.35000000000000142, 0.4166666666666668517, 12.49300664859163668 ) ) ;
#3860 = COLOUR_RGB ( '',0.000000000000000000, 0.000000000000000000, 1.000000000000000000 ) ;
#3861 = COLOUR_RGB ( '',0.000000000000000000, 0.000000000000000000, 1.000000000000000000 ) ;
#3862 = PRESENTATION_LAYER_ASSIGNMENT (  '', '', ( #4089 ) ) ;
#3863 = EDGE_LOOP ( 'NONE', ( #7143, #247, #182, #1878 ) ) ;
#3864 = VECTOR ( 'NONE', #5497, 1000.000000000000000 ) ;
#3865 = SURFACE_STYLE_FILL_AREA ( #6109 ) ;
#3866 = PLANE ( 'NONE',  #5412 ) ;
#3867 = ORIENTED_EDGE ( 'NONE', *, *, #398, .F. ) ;
#3868 = AXIS2_PLACEMENT_3D ( 'NONE', #3509, #5821, #7004 ) ;
#3869 = ADVANCED_FACE ( 'NONE', ( #641 ), #2853, .T. ) ;
#3870 = DIRECTION ( 'NONE',  ( 0.000000000000000000, -1.000000000000000000, 0.000000000000000000 ) ) ;
#3871 = ORIENTED_EDGE ( 'NONE', *, *, #6501, .T. ) ;
#3872 = DIRECTION ( 'NONE',  ( 1.000000000000000000, 0.000000000000000000, 0.000000000000000000 ) ) ;
#3873 = CARTESIAN_POINT ( 'NONE',  ( 0.2865439505589338909, 20.19999999999999929, 2.057842712474617919 ) ) ;
#3874 = VERTEX_POINT ( 'NONE', #3110 ) ;
#3875 = SURFACE_SIDE_STYLE ('',( #6081 ) ) ;
#3876 = CARTESIAN_POINT ( 'NONE',  ( 0.000000000000000000, 20.29999999999999716, 14.40000000000000391 ) ) ;
#3877 = ADVANCED_FACE ( 'NONE', ( #5959 ), #285, .F. ) ;
#3878 = CIRCLE ( 'NONE', #1532, 0.2999999999999999334 ) ;
#3879 =( GEOMETRIC_REPRESENTATION_CONTEXT ( 3 ) GLOBAL_UNCERTAINTY_ASSIGNED_CONTEXT ( ( #1809 ) ) GLOBAL_UNIT_ASSIGNED_CONTEXT ( ( #150, #2445, #1868 ) ) REPRESENTATION_CONTEXT ( 'NONE', 'WORKASPACE' ) );
#3880 = DIRECTION ( 'NONE',  ( 0.000000000000000000, 0.000000000000000000, 1.000000000000000000 ) ) ;
#3881 = SURFACE_STYLE_FILL_AREA ( #6730 ) ;
#3882 = ORIENTED_EDGE ( 'NONE', *, *, #1273, .F. ) ;
#3883 = DIRECTION ( 'NONE',  ( 0.000000000000000000, 1.000000000000000000, 0.000000000000000000 ) ) ;
#3884 = ORIENTED_EDGE ( 'NONE', *, *, #2965, .T. ) ;
#3885 = CARTESIAN_POINT ( 'NONE',  ( 0.7031659220241227581, 20.20000000000000284, 2.139995121437906267 ) ) ;
#3886 = UNCERTAINTY_MEASURE_WITH_UNIT (LENGTH_MEASURE( 1.000000000000000082E-05 ), #2574, 'distance_accuracy_value', 'NONE');
#3887 = CARTESIAN_POINT ( 'NONE',  ( 7.000000000000000888, 20.35857864376268722, -4.750000000000000000 ) ) ;
#3888 = EDGE_CURVE ( 'NONE', #5496, #399, #2142, .T. ) ;
#3889 = EDGE_CURVE ( 'NONE', #7020, #1926, #2440, .T. ) ;
#3890 = DIRECTION ( 'NONE',  ( 0.000000000000000000, 0.000000000000000000, 1.000000000000000000 ) ) ;
#3891 = SURFACE_STYLE_FILL_AREA ( #6779 ) ;
#3892 = FILL_AREA_STYLE_COLOUR ( '', #5299 ) ;
#3893 = CARTESIAN_POINT ( 'NONE',  ( -12.20000000000000284, 20.39999999999999858, 0.000000000000000000 ) ) ;
#3894 =( NAMED_UNIT ( * ) PLANE_ANGLE_UNIT ( ) SI_UNIT ( $, .RADIAN. ) );
#3895 = CIRCLE ( 'NONE', #4869, 0.2999999999999999334 ) ;
#3896 = CARTESIAN_POINT ( 'NONE',  ( -5.600000000000001421, 0.5000000000000000000, 11.30000000000000249 ) ) ;
#3897 = CARTESIAN_POINT ( 'NONE',  ( 13.80000000000000071, 20.29999999999999716, 16.00000000000000000 ) ) ;
#3898 = ORIENTED_EDGE ( 'NONE', *, *, #896, .F. ) ;
#3899 = AXIS2_PLACEMENT_3D ( 'NONE', #7120, #5439, #2009 ) ;
#3900 = DIRECTION ( 'NONE',  ( 0.000000000000000000, 0.000000000000000000, 1.000000000000000000 ) ) ;
#3901 = DIRECTION ( 'NONE',  ( 1.000000000000000000, 0.000000000000000000, 0.000000000000000000 ) ) ;
#3902 = EDGE_CURVE ( 'NONE', #1109, #848, #5476, .T. ) ;
#3903 = CARTESIAN_POINT ( 'NONE',  ( 0.3400000000000036326, 20.19999999999999929, 3.742157287525382348 ) ) ;
#3904 = CYLINDRICAL_SURFACE ( 'NONE', #1810, 0.09999999999999939493 ) ;
#3905 = ORIENTED_EDGE ( 'NONE', *, *, #6643, .F. ) ;
#3906 = VERTEX_POINT ( 'NONE', #2511 ) ;
#3907 = CARTESIAN_POINT ( 'NONE',  ( -9.400000000000002132, 1.000000000000000888, -2.399999999999997247 ) ) ;
#3908 = AXIS2_PLACEMENT_3D ( 'NONE', #5901, #786, #5338 ) ;
#3909 = FILL_AREA_STYLE ('',( #593 ) ) ;
#3910 =( NAMED_UNIT ( * ) PLANE_ANGLE_UNIT ( ) SI_UNIT ( $, .RADIAN. ) );
#3911 = VECTOR ( 'NONE', #1015, 1000.000000000000000 ) ;
#3912 = VERTEX_POINT ( 'NONE', #1457 ) ;
#3913 = SURFACE_STYLE_USAGE ( .BOTH. , #3845 ) ;
#3914 = CIRCLE ( 'NONE', #5245, 0.09999999999999939493 ) ;
#3915 = FACE_BOUND ( 'NONE', #622, .T. ) ;
#3916 =( NAMED_UNIT ( * ) PLANE_ANGLE_UNIT ( ) SI_UNIT ( $, .RADIAN. ) );
#3917 = AXIS2_PLACEMENT_3D ( 'NONE', #4429, #6704, #5489 ) ;
#3918 = ORIENTED_EDGE ( 'NONE', *, *, #389, .F. ) ;
#3919 = LINE ( 'NONE', #1180, #4269 ) ;
#3920 = EDGE_LOOP ( 'NONE', ( #3131, #7240, #6147, #3613 ) ) ;
#3921 = CARTESIAN_POINT ( 'NONE',  ( 0.7419584405000043681, 20.19999999999999574, 2.158863194851525336 ) ) ;
#3922 = CARTESIAN_POINT ( 'NONE',  ( -13.80000000000000071, 0.5000000000000000000, 0.000000000000000000 ) ) ;
#3923 = EDGE_CURVE ( 'NONE', #706, #7107, #4304, .T. ) ;
#3924 =( GEOMETRIC_REPRESENTATION_CONTEXT ( 3 ) GLOBAL_UNCERTAINTY_ASSIGNED_CONTEXT ( ( #5923 ) ) GLOBAL_UNIT_ASSIGNED_CONTEXT ( ( #1762, #3466, #5822 ) ) REPRESENTATION_CONTEXT ( 'NONE', 'WORKASPACE' ) );
#3925 = FILL_AREA_STYLE ('',( #6201 ) ) ;
#3926 = ADVANCED_FACE ( 'NONE', ( #6004 ), #1970, .F. ) ;
#3927 = SURFACE_SIDE_STYLE ('',( #6268 ) ) ;
#3928 = EDGE_CURVE ( 'NONE', #3950, #4870, #3066, .T. ) ;
#3929 =( NAMED_UNIT ( * ) SI_UNIT ( $, .STERADIAN. ) SOLID_ANGLE_UNIT ( ) );
#3930 = EDGE_CURVE ( 'NONE', #7069, #4820, #7239, .T. ) ;
#3931 = STYLED_ITEM ( 'NONE', ( #7254 ), #7264 ) ;
#3932 = DIRECTION ( 'NONE',  ( 0.000000000000000000, 0.000000000000000000, 1.000000000000000000 ) ) ;
#3933 = FACE_OUTER_BOUND ( 'NONE', #5211, .T. ) ;
#3934 = ORIENTED_EDGE ( 'NONE', *, *, #6197, .F. ) ;
#3935 =( GEOMETRIC_REPRESENTATION_CONTEXT ( 3 ) GLOBAL_UNCERTAINTY_ASSIGNED_CONTEXT ( ( #1932 ) ) GLOBAL_UNIT_ASSIGNED_CONTEXT ( ( #3988, #5736, #5202 ) ) REPRESENTATION_CONTEXT ( 'NONE', 'WORKASPACE' ) );
#3936 = CARTESIAN_POINT ( 'NONE',  ( 4.599999999999997868, 0.5000000000000000000, 9.500000000000001776 ) ) ;
#3937 = CARTESIAN_POINT ( 'NONE',  ( -5.600000000000000533, 1.000000000000000444, 7.700000000000000178 ) ) ;
#3938 =( GEOMETRIC_REPRESENTATION_CONTEXT ( 3 ) GLOBAL_UNCERTAINTY_ASSIGNED_CONTEXT ( ( #4175 ) ) GLOBAL_UNIT_ASSIGNED_CONTEXT ( ( #2054, #290, #4877 ) ) REPRESENTATION_CONTEXT ( 'NONE', 'WORKASPACE' ) );
#3939 = CARTESIAN_POINT ( 'NONE',  ( -12.50000000000000178, 1.000000000000000888, 0.4500000000000007327 ) ) ;
#3940 = ORIENTED_EDGE ( 'NONE', *, *, #3376, .T. ) ;
#3941 = PLANE ( 'NONE',  #5127 ) ;
#3942 = VECTOR ( 'NONE', #2380, 1000.000000000000000 ) ;
#3943 = SURFACE_STYLE_FILL_AREA ( #5119 ) ;
#3944 = VERTEX_POINT ( 'NONE', #7274 ) ;
#3945 = SURFACE_STYLE_USAGE ( .BOTH. , #5800 ) ;
#3946 = CARTESIAN_POINT ( 'NONE',  ( 11.60000000000000142, 40.93805269026350402, -13.79999999999999716 ) ) ;
#3947 = DIRECTION ( 'NONE',  ( 0.000000000000000000, -1.000000000000000000, 0.000000000000000000 ) ) ;
#3948 = COLOUR_RGB ( '',0.7921568627450980005, 0.8196078431372548767, 0.9333333333333333481 ) ;
#3949 =( GEOMETRIC_REPRESENTATION_CONTEXT ( 3 ) GLOBAL_UNCERTAINTY_ASSIGNED_CONTEXT ( ( #3360 ) ) GLOBAL_UNIT_ASSIGNED_CONTEXT ( ( #1644, #4459, #5632 ) ) REPRESENTATION_CONTEXT ( 'NONE', 'WORKASPACE' ) );
#3950 = VERTEX_POINT ( 'NONE', #3249 ) ;
#3951 =( GEOMETRIC_REPRESENTATION_CONTEXT ( 3 ) GLOBAL_UNCERTAINTY_ASSIGNED_CONTEXT ( ( #4347 ) ) GLOBAL_UNIT_ASSIGNED_CONTEXT ( ( #2883, #4023, #3457 ) ) REPRESENTATION_CONTEXT ( 'NONE', 'WORKASPACE' ) );
#3952 = ORIENTED_EDGE ( 'NONE', *, *, #1770, .F. ) ;
#3953 = VERTEX_POINT ( 'NONE', #2674 ) ;
#3954 = SURFACE_STYLE_USAGE ( .BOTH. , #2277 ) ;
#3955 = UNCERTAINTY_MEASURE_WITH_UNIT (LENGTH_MEASURE( 1.000000000000000082E-05 ), #1758, 'distance_accuracy_value', 'NONE');
#3956 = PLANE ( 'NONE',  #5256 ) ;
#3957 = CARTESIAN_POINT ( 'NONE',  ( -12.80000000000000426, 1.000000000000000888, -14.69999999999999929 ) ) ;
#3958 = CIRCLE ( 'NONE', #7084, 0.2999999999999999334 ) ;
#3959 = VERTEX_POINT ( 'NONE', #3848 ) ;
#3960 = EDGE_CURVE ( 'NONE', #5298, #4847, #4259, .T. ) ;
#3961 =( LENGTH_UNIT ( ) NAMED_UNIT ( * ) SI_UNIT ( .MILLI., .METRE. ) );
#3962 = DIRECTION ( 'NONE',  ( 0.000000000000000000, -0.000000000000000000, -1.000000000000000000 ) ) ;
#3963 = CARTESIAN_POINT ( 'NONE',  ( -12.80000000000000249, 1.500000000000000000, 0.000000000000000000 ) ) ;
#3964 = CARTESIAN_POINT ( 'NONE',  ( -0.4999999999999972800, -2.699999999999905587, 12.00000000000000000 ) ) ;
#3965 = DIRECTION ( 'NONE',  ( 0.000000000000000000, -0.000000000000000000, -1.000000000000000000 ) ) ;
#3966 = VECTOR ( 'NONE', #140, 1000.000000000000000 ) ;
#3967 = DIRECTION ( 'NONE',  ( 0.000000000000000000, -1.000000000000000000, 0.000000000000000000 ) ) ;
#3968 = ADVANCED_FACE ( 'NONE', ( #1672 ), #2084, .F. ) ;
#3969 = ORIENTED_EDGE ( 'NONE', *, *, #6198, .T. ) ;
#3970 = PRESENTATION_LAYER_ASSIGNMENT (  '', '', ( #2218 ) ) ;
#3971 = FILL_AREA_STYLE ('',( #1166 ) ) ;
#3972 =( GEOMETRIC_REPRESENTATION_CONTEXT ( 3 ) GLOBAL_UNCERTAINTY_ASSIGNED_CONTEXT ( ( #1459 ) ) GLOBAL_UNIT_ASSIGNED_CONTEXT ( ( #3059, #1550, #1447 ) ) REPRESENTATION_CONTEXT ( 'NONE', 'WORKASPACE' ) );
#3973 =( LENGTH_UNIT ( ) NAMED_UNIT ( * ) SI_UNIT ( .MILLI., .METRE. ) );
#3974 = VERTEX_POINT ( 'NONE', #6046 ) ;
#3975 =( GEOMETRIC_REPRESENTATION_CONTEXT ( 3 ) GLOBAL_UNCERTAINTY_ASSIGNED_CONTEXT ( ( #3778 ) ) GLOBAL_UNIT_ASSIGNED_CONTEXT ( ( #572, #5669, #2186 ) ) REPRESENTATION_CONTEXT ( 'NONE', 'WORKASPACE' ) );
#3976 = AXIS2_PLACEMENT_3D ( 'NONE', #2378, #4656, #6940 ) ;
#3977 = EDGE_CURVE ( 'NONE', #4486, #2584, #6087, .T. ) ;
#3978 = CARTESIAN_POINT ( 'NONE',  ( -13.80000000000000071, 0.5000000000000003331, 1.449999999999999956 ) ) ;
#3979 = ORIENTED_EDGE ( 'NONE', *, *, #683, .F. ) ;
#3980 = CARTESIAN_POINT ( 'NONE',  ( 0.3400000000000036326, 20.25490381056766864, 1.852938901906950209 ) ) ;
#3981 = CARTESIAN_POINT ( 'NONE',  ( 8.400000000000000355, -3.199999999992542143, -5.699999999999998401 ) ) ;
#3982 = DIRECTION ( 'NONE',  ( 0.000000000000000000, -1.000000000000000000, 0.000000000000000000 ) ) ;
#3983 = LINE ( 'NONE', #690, #4141 ) ;
#3984 = VECTOR ( 'NONE', #6188, 1000.000000000000000 ) ;
#3985 = COLOUR_RGB ( '',0.2509803921568627416, 0.2509803921568627416, 0.2509803921568627416 ) ;
#3986 = VECTOR ( 'NONE', #5475, 1000.000000000000000 ) ;
#3987 = ORIENTED_EDGE ( 'NONE', *, *, #7367, .F. ) ;
#3988 =( LENGTH_UNIT ( ) NAMED_UNIT ( * ) SI_UNIT ( .MILLI., .METRE. ) );
#3989 = CIRCLE ( 'NONE', #326, 1.799999999999999600 ) ;
#3990 = ORIENTED_EDGE ( 'NONE', *, *, #6670, .T. ) ;
#3991 = FILL_AREA_STYLE_COLOUR ( '', #4879 ) ;
#3992 = EDGE_LOOP ( 'NONE', ( #584, #929 ) ) ;
#3993 = CARTESIAN_POINT ( 'NONE',  ( -1.900532357699871389, 20.38169872981078257, 1.779733821150061734 ) ) ;
#3994 = DIRECTION ( 'NONE',  ( -0.000000000000000000, 1.000000000000000000, 0.000000000000000000 ) ) ;
#3995 = VECTOR ( 'NONE', #573, 1000.000000000000000 ) ;
#3996 = STYLED_ITEM ( 'NONE', ( #1463 ), #3279 ) ;
#3997 = ORIENTED_EDGE ( 'NONE', *, *, #1043, .F. ) ;
#3998 = CARTESIAN_POINT ( 'NONE',  ( 12.50000000000000178, 1.000000000000000888, -4.249999999999999112 ) ) ;
#3999 = COLOUR_RGB ( '',0.2509803921568627416, 0.2509803921568627416, 0.2509803921568627416 ) ;
#4000 = FACE_OUTER_BOUND ( 'NONE', #2049, .T. ) ;
#4001 = SURFACE_STYLE_FILL_AREA ( #2821 ) ;
#4002 = CARTESIAN_POINT ( 'NONE',  ( 11.80000000000000071, 18.39999999999999858, -14.80000000000000071 ) ) ;
#4003 = LINE ( 'NONE', #5677, #1854 ) ;
#4004 =( LENGTH_UNIT ( ) NAMED_UNIT ( * ) SI_UNIT ( .MILLI., .METRE. ) );
#4005 = VERTEX_POINT ( 'NONE', #456 ) ;
#4006 = CARTESIAN_POINT ( 'NONE',  ( -11.35000000000000320, 0.5000000000000000000, 11.40839202169004096 ) ) ;
#4007 = CARTESIAN_POINT ( 'NONE',  ( 1.412656781888454338, 20.39999999999999503, 2.387502813129003698 ) ) ;
#4008 = EDGE_CURVE ( 'NONE', #4576, #917, #5032, .T. ) ;
#4009 = EDGE_LOOP ( 'NONE', ( #6182, #808, #1336, #4380 ) ) ;
#4010 = CIRCLE ( 'NONE', #6891, 0.8000000000000003775 ) ;
#4011 = CARTESIAN_POINT ( 'NONE',  ( -9.400000000000002132, 0.5000000000000000000, -3.199999999999997957 ) ) ;
#4012 = CARTESIAN_POINT ( 'NONE',  ( 13.50000000000000178, 20.29999999999999716, -3.549999999999999378 ) ) ;
#4013 = ORIENTED_EDGE ( 'NONE', *, *, #759, .F. ) ;
#4014 = CARTESIAN_POINT ( 'NONE',  ( -11.38578643762690668, 0.4166666666666669627, -12.49300664859163668 ) ) ;
#4015 = CARTESIAN_POINT ( 'NONE',  ( 7.500000000000001776, 1.000000000000000888, -4.249999999999999112 ) ) ;
#4016 = ADVANCED_FACE ( 'NONE', ( #4419 ), #933, .T. ) ;
#4017 = UNCERTAINTY_MEASURE_WITH_UNIT (LENGTH_MEASURE( 1.000000000000000082E-05 ), #6364, 'distance_accuracy_value', 'NONE');
#4018 = VERTEX_POINT ( 'NONE', #139 ) ;
#4019 = MECHANICAL_DESIGN_GEOMETRIC_PRESENTATION_REPRESENTATION (  '', ( #5235 ), #2355 ) ;
#4020 = SURFACE_SIDE_STYLE ('',( #33 ) ) ;
#4021 = ORIENTED_EDGE ( 'NONE', *, *, #716, .T. ) ;
#4022 = SURFACE_SIDE_STYLE ('',( #663 ) ) ;
#4023 =( NAMED_UNIT ( * ) PLANE_ANGLE_UNIT ( ) SI_UNIT ( $, .RADIAN. ) );
#4024 = UNCERTAINTY_MEASURE_WITH_UNIT (LENGTH_MEASURE( 1.000000000000000082E-05 ), #3415, 'distance_accuracy_value', 'NONE');
#4025 = CARTESIAN_POINT ( 'NONE',  ( 13.80000000000000071, 18.39999999999999858, -8.375735931288156522 ) ) ;
#4026 = ORIENTED_EDGE ( 'NONE', *, *, #6241, .F. ) ;
#4027 = SURFACE_STYLE_FILL_AREA ( #6854 ) ;
#4028 = CARTESIAN_POINT ( 'NONE',  ( -11.35000000000000320, 20.29999999999999716, 2.050000000000001599 ) ) ;
#4029 = SURFACE_SIDE_STYLE ('',( #6442 ) ) ;
#4030 = PRESENTATION_LAYER_ASSIGNMENT (  '', '', ( #6220 ) ) ;
#4031 = SURFACE_STYLE_FILL_AREA ( #4681 ) ;
#4032 = LINE ( 'NONE', #2793, #3352 ) ;
#4033 = AXIS2_PLACEMENT_3D ( 'NONE', #4953, #531, #3252 ) ;
#4034 = STYLED_ITEM ( 'NONE', ( #2240 ), #1089 ) ;
#4035 = ORIENTED_EDGE ( 'NONE', *, *, #6950, .F. ) ;
#4036 = DIRECTION ( 'NONE',  ( -1.000000000000000000, 0.000000000000000000, 0.000000000000000000 ) ) ;
#4037 = CARTESIAN_POINT ( 'NONE',  ( -13.80000000000000071, 83.05825363168716535, 16.00000000000000000 ) ) ;
#4038 = CARTESIAN_POINT ( 'NONE',  ( -11.60000000000000497, 1.000000000000000888, -0.4499999999999990119 ) ) ;
#4039 = VECTOR ( 'NONE', #7314, 1000.000000000000000 ) ;
#4040 = PRESENTATION_LAYER_ASSIGNMENT (  '', '', ( #7307 ) ) ;
#4041 = CARTESIAN_POINT ( 'NONE',  ( 8.400000000000000355, 1.000000000000000000, -13.29999999999999893 ) ) ;
#4042 = FACE_OUTER_BOUND ( 'NONE', #5182, .T. ) ;
#4043 = VERTEX_POINT ( 'NONE', #5101 ) ;
#4044 = FILL_AREA_STYLE_COLOUR ( '', #4950 ) ;
#4045 = EDGE_CURVE ( 'NONE', #546, #4247, #1075, .T. ) ;
#4046 = VECTOR ( 'NONE', #5713, 1000.000000000000000 ) ;
#4047 = DIRECTION ( 'NONE',  ( 0.000000000000000000, 0.000000000000000000, 1.000000000000000000 ) ) ;
#4048 = FILL_AREA_STYLE_COLOUR ( '', #1563 ) ;
#4049 = FACE_OUTER_BOUND ( 'NONE', #3765, .T. ) ;
#4050 = VECTOR ( 'NONE', #5664, 1000.000000000000000 ) ;
#4051 = VERTEX_POINT ( 'NONE', #1749 ) ;
#4052 = EDGE_CURVE ( 'NONE', #3391, #6283, #6810, .T. ) ;
#4053 = DIRECTION ( 'NONE',  ( -1.000000000000000000, -0.000000000000000000, -0.000000000000000000 ) ) ;
#4054 = EDGE_CURVE ( 'NONE', #1848, #3874, #3919, .T. ) ;
#4055 = ORIENTED_EDGE ( 'NONE', *, *, #2245, .F. ) ;
#4056 = EDGE_LOOP ( 'NONE', ( #7178, #6546, #1654, #919 ) ) ;
#4057 = CARTESIAN_POINT ( 'NONE',  ( -2.037134898078308165, 20.39999999999999858, 1.711432550960843235 ) ) ;
#4058 = VECTOR ( 'NONE', #1991, 1000.000000000000000 ) ;
#4059 =( GEOMETRIC_REPRESENTATION_CONTEXT ( 3 ) GLOBAL_UNCERTAINTY_ASSIGNED_CONTEXT ( ( #935 ) ) GLOBAL_UNIT_ASSIGNED_CONTEXT ( ( #7002, #4602, #6401 ) ) REPRESENTATION_CONTEXT ( 'NONE', 'WORKASPACE' ) );
#4060 = ORIENTED_EDGE ( 'NONE', *, *, #5271, .F. ) ;
#4061 = ADVANCED_FACE ( 'NONE', ( #4669 ), #567, .T. ) ;
#4062 = FILL_AREA_STYLE ('',( #44 ) ) ;
#4063 = CARTESIAN_POINT ( 'NONE',  ( 6.387867965644038470, 18.39999999999999858, -15.91213203435596490 ) ) ;
#4064 =( NAMED_UNIT ( * ) PLANE_ANGLE_UNIT ( ) SI_UNIT ( $, .RADIAN. ) );
#4065 = MECHANICAL_DESIGN_GEOMETRIC_PRESENTATION_REPRESENTATION (  '', ( #281 ), #2540 ) ;
#4066 = CARTESIAN_POINT ( 'NONE',  ( -10.05000000000000426, 1.000000000000000888, -5.450000000000000178 ) ) ;
#4067 = CARTESIAN_POINT ( 'NONE',  ( -2.299999999999997158, 0.5000000000000001110, 13.79999999999999893 ) ) ;
#4068 = CARTESIAN_POINT ( 'NONE',  ( 12.80000000000000249, 1.500000000000000000, -4.549999999999998934 ) ) ;
#4069 = VECTOR ( 'NONE', #6421, 1000.000000000000000 ) ;
#4070 = SURFACE_STYLE_FILL_AREA ( #5146 ) ;
#4071 = ORIENTED_EDGE ( 'NONE', *, *, #4054, .F. ) ;
#4072 = ORIENTED_EDGE ( 'NONE', *, *, #7291, .T. ) ;
#4073 = CARTESIAN_POINT ( 'NONE',  ( 0.3400000000000035216, 20.50000000000000000, 2.057842712474617919 ) ) ;
#4074 = DIRECTION ( 'NONE',  ( 0.000000000000000000, 0.000000000000000000, 1.000000000000000000 ) ) ;
#4075 = VECTOR ( 'NONE', #1696, 1000.000000000000000 ) ;
#4076 = ORIENTED_EDGE ( 'NONE', *, *, #3510, .T. ) ;
#4077 = DIRECTION ( 'NONE',  ( -0.000000000000000000, 1.000000000000000000, 0.000000000000000000 ) ) ;
#4078 = EDGE_LOOP ( 'NONE', ( #3867, #2311, #1800, #5452 ) ) ;
#4079 = CARTESIAN_POINT ( 'NONE',  ( 2.024314575050766951, 20.19999999999999929, 2.057842712474617919 ) ) ;
#4080 = DIRECTION ( 'NONE',  ( 0.000000000000000000, 0.000000000000000000, 1.000000000000000000 ) ) ;
#4081 = CARTESIAN_POINT ( 'NONE',  ( 8.500000000000000000, 0.5000000000000000000, 0.000000000000000000 ) ) ;
#4082 = CARTESIAN_POINT ( 'NONE',  ( -10.35000000000000320, 1.000000000000000888, 1.050000000000000044 ) ) ;
#4083 = FILL_AREA_STYLE ('',( #6947 ) ) ;
#4084 = VECTOR ( 'NONE', #1893, 1000.000000000000000 ) ;
#4085 = AXIS2_PLACEMENT_3D ( 'NONE', #4161, #310, #1950 ) ;
#4086 = ADVANCED_FACE ( 'NONE', ( #3420 ), #6881, .T. ) ;
#4087 = ORIENTED_EDGE ( 'NONE', *, *, #5944, .F. ) ;
#4088 = CARTESIAN_POINT ( 'NONE',  ( -10.35000000000000142, 0.5000000000000000000, 0.7499999999999988898 ) ) ;
#4089 = STYLED_ITEM ( 'NONE', ( #5350 ), #2810 ) ;
#4090 = CARTESIAN_POINT ( 'NONE',  ( -13.80000000000000071, 0.5000000000000000000, 0.000000000000000000 ) ) ;
#4091 = ORIENTED_EDGE ( 'NONE', *, *, #3889, .F. ) ;
#4092 = UNCERTAINTY_MEASURE_WITH_UNIT (LENGTH_MEASURE( 1.000000000000000082E-05 ), #5898, 'distance_accuracy_value', 'NONE');
#4093 = LINE ( 'NONE', #6958, #2307 ) ;
#4094 = EDGE_CURVE ( 'NONE', #1263, #6003, #377, .T. ) ;
#4095 = STYLED_ITEM ( 'NONE', ( #2648 ), #2239 ) ;
#4096 = AXIS2_PLACEMENT_3D ( 'NONE', #1900, #5254, #2360 ) ;
#4097 = AXIS2_PLACEMENT_3D ( 'NONE', #4230, #3037, #3117 ) ;
#4098 = VERTEX_POINT ( 'NONE', #3390 ) ;
#4099 = PLANE ( 'NONE',  #4194 ) ;
#4100 = SURFACE_STYLE_USAGE ( .BOTH. , #2925 ) ;
#4101 = FACE_OUTER_BOUND ( 'NONE', #1177, .T. ) ;
#4102 = SURFACE_STYLE_FILL_AREA ( #4140 ) ;
#4103 = PRESENTATION_LAYER_ASSIGNMENT (  '', '', ( #3172 ) ) ;
#4104 = SURFACE_STYLE_FILL_AREA ( #6966 ) ;
#4105 = ADVANCED_FACE ( 'NONE', ( #2980 ), #1376, .T. ) ;
#4106 = EDGE_CURVE ( 'NONE', #1961, #1728, #13, .T. ) ;
#4107 = CARTESIAN_POINT ( 'NONE',  ( 6.175735931288074632, 18.39999999999999858, -15.69999999999999929 ) ) ;
#4108 = MECHANICAL_DESIGN_GEOMETRIC_PRESENTATION_REPRESENTATION (  '', ( #2929 ), #3036 ) ;
#4109 = ORIENTED_EDGE ( 'NONE', *, *, #6714, .T. ) ;
#4110 =( NAMED_UNIT ( * ) SI_UNIT ( $, .STERADIAN. ) SOLID_ANGLE_UNIT ( ) );
#4111 = FILL_AREA_STYLE_COLOUR ( '', #4480 ) ;
#4112 = SURFACE_STYLE_USAGE ( .BOTH. , #1395 ) ;
#4113 = DIRECTION ( 'NONE',  ( 1.636531581110195902E-16, 0.000000000000000000, -1.000000000000000000 ) ) ;
#4114 = EDGE_CURVE ( 'NONE', #3712, #3109, #4132, .T. ) ;
#4115 =( LENGTH_UNIT ( ) NAMED_UNIT ( * ) SI_UNIT ( .MILLI., .METRE. ) );
#4116 = ORIENTED_EDGE ( 'NONE', *, *, #5102, .F. ) ;
#4117 = CYLINDRICAL_SURFACE ( 'NONE', #3908, 0.2999999999999999334 ) ;
#4118 = ORIENTED_EDGE ( 'NONE', *, *, #3655, .F. ) ;
#4119 = FILL_AREA_STYLE_COLOUR ( '', #5078 ) ;
#4120 = CARTESIAN_POINT ( 'NONE',  ( -5.600000000000000533, -8.662741699796955075, 9.099999999999999645 ) ) ;
#4121 =( NAMED_UNIT ( * ) SI_UNIT ( $, .STERADIAN. ) SOLID_ANGLE_UNIT ( ) );
#4122 = FILL_AREA_STYLE_COLOUR ( '', #3218 ) ;
#4123 = CIRCLE ( 'NONE', #6083, 0.5000000000000004441 ) ;
#4124 = DIRECTION ( 'NONE',  ( 0.000000000000000000, -1.000000000000000000, 0.000000000000000000 ) ) ;
#4125 = VERTEX_POINT ( 'NONE', #176 ) ;
#4126 = ORIENTED_EDGE ( 'NONE', *, *, #5824, .T. ) ;
#4127 = CYLINDRICAL_SURFACE ( 'NONE', #3417, 1.500000000000000000 ) ;
#4128 = CARTESIAN_POINT ( 'NONE',  ( 4.599999999999997868, -2.700000000000025491, 9.900000000018419399 ) ) ;
#4129 = ORIENTED_EDGE ( 'NONE', *, *, #1452, .T. ) ;
#4130 = DIRECTION ( 'NONE',  ( -0.000000000000000000, 1.000000000000000000, 0.000000000000000000 ) ) ;
#4131 =( NAMED_UNIT ( * ) SI_UNIT ( $, .STERADIAN. ) SOLID_ANGLE_UNIT ( ) );
#4132 = CIRCLE ( 'NONE', #5003, 0.2999999999999999334 ) ;
#4133 = ORIENTED_EDGE ( 'NONE', *, *, #3354, .F. ) ;
#4134 = FILL_AREA_STYLE ('',( #183 ) ) ;
#4135 = CARTESIAN_POINT ( 'NONE',  ( -10.05000000000000426, 1.500000000000000000, 14.69999999999999929 ) ) ;
#4136 = EDGE_CURVE ( 'NONE', #7104, #2944, #1135, .T. ) ;
#4137 = CARTESIAN_POINT ( 'NONE',  ( 1.182190905498645472, 20.19999999999999218, 2.846629020166927759 ) ) ;
#4138 = CARTESIAN_POINT ( 'NONE',  ( -5.600000000000000533, 1.000000000000000888, 9.099999999999999645 ) ) ;
#4139 = STYLED_ITEM ( 'NONE', ( #442 ), #4253 ) ;
#4140 = FILL_AREA_STYLE ('',( #4757 ) ) ;
#4141 = VECTOR ( 'NONE', #5233, 1000.000000000000000 ) ;
#4142 = CIRCLE ( 'NONE', #5413, 0.2999999999999999334 ) ;
#4143 =( NAMED_UNIT ( * ) PLANE_ANGLE_UNIT ( ) SI_UNIT ( $, .RADIAN. ) );
#4144 = UNCERTAINTY_MEASURE_WITH_UNIT (LENGTH_MEASURE( 1.000000000000000082E-05 ), #994, 'distance_accuracy_value', 'NONE');
#4145 = DIRECTION ( 'NONE',  ( 0.000000000000000000, -1.000000000000000000, 0.000000000000000000 ) ) ;
#4146 = LINE ( 'NONE', #6526, #6342 ) ;
#4147 =( GEOMETRIC_REPRESENTATION_CONTEXT ( 3 ) GLOBAL_UNCERTAINTY_ASSIGNED_CONTEXT ( ( #3033 ) ) GLOBAL_UNIT_ASSIGNED_CONTEXT ( ( #973, #6566, #3226 ) ) REPRESENTATION_CONTEXT ( 'NONE', 'WORKASPACE' ) );
#4148 = EDGE_CURVE ( 'NONE', #2868, #275, #839, .T. ) ;
#4149 = EDGE_CURVE ( 'NONE', #4629, #1263, #3058, .T. ) ;
#4150 = VERTEX_POINT ( 'NONE', #5346 ) ;
#4151 = AXIS2_PLACEMENT_3D ( 'NONE', #2011, #6441, #1385 ) ;
#4152 = ADVANCED_FACE ( 'NONE', ( #5990 ), #4127, .F. ) ;
#4153 = DIRECTION ( 'NONE',  ( -0.000000000000000000, 1.000000000000000000, 0.000000000000000000 ) ) ;
#4154 = CARTESIAN_POINT ( 'NONE',  ( 0.5267803730790711070, 20.39999999999999858, 1.721863968448210880 ) ) ;
#4155 = LINE ( 'NONE', #7016, #5314 ) ;
#4156 = VERTEX_POINT ( 'NONE', #3768 ) ;
#4157 = PRESENTATION_LAYER_ASSIGNMENT (  '', '', ( #1691 ) ) ;
#4158 = AXIS2_PLACEMENT_3D ( 'NONE', #6560, #813, #2442 ) ;
#4159 = LINE ( 'NONE', #7019, #1533 ) ;
#4160 = ORIENTED_EDGE ( 'NONE', *, *, #1500, .T. ) ;
#4161 = CARTESIAN_POINT ( 'NONE',  ( 0.000000000000000000, -3.200000000000000178, 0.000000000000000000 ) ) ;
#4162 = CARTESIAN_POINT ( 'NONE',  ( -10.35000000000000142, 1.000000000000000888, 14.69999999999999929 ) ) ;
#4163 = CARTESIAN_POINT ( 'NONE',  ( -5.600000000000000533, -2.700000000000025491, 9.500000000000001776 ) ) ;
#4164 = CONICAL_SURFACE ( 'NONE', #1466, 0.7999999999913804949, 0.1745329252078423599 ) ;
#4165 = FACE_OUTER_BOUND ( 'NONE', #906, .T. ) ;
#4166 = VECTOR ( 'NONE', #5066, 1000.000000000000000 ) ;
#4167 = CARTESIAN_POINT ( 'NONE',  ( 7.500000000000002665, 0.5000000000000000000, 0.000000000000000000 ) ) ;
#4168 = EDGE_LOOP ( 'NONE', ( #1557, #2979, #984, #5031 ) ) ;
#4169 = DIRECTION ( 'NONE',  ( -0.000000000000000000, 1.000000000000000000, -0.000000000000000000 ) ) ;
#4170 = VERTEX_POINT ( 'NONE', #518 ) ;
#4171 =( NAMED_UNIT ( * ) PLANE_ANGLE_UNIT ( ) SI_UNIT ( $, .RADIAN. ) );
#4172 = SURFACE_STYLE_FILL_AREA ( #5316 ) ;
#4173 = EDGE_LOOP ( 'NONE', ( #7319, #1944, #7148, #2547 ) ) ;
#4174 = VECTOR ( 'NONE', #7356, 1000.000000000000000 ) ;
#4175 = UNCERTAINTY_MEASURE_WITH_UNIT (LENGTH_MEASURE( 1.000000000000000082E-05 ), #2054, 'distance_accuracy_value', 'NONE');
#4176 = CARTESIAN_POINT ( 'NONE',  ( 8.400000000000000355, 1.000000000000000000, -11.49999999999999822 ) ) ;
#4177 = DIRECTION ( 'NONE',  ( 0.000000000000000000, -0.000000000000000000, 1.000000000000000000 ) ) ;
#4178 = VERTEX_POINT ( 'NONE', #6151 ) ;
#4179 = CARTESIAN_POINT ( 'NONE',  ( -0.8381949145569010939, 20.39999999999999858, 2.713368551341206469 ) ) ;
#4180 = AXIS2_PLACEMENT_3D ( 'NONE', #2459, #6984, #5764 ) ;
#4181 =( NAMED_UNIT ( * ) SI_UNIT ( $, .STERADIAN. ) SOLID_ANGLE_UNIT ( ) );
#4182 = AXIS2_PLACEMENT_3D ( 'NONE', #6208, #2896, #2328 ) ;
#4183 = SURFACE_SIDE_STYLE ('',( #4031 ) ) ;
#4184 = STYLED_ITEM ( 'NONE', ( #5166 ), #4856 ) ;
#4185 = EDGE_CURVE ( 'NONE', #4709, #2542, #6547, .T. ) ;
#4186 = COLOUR_RGB ( '',0.2509803921568627416, 0.2509803921568627416, 0.2509803921568627416 ) ;
#4187 = CARTESIAN_POINT ( 'NONE',  ( 11.80000000000000071, 18.39999999999999858, -14.80000000000000071 ) ) ;
#4188 = FILL_AREA_STYLE ('',( #4111 ) ) ;
#4189 = DIRECTION ( 'NONE',  ( 0.000000000000000000, 0.000000000000000000, 1.000000000000000000 ) ) ;
#4190 = FILL_AREA_STYLE_COLOUR ( '', #1985 ) ;
#4191 = ORIENTED_EDGE ( 'NONE', *, *, #2792, .F. ) ;
#4192 = EDGE_CURVE ( 'NONE', #6592, #145, #4980, .T. ) ;
#4193 = STYLED_ITEM ( 'NONE', ( #6945 ), #5054 ) ;
#4194 = AXIS2_PLACEMENT_3D ( 'NONE', #1896, #5112, #1652 ) ;
#4195 = CARTESIAN_POINT ( 'NONE',  ( -11.60000000000000320, 0.5000000000000000000, 0.000000000000000000 ) ) ;
#4196 = CARTESIAN_POINT ( 'NONE',  ( 2.580532357699877544, 20.38169872981078257, 4.020266178849936978 ) ) ;
#4197 = ORIENTED_EDGE ( 'NONE', *, *, #1092, .T. ) ;
#4198 = FACE_OUTER_BOUND ( 'NONE', #1245, .T. ) ;
#4199 = PRESENTATION_STYLE_ASSIGNMENT (( #3639 ) ) ;
#4200 = PLANE ( 'NONE',  #873 ) ;
#4201 = SURFACE_STYLE_USAGE ( .BOTH. , #4853 ) ;
#4202 = LINE ( 'NONE', #5341, #5534 ) ;
#4203 = DIRECTION ( 'NONE',  ( 0.000000000000000000, -1.000000000000000000, 0.000000000000000000 ) ) ;
#4204 = EDGE_CURVE ( 'NONE', #3221, #6720, #5620, .T. ) ;
#4205 = CONICAL_SURFACE ( 'NONE', #2300, 0.3999999999875838985, 0.1745329252159654454 ) ;
#4206 = AXIS2_PLACEMENT_3D ( 'NONE', #900, #6705, #6605 ) ;
#4207 =( NAMED_UNIT ( * ) SI_UNIT ( $, .STERADIAN. ) SOLID_ANGLE_UNIT ( ) );
#4208 = ORIENTED_EDGE ( 'NONE', *, *, #6282, .F. ) ;
#4209 = FACE_OUTER_BOUND ( 'NONE', #2428, .T. ) ;
#4210 = FACE_OUTER_BOUND ( 'NONE', #4524, .T. ) ;
#4211 = EDGE_LOOP ( 'NONE', ( #6735, #6517, #3724, #387 ) ) ;
#4212 = DIRECTION ( 'NONE',  ( 0.000000000000000000, 0.000000000000000000, 1.000000000000000000 ) ) ;
#4213 = ORIENTED_EDGE ( 'NONE', *, *, #492, .T. ) ;
#4214 = CARTESIAN_POINT ( 'NONE',  ( 6.600000000000001421, 1.000000000000000888, -5.450000000000000178 ) ) ;
#4215 = PRESENTATION_LAYER_ASSIGNMENT (  '', '', ( #3262 ) ) ;
#4216 = DIRECTION ( 'NONE',  ( -1.000000000000000000, 0.000000000000000000, -4.448008912761040848E-16 ) ) ;
#4217 =( GEOMETRIC_REPRESENTATION_CONTEXT ( 3 ) GLOBAL_UNCERTAINTY_ASSIGNED_CONTEXT ( ( #6286 ) ) GLOBAL_UNIT_ASSIGNED_CONTEXT ( ( #3233, #6176, #3166 ) ) REPRESENTATION_CONTEXT ( 'NONE', 'WORKASPACE' ) );
#4218 = STYLED_ITEM ( 'NONE', ( #6723 ), #5819 ) ;
#4219 = AXIS2_PLACEMENT_3D ( 'NONE', #5391, #6229, #3353 ) ;
#4220 = EDGE_LOOP ( 'NONE', ( #1588, #4483, #6086, #6535 ) ) ;
#4221 = CARTESIAN_POINT ( 'NONE',  ( -0.7060464887753584717, 20.40000000000000213, 3.467217495310153108 ) ) ;
#4222 = DIRECTION ( 'NONE',  ( 0.000000000000000000, -0.000000000000000000, 1.000000000000000000 ) ) ;
#4223 = DIRECTION ( 'NONE',  ( -1.000000000000000000, 0.000000000000000000, -8.870745047608673807E-16 ) ) ;
#4224 = DIRECTION ( 'NONE',  ( 0.000000000000000000, -1.000000000000000000, 0.000000000000000000 ) ) ;
#4225 = DIRECTION ( 'NONE',  ( 0.000000000000000000, 0.000000000000000000, 1.000000000000000000 ) ) ;
#4226 = UNCERTAINTY_MEASURE_WITH_UNIT (LENGTH_MEASURE( 1.000000000000000082E-05 ), #1056, 'distance_accuracy_value', 'NONE');
#4227 = CARTESIAN_POINT ( 'NONE',  ( 7.500000000000002665, 1.000000000000000888, 14.69999999999999751 ) ) ;
#4228 = DIRECTION ( 'NONE',  ( -0.000000000000000000, -1.000000000000000000, -0.000000000000000000 ) ) ;
#4229 = VECTOR ( 'NONE', #2135, 1000.000000000000000 ) ;
#4230 = CARTESIAN_POINT ( 'NONE',  ( 0.000000000000000000, -3.200000000000000178, 0.000000000000000000 ) ) ;
#4231 = EDGE_CURVE ( 'NONE', #3143, #1128, #4393, .T. ) ;
#4232 = ORIENTED_EDGE ( 'NONE', *, *, #1639, .T. ) ;
#4233 = DIRECTION ( 'NONE',  ( 0.000000000000000000, 1.000000000000000000, 0.000000000000000000 ) ) ;
#4234 = DIRECTION ( 'NONE',  ( -1.000000000000000000, 0.000000000000000000, -1.122798366328030394E-16 ) ) ;
#4235 = LINE ( 'NONE', #2370, #6963 ) ;
#4236 = CARTESIAN_POINT ( 'NONE',  ( 1.528601096470654008, 20.39999999999999858, 2.975396157094396088 ) ) ;
#4237 = STYLED_ITEM ( 'NONE', ( #7154 ), #3289 ) ;
#4238 = DIRECTION ( 'NONE',  ( 0.000000000000000000, -1.000000000000000000, 0.000000000000000000 ) ) ;
#4239 = ORIENTED_EDGE ( 'NONE', *, *, #1052, .T. ) ;
#4240 = CARTESIAN_POINT ( 'NONE',  ( 7.200000000000002842, 1.000000000000000888, 14.69999999999999929 ) ) ;
#4241 = FILL_AREA_STYLE ('',( #6942 ) ) ;
#4242 = EDGE_CURVE ( 'NONE', #3276, #5310, #7001, .T. ) ;
#4243 = DIRECTION ( 'NONE',  ( 0.000000000000000000, 0.000000000000000000, 1.000000000000000000 ) ) ;
#4244 = CARTESIAN_POINT ( 'NONE',  ( 11.38578643762690490, 0.4000000000000000222, -12.59160797830996259 ) ) ;
#4245 = FACE_OUTER_BOUND ( 'NONE', #4078, .T. ) ;
#4246 = CYLINDRICAL_SURFACE ( 'NONE', #6275, 0.8000000000000003775 ) ;
#4247 = VERTEX_POINT ( 'NONE', #7189 ) ;
#4248 =( LENGTH_UNIT ( ) NAMED_UNIT ( * ) SI_UNIT ( .MILLI., .METRE. ) );
#4249 = ORIENTED_EDGE ( 'NONE', *, *, #759, .T. ) ;
#4250 = SURFACE_SIDE_STYLE ('',( #6431 ) ) ;
#4251 = EDGE_CURVE ( 'NONE', #6253, #4150, #5353, .T. ) ;
#4252 = ORIENTED_EDGE ( 'NONE', *, *, #2032, .F. ) ;
#4253 = ADVANCED_FACE ( 'NONE', ( #4334 ), #2664, .T. ) ;
#4254 = DIRECTION ( 'NONE',  ( -0.000000000000000000, 1.000000000000000000, -0.000000000000000000 ) ) ;
#4255 = UNCERTAINTY_MEASURE_WITH_UNIT (LENGTH_MEASURE( 1.000000000000000082E-05 ), #7382, 'distance_accuracy_value', 'NONE');
#4256 =( NAMED_UNIT ( * ) PLANE_ANGLE_UNIT ( ) SI_UNIT ( $, .RADIAN. ) );
#4257 = STYLED_ITEM ( 'NONE', ( #25 ), #952 ) ;
#4258 = ORIENTED_EDGE ( 'NONE', *, *, #1168, .F. ) ;
#4259 = CIRCLE ( 'NONE', #2727, 0.5000000000000004441 ) ;
#4260 = CARTESIAN_POINT ( 'NONE',  ( -0.8485001541761644228, 20.39999999999999858, 3.050792314188798482 ) ) ;
#4261 = ORIENTED_EDGE ( 'NONE', *, *, #4901, .T. ) ;
#4262 = DIRECTION ( 'NONE',  ( 0.000000000000000000, -1.000000000000000000, -0.000000000000000000 ) ) ;
#4263 = EDGE_CURVE ( 'NONE', #4247, #546, #5606, .T. ) ;
#4264 = CARTESIAN_POINT ( 'NONE',  ( 0.8534704259404414239, 20.19999999999999574, 3.577415005125010428 ) ) ;
#4265 = UNCERTAINTY_MEASURE_WITH_UNIT (LENGTH_MEASURE( 1.000000000000000082E-05 ), #7134, 'distance_accuracy_value', 'NONE');
#4266 =( NAMED_UNIT ( * ) PLANE_ANGLE_UNIT ( ) SI_UNIT ( $, .RADIAN. ) );
#4267 = FILL_AREA_STYLE_COLOUR ( '', #378 ) ;
#4268 = FILL_AREA_STYLE ('',( #337 ) ) ;
#4269 = VECTOR ( 'NONE', #6954, 1000.000000000000000 ) ;
#4270 = CARTESIAN_POINT ( 'NONE',  ( 8.500000000000000000, 20.29999999999999716, 15.69999999999999929 ) ) ;
#4271 = SURFACE_SIDE_STYLE ('',( #4839 ) ) ;
#4272 =( GEOMETRIC_REPRESENTATION_CONTEXT ( 3 ) GLOBAL_UNCERTAINTY_ASSIGNED_CONTEXT ( ( #5560 ) ) GLOBAL_UNIT_ASSIGNED_CONTEXT ( ( #5939, #5340, #6497 ) ) REPRESENTATION_CONTEXT ( 'NONE', 'WORKASPACE' ) );
#4273 = FILL_AREA_STYLE ('',( #2523 ) ) ;
#4274 = LINE ( 'NONE', #5449, #6746 ) ;
#4275 =( NAMED_UNIT ( * ) SI_UNIT ( $, .STERADIAN. ) SOLID_ANGLE_UNIT ( ) );
#4276 =( GEOMETRIC_REPRESENTATION_CONTEXT ( 3 ) GLOBAL_UNCERTAINTY_ASSIGNED_CONTEXT ( ( #769 ) ) GLOBAL_UNIT_ASSIGNED_CONTEXT ( ( #3403, #5184, #4686 ) ) REPRESENTATION_CONTEXT ( 'NONE', 'WORKASPACE' ) );
#4277 = CARTESIAN_POINT ( 'NONE',  ( 6.600000000000001421, 1.000000000000000888, 15.00000000000000000 ) ) ;
#4278 =( NAMED_UNIT ( * ) PLANE_ANGLE_UNIT ( ) SI_UNIT ( $, .RADIAN. ) );
#4279 = AXIS2_PLACEMENT_3D ( 'NONE', #6574, #1471, #3715 ) ;
#4280 = FACE_OUTER_BOUND ( 'NONE', #6388, .T. ) ;
#4281 = STYLED_ITEM ( 'NONE', ( #7370 ), #6502 ) ;
#4282 = ORIENTED_EDGE ( 'NONE', *, *, #790, .F. ) ;
#4283 = DIRECTION ( 'NONE',  ( 0.000000000000000000, -1.000000000000000000, 0.000000000000000000 ) ) ;
#4284 =( NAMED_UNIT ( * ) SI_UNIT ( $, .STERADIAN. ) SOLID_ANGLE_UNIT ( ) );
#4285 = FILL_AREA_STYLE ('',( #1619 ) ) ;
#4286 = DIRECTION ( 'NONE',  ( -0.000000000000000000, 1.000000000000000000, -0.000000000000000000 ) ) ;
#4287 = PRODUCT_DEFINITION_FORMATION_WITH_SPECIFIED_SOURCE ( 'ANY', '', #3533, .NOT_KNOWN. ) ;
#4288 = VECTOR ( 'NONE', #1494, 1000.000000000000000 ) ;
#4289 = ADVANCED_FACE ( 'NONE', ( #2834 ), #7347, .T. ) ;
#4290 = CARTESIAN_POINT ( 'NONE',  ( 6.299999999999999822, 40.93805269026350402, 13.80000000000000249 ) ) ;
#4291 = ORIENTED_EDGE ( 'NONE', *, *, #3930, .T. ) ;
#4292 =( NAMED_UNIT ( * ) PLANE_ANGLE_UNIT ( ) SI_UNIT ( $, .RADIAN. ) );
#4293 = PRESENTATION_LAYER_ASSIGNMENT (  '', '', ( #1211 ) ) ;
#4294 = ORIENTED_EDGE ( 'NONE', *, *, #5955, .T. ) ;
#4295 = CARTESIAN_POINT ( 'NONE',  ( -0.2965074802821649480, 20.19999999999999574, 2.345464809310368270 ) ) ;
#4296 =( NAMED_UNIT ( * ) SI_UNIT ( $, .STERADIAN. ) SOLID_ANGLE_UNIT ( ) );
#4297 = ORIENTED_EDGE ( 'NONE', *, *, #1286, .T. ) ;
#4298 = CARTESIAN_POINT ( 'NONE',  ( 4.599999999999997868, -2.700000000174895831, 9.100000000012418155 ) ) ;
#4299 = EDGE_CURVE ( 'NONE', #2824, #5724, #333, .T. ) ;
#4300 = VERTEX_POINT ( 'NONE', #6841 ) ;
#4301 = FILL_AREA_STYLE ('',( #2592 ) ) ;
#4302 =( GEOMETRIC_REPRESENTATION_CONTEXT ( 3 ) GLOBAL_UNCERTAINTY_ASSIGNED_CONTEXT ( ( #2754 ) ) GLOBAL_UNIT_ASSIGNED_CONTEXT ( ( #2348, #3418, #1813 ) ) REPRESENTATION_CONTEXT ( 'NONE', 'WORKASPACE' ) );
#4303 = VERTEX_POINT ( 'NONE', #656 ) ;
#4304 = LINE ( 'NONE', #3695, #4746 ) ;
#4305 = CARTESIAN_POINT ( 'NONE',  ( -9.400000000000002132, 0.5000000000000000000, -1.399999999999998579 ) ) ;
#4306 = AXIS2_PLACEMENT_3D ( 'NONE', #1876, #4113, #6303 ) ;
#4307 = LINE ( 'NONE', #6596, #4288 ) ;
#4308 = CARTESIAN_POINT ( 'NONE',  ( -8.935786437626903833, 0.4000000000000000222, 11.40839202169004096 ) ) ;
#4309 = UNCERTAINTY_MEASURE_WITH_UNIT (LENGTH_MEASURE( 1.000000000000000082E-05 ), #6523, 'distance_accuracy_value', 'NONE');
#4310 = CARTESIAN_POINT ( 'NONE',  ( 12.50000000000000178, 1.000000000000000888, -14.69999999999999929 ) ) ;
#4311 = CYLINDRICAL_SURFACE ( 'NONE', #7290, 0.8000000000000008216 ) ;
#4312 = EDGE_CURVE ( 'NONE', #4802, #1295, #7029, .T. ) ;
#4313 =( GEOMETRIC_REPRESENTATION_CONTEXT ( 3 ) GLOBAL_UNCERTAINTY_ASSIGNED_CONTEXT ( ( #3815 ) ) GLOBAL_UNIT_ASSIGNED_CONTEXT ( ( #6800, #4411, #558 ) ) REPRESENTATION_CONTEXT ( 'NONE', 'WORKASPACE' ) );
#4314 = CARTESIAN_POINT ( 'NONE',  ( 0.3400000000000035216, 20.35000000000000497, 1.798035091339284852 ) ) ;
#4315 = MECHANICAL_DESIGN_GEOMETRIC_PRESENTATION_REPRESENTATION (  '', ( #6010 ), #2778 ) ;
#4316 = FACE_OUTER_BOUND ( 'NONE', #4406, .T. ) ;
#4317 = SURFACE_STYLE_FILL_AREA ( #6529 ) ;
#4318 = SURFACE_STYLE_FILL_AREA ( #2059 ) ;
#4319 = DIRECTION ( 'NONE',  ( -1.000000000000000000, -0.000000000000000000, -0.000000000000000000 ) ) ;
#4320 = DIRECTION ( 'NONE',  ( -0.000000000000000000, 0.000000000000000000, 1.000000000000000000 ) ) ;
#4321 = PRESENTATION_STYLE_ASSIGNMENT (( #6103 ) ) ;
#4322 = VERTEX_POINT ( 'NONE', #2342 ) ;
#4323 = PRESENTATION_LAYER_ASSIGNMENT (  '', '', ( #5063 ) ) ;
#4324 = FILL_AREA_STYLE ('',( #2066 ) ) ;
#4325 = FACE_OUTER_BOUND ( 'NONE', #4475, .T. ) ;
#4326 = VERTEX_POINT ( 'NONE', #557 ) ;
#4327 = DIRECTION ( 'NONE',  ( 0.000000000000000000, 0.000000000000000000, -1.000000000000000000 ) ) ;
#4328 = STYLED_ITEM ( 'NONE', ( #5908 ), #5212 ) ;
#4329 = ORIENTED_EDGE ( 'NONE', *, *, #4149, .F. ) ;
#4330 =( NAMED_UNIT ( * ) SI_UNIT ( $, .STERADIAN. ) SOLID_ANGLE_UNIT ( ) );
#4331 = ORIENTED_EDGE ( 'NONE', *, *, #5312, .T. ) ;
#4332 = PRESENTATION_LAYER_ASSIGNMENT (  '', '', ( #3010 ) ) ;
#4333 = ORIENTED_EDGE ( 'NONE', *, *, #3114, .F. ) ;
#4334 = FACE_OUTER_BOUND ( 'NONE', #2182, .T. ) ;
#4335 = DIRECTION ( 'NONE',  ( 0.000000000000000000, 0.000000000000000000, -1.000000000000000000 ) ) ;
#4336 = EDGE_LOOP ( 'NONE', ( #2008, #3340, #1281, #3347 ) ) ;
#4337 = FACE_OUTER_BOUND ( 'NONE', #4584, .T. ) ;
#4338 = UNCERTAINTY_MEASURE_WITH_UNIT (LENGTH_MEASURE( 1.000000000000000082E-05 ), #2259, 'distance_accuracy_value', 'NONE');
#4339 = CARTESIAN_POINT ( 'NONE',  ( 8.800000000000000711, 20.29999999999999716, -3.249999999999999556 ) ) ;
#4340 = EDGE_CURVE ( 'NONE', #3974, #7301, #6338, .T. ) ;
#4341 = STYLED_ITEM ( 'NONE', ( #2567 ), #5453 ) ;
#4342 = ORIENTED_EDGE ( 'NONE', *, *, #1486, .F. ) ;
#4343 = DIRECTION ( 'NONE',  ( 1.000000000000000000, 0.000000000000000000, 1.495451272393798556E-16 ) ) ;
#4344 = SURFACE_STYLE_USAGE ( .BOTH. , #7121 ) ;
#4345 = PRESENTATION_LAYER_ASSIGNMENT (  '', '', ( #1159 ) ) ;
#4346 =( GEOMETRIC_REPRESENTATION_CONTEXT ( 3 ) GLOBAL_UNCERTAINTY_ASSIGNED_CONTEXT ( ( #6738 ) ) GLOBAL_UNIT_ASSIGNED_CONTEXT ( ( #6318, #5847, #6352 ) ) REPRESENTATION_CONTEXT ( 'NONE', 'WORKASPACE' ) );
#4347 = UNCERTAINTY_MEASURE_WITH_UNIT (LENGTH_MEASURE( 1.000000000000000082E-05 ), #2883, 'distance_accuracy_value', 'NONE');
#4348 = EDGE_CURVE ( 'NONE', #1616, #5416, #1246, .T. ) ;
#4349 = LINE ( 'NONE', #4227, #5097 ) ;
#4350 = SURFACE_STYLE_FILL_AREA ( #3744 ) ;
#4351 = AXIS2_PLACEMENT_3D ( 'NONE', #4308, #6597, #1460 ) ;
#4352 = MECHANICAL_DESIGN_GEOMETRIC_PRESENTATION_REPRESENTATION (  '', ( #1861 ), #4824 ) ;
#4353 = CARTESIAN_POINT ( 'NONE',  ( -5.600000000000001421, 0.5000000000000000000, 11.30000000000000249 ) ) ;
#4354 = VECTOR ( 'NONE', #6917, 1000.000000000000000 ) ;
#4355 = AXIS2_PLACEMENT_3D ( 'NONE', #5531, #4327, #1473 ) ;
#4356 = EDGE_CURVE ( 'NONE', #5426, #6548, #3481, .T. ) ;
#4357 = DIRECTION ( 'NONE',  ( 0.000000000000000000, -8.673617379884027583E-16, -1.000000000000000000 ) ) ;
#4358 = PRESENTATION_STYLE_ASSIGNMENT (( #6102 ) ) ;
#4359 = SURFACE_STYLE_FILL_AREA ( #2099 ) ;
#4360 = VECTOR ( 'NONE', #5004, 1000.000000000000000 ) ;
#4361 = MECHANICAL_DESIGN_GEOMETRIC_PRESENTATION_REPRESENTATION (  '', ( #578 ), #1162 ) ;
#4362 = CARTESIAN_POINT ( 'NONE',  ( 7.500000000000002665, 0.4166666666666667407, 11.50699335140836865 ) ) ;
#4363 = VERTEX_POINT ( 'NONE', #1702 ) ;
#4364 = SURFACE_STYLE_FILL_AREA ( #2655 ) ;
#4365 = EDGE_CURVE ( 'NONE', #3014, #1294, #2849, .T. ) ;
#4366 = CARTESIAN_POINT ( 'NONE',  ( -12.80000000000000249, 0.5000000000000000000, 0.4500000000000007327 ) ) ;
#4367 = CARTESIAN_POINT ( 'NONE',  ( -5.600000000000000533, 1.000000000000000888, 9.500000000000001776 ) ) ;
#4368 = COLOUR_RGB ( '',0.000000000000000000, 0.000000000000000000, 1.000000000000000000 ) ;
#4369 = ORIENTED_EDGE ( 'NONE', *, *, #595, .T. ) ;
#4370 = PRESENTATION_LAYER_ASSIGNMENT (  '', '', ( #4237 ) ) ;
#4371 = DIRECTION ( 'NONE',  ( -0.000000000000000000, -0.000000000000000000, 1.000000000000000000 ) ) ;
#4372 = EDGE_LOOP ( 'NONE', ( #5544, #318, #4587, #2959, #6287, #5817, #1415, #735, #7075, #7263, #210, #4252 ) ) ;
#4373 = CARTESIAN_POINT ( 'NONE',  ( -1.754122196186094662, 20.25490381056766509, 3.947061098093049392 ) ) ;
#4374 = DIRECTION ( 'NONE',  ( -0.000000000000000000, 1.000000000000000000, -0.000000000000000000 ) ) ;
#4375 = STYLED_ITEM ( 'NONE', ( #6537 ), #3414 ) ;
#4376 = EDGE_LOOP ( 'NONE', ( #2468, #4731, #1398, #3918 ) ) ;
#4377 = CARTESIAN_POINT ( 'NONE',  ( -8.935786437626903833, 0.4999999999999993339, 12.59160797830996259 ) ) ;
#4378 = CARTESIAN_POINT ( 'NONE',  ( 7.500000000000002665, 0.5000000000000000000, 11.40839202169004096 ) ) ;
#4379 = EDGE_LOOP ( 'NONE', ( #4509, #655, #3990, #5957 ) ) ;
#4380 = ORIENTED_EDGE ( 'NONE', *, *, #7044, .T. ) ;
#4381 = LINE ( 'NONE', #6090, #6472 ) ;
#4382 = CARTESIAN_POINT ( 'NONE',  ( -10.05000000000000426, 1.000000000000000888, -1.399999999999998579 ) ) ;
#4383 = UNCERTAINTY_MEASURE_WITH_UNIT (LENGTH_MEASURE( 1.000000000000000082E-05 ), #5881, 'distance_accuracy_value', 'NONE');
#4384 =( NAMED_UNIT ( * ) PLANE_ANGLE_UNIT ( ) SI_UNIT ( $, .RADIAN. ) );
#4385 = DIRECTION ( 'NONE',  ( 0.000000000000000000, 0.000000000000000000, 1.000000000000000000 ) ) ;
#4386 = EDGE_CURVE ( 'NONE', #4018, #3906, #6983, .T. ) ;
#4387 = CARTESIAN_POINT ( 'NONE',  ( -9.400000000000002132, 1.000000000000000888, -3.199999999999997957 ) ) ;
#4388 = DIRECTION ( 'NONE',  ( 0.000000000000000000, 1.000000000000000000, 0.000000000000000000 ) ) ;
#4389 = PRESENTATION_LAYER_ASSIGNMENT (  '', '', ( #6415 ) ) ;
#4390 = SURFACE_STYLE_USAGE ( .BOTH. , #2132 ) ;
#4391 = CARTESIAN_POINT ( 'NONE',  ( 12.80000000000000249, 0.5000000000000000000, -12.00000000000000000 ) ) ;
#4392 = DIRECTION ( 'NONE',  ( 0.000000000000000000, 0.000000000000000000, 1.000000000000000000 ) ) ;
#4393 = CIRCLE ( 'NONE', #1188, 0.09999999999999939493 ) ;
#4394 = EDGE_CURVE ( 'NONE', #2675, #2842, #1364, .T. ) ;
#4395 = EDGE_CURVE ( 'NONE', #7104, #4629, #791, .T. ) ;
#4396 = SURFACE_SIDE_STYLE ('',( #982 ) ) ;
#4397 = CARTESIAN_POINT ( 'NONE',  ( -13.50000000000000178, 20.29999999999999716, -16.00000000000000000 ) ) ;
#4398 = ORIENTED_EDGE ( 'NONE', *, *, #4530, .F. ) ;
#4399 = DIRECTION ( 'NONE',  ( 1.000000000000000000, 0.000000000000000000, 0.000000000000000000 ) ) ;
#4400 = FILL_AREA_STYLE_COLOUR ( '', #3565 ) ;
#4401 = COLOUR_RGB ( '',0.000000000000000000, 0.000000000000000000, 1.000000000000000000 ) ;
#4402 = STYLED_ITEM ( 'NONE', ( #2724 ), #1176 ) ;
#4403 = ORIENTED_EDGE ( 'NONE', *, *, #5656, .F. ) ;
#4404 = VECTOR ( 'NONE', #4233, 1000.000000000000000 ) ;
#4405 =( NAMED_UNIT ( * ) SI_UNIT ( $, .STERADIAN. ) SOLID_ANGLE_UNIT ( ) );
#4406 = EDGE_LOOP ( 'NONE', ( #4865, #6367 ) ) ;
#4407 = CARTESIAN_POINT ( 'NONE',  ( 8.400000000000000355, -2.699999999999900258, -6.500000000000275335 ) ) ;
#4408 = STYLED_ITEM ( 'NONE', ( #1208 ), #157 ) ;
#4409 = STYLED_ITEM ( 'NONE', ( #5409 ), #639 ) ;
#4410 = DIRECTION ( 'NONE',  ( 0.000000000000000000, 0.000000000000000000, 1.000000000000000000 ) ) ;
#4411 =( NAMED_UNIT ( * ) PLANE_ANGLE_UNIT ( ) SI_UNIT ( $, .RADIAN. ) );
#4412 = ORIENTED_EDGE ( 'NONE', *, *, #7, .F. ) ;
#4413 = STYLED_ITEM ( 'NONE', ( #1865 ), #6545 ) ;
#4414 = UNCERTAINTY_MEASURE_WITH_UNIT (LENGTH_MEASURE( 1.000000000000000082E-05 ), #575, 'distance_accuracy_value', 'NONE');
#4415 = CARTESIAN_POINT ( 'NONE',  ( -13.80000000000000071, 20.29999999999999716, 1.749999999999999778 ) ) ;
#4416 = ORIENTED_EDGE ( 'NONE', *, *, #2926, .T. ) ;
#4417 = FILL_AREA_STYLE_COLOUR ( '', #6180 ) ;
#4418 = ORIENTED_EDGE ( 'NONE', *, *, #1539, .T. ) ;
#4419 = FACE_OUTER_BOUND ( 'NONE', #4173, .T. ) ;
#4420 = EDGE_LOOP ( 'NONE', ( #4705, #6754, #1736, #665 ) ) ;
#4421 = UNCERTAINTY_MEASURE_WITH_UNIT (LENGTH_MEASURE( 1.000000000000000082E-05 ), #6594, 'distance_accuracy_value', 'NONE');
#4422 =( NAMED_UNIT ( * ) PLANE_ANGLE_UNIT ( ) SI_UNIT ( $, .RADIAN. ) );
#4423 = FACE_OUTER_BOUND ( 'NONE', #6630, .T. ) ;
#4424 = STYLED_ITEM ( 'NONE', ( #5342 ), #6852 ) ;
#4425 = MECHANICAL_DESIGN_GEOMETRIC_PRESENTATION_REPRESENTATION (  '', ( #989 ), #4907 ) ;
#4426 = LINE ( 'NONE', #6200, #3995 ) ;
#4427 = CARTESIAN_POINT ( 'NONE',  ( -13.80000000000000071, 20.29999999999999716, -15.69999999999999929 ) ) ;
#4428 = FILL_AREA_STYLE ('',( #5001 ) ) ;
#4429 = CARTESIAN_POINT ( 'NONE',  ( -12.50000000000000178, 1.500000000000000000, 0.4500000000000005662 ) ) ;
#4430 = CARTESIAN_POINT ( 'NONE',  ( -9.850000000000001421, 20.29999999999999716, 14.50000000000000178 ) ) ;
#4431 = SURFACE_STYLE_FILL_AREA ( #1122 ) ;
#4432 = FACE_OUTER_BOUND ( 'NONE', #4376, .T. ) ;
#4433 = EDGE_CURVE ( 'NONE', #3950, #1671, #4813, .T. ) ;
#4434 = LINE ( 'NONE', #6066, #2364 ) ;
#4435 = PRESENTATION_STYLE_ASSIGNMENT (( #7294 ) ) ;
#4436 = ORIENTED_EDGE ( 'NONE', *, *, #4758, .T. ) ;
#4437 = DIRECTION ( 'NONE',  ( 3.212450881438531255E-16, 0.000000000000000000, -1.000000000000000000 ) ) ;
#4438 = DIRECTION ( 'NONE',  ( -1.299418334065024133E-16, 0.000000000000000000, -1.000000000000000000 ) ) ;
#4439 = AXIS2_PLACEMENT_3D ( 'NONE', #5498, #1913, #911 ) ;
#4440 = DIRECTION ( 'NONE',  ( 0.000000000000000000, 0.000000000000000000, 1.000000000000000000 ) ) ;
#4441 = FACE_OUTER_BOUND ( 'NONE', #2918, .T. ) ;
#4442 = ADVANCED_FACE ( 'NONE', ( #5232 ), #5837, .T. ) ;
#4443 = STYLED_ITEM ( 'NONE', ( #3149 ), #256 ) ;
#4444 = EDGE_LOOP ( 'NONE', ( #4695, #5535, #4160, #875, #2958, #5823, #4764, #4126, #2844, #5717, #5945, #1834, #2366, #2473, #904, #4676, #588, #6471, #4526, #20, #2349, #5260, #1216, #5517, #2395, #2372, #3969, #7157, #4239, #4416, #1668, #5354, #1105, #799 ) ) ;
#4445 = STYLED_ITEM ( 'NONE', ( #1674 ), #4827 ) ;
#4446 = ORIENTED_EDGE ( 'NONE', *, *, #5688, .F. ) ;
#4447 = LINE ( 'NONE', #61, #4472 ) ;
#4448 = CARTESIAN_POINT ( 'NONE',  ( 0.05695948546114926181, 20.19999999999999929, 2.106320616962503500 ) ) ;
#4449 = SURFACE_STYLE_FILL_AREA ( #7309 ) ;
#4450 = CARTESIAN_POINT ( 'NONE',  ( -10.35000000000000142, 1.500000000000000000, 0.000000000000000000 ) ) ;
#4451 = AXIS2_PLACEMENT_3D ( 'NONE', #1964, #5280, #216 ) ;
#4452 = EDGE_CURVE ( 'NONE', #3389, #4576, #3085, .T. ) ;
#4453 =( GEOMETRIC_REPRESENTATION_CONTEXT ( 3 ) GLOBAL_UNCERTAINTY_ASSIGNED_CONTEXT ( ( #2248 ) ) GLOBAL_UNIT_ASSIGNED_CONTEXT ( ( #6110, #4973, #3170 ) ) REPRESENTATION_CONTEXT ( 'NONE', 'WORKASPACE' ) );
#4454 = MECHANICAL_DESIGN_GEOMETRIC_PRESENTATION_REPRESENTATION (  '', ( #64 ), #3246 ) ;
#4455 = CARTESIAN_POINT ( 'NONE',  ( 4.599999999999997868, 1.000000000000000888, 9.099999999999999645 ) ) ;
#4456 = DIRECTION ( 'NONE',  ( 1.000000000000000000, 0.000000000000000000, 0.000000000000000000 ) ) ;
#4457 = ORIENTED_EDGE ( 'NONE', *, *, #4204, .F. ) ;
#4458 = ORIENTED_EDGE ( 'NONE', *, *, #6347, .F. ) ;
#4459 =( NAMED_UNIT ( * ) PLANE_ANGLE_UNIT ( ) SI_UNIT ( $, .RADIAN. ) );
#4460 = CARTESIAN_POINT ( 'NONE',  ( -9.400000000000002132, -2.700000000118052412, -3.999999999991378452 ) ) ;
#4461 = PRESENTATION_LAYER_ASSIGNMENT (  '', '', ( #660 ) ) ;
#4462 = STYLED_ITEM ( 'NONE', ( #2861 ), #3160 ) ;
#4463 = VECTOR ( 'NONE', #503, 1000.000000000000000 ) ;
#4464 = PRESENTATION_STYLE_ASSIGNMENT (( #7247 ) ) ;
#4465 = DIRECTION ( 'NONE',  ( 0.000000000000000000, -1.000000000000000000, 0.000000000000000000 ) ) ;
#4466 = FACE_OUTER_BOUND ( 'NONE', #6465, .T. ) ;
#4467 = FACE_OUTER_BOUND ( 'NONE', #1062, .T. ) ;
#4468 = DIRECTION ( 'NONE',  ( -1.000000000000000000, 0.000000000000000000, 0.000000000000000000 ) ) ;
#4469 = DIRECTION ( 'NONE',  ( 3.212450881438531255E-16, 0.000000000000000000, -1.000000000000000000 ) ) ;
#4470 = STYLED_ITEM ( 'NONE', ( #5106 ), #2521 ) ;
#4471 =( NAMED_UNIT ( * ) SI_UNIT ( $, .STERADIAN. ) SOLID_ANGLE_UNIT ( ) );
#4472 = VECTOR ( 'NONE', #2341, 1000.000000000000000 ) ;
#4473 = CARTESIAN_POINT ( 'NONE',  ( 7.800000000000000711, 1.500000000000000000, -3.949999999999999734 ) ) ;
#4474 = SURFACE_SIDE_STYLE ('',( #5575 ) ) ;
#4475 = EDGE_LOOP ( 'NONE', ( #3198, #1708, #5951, #2969 ) ) ;
#4476 = CARTESIAN_POINT ( 'NONE',  ( -5.600000000000000533, -2.700000000000025491, 9.099999999981582377 ) ) ;
#4477 = LINE ( 'NONE', #6757, #2192 ) ;
#4478 = SURFACE_SIDE_STYLE ('',( #4974 ) ) ;
#4479 = ORIENTED_EDGE ( 'NONE', *, *, #2221, .T. ) ;
#4480 = COLOUR_RGB ( '',0.2509803921568627416, 0.2509803921568627416, 0.2509803921568627416 ) ;
#4481 =( GEOMETRIC_REPRESENTATION_CONTEXT ( 3 ) GLOBAL_UNCERTAINTY_ASSIGNED_CONTEXT ( ( #6006 ) ) GLOBAL_UNIT_ASSIGNED_CONTEXT ( ( #4004, #1870, #1194 ) ) REPRESENTATION_CONTEXT ( 'NONE', 'WORKASPACE' ) );
#4482 = CARTESIAN_POINT ( 'NONE',  ( 12.80000000000000249, 0.4166666666666668517, -12.49300664859163668 ) ) ;
#4483 = ORIENTED_EDGE ( 'NONE', *, *, #2801, .T. ) ;
#4484 = CARTESIAN_POINT ( 'NONE',  ( -1.754122196186095550, 20.25490381056766509, 1.852938901906950875 ) ) ;
#4485 = ADVANCED_FACE ( 'NONE', ( #4736 ), #3676, .F. ) ;
#4486 = VERTEX_POINT ( 'NONE', #2422 ) ;
#4487 = FILL_AREA_STYLE_COLOUR ( '', #5161 ) ;
#4488 = AXIS2_PLACEMENT_3D ( 'NONE', #534, #2188, #3362 ) ;
#4489 = FILL_AREA_STYLE_COLOUR ( '', #6376 ) ;
#4490 =( LENGTH_UNIT ( ) NAMED_UNIT ( * ) SI_UNIT ( .MILLI., .METRE. ) );
#4491 = EDGE_CURVE ( 'NONE', #3974, #7142, #4699, .T. ) ;
#4492 = CARTESIAN_POINT ( 'NONE',  ( 8.400000000000000355, 0.5000000000000000000, -5.699999999999998401 ) ) ;
#4493 = EDGE_CURVE ( 'NONE', #5507, #1746, #365, .T. ) ;
#4494 = ORIENTED_EDGE ( 'NONE', *, *, #5511, .F. ) ;
#4495 = FILL_AREA_STYLE_COLOUR ( '', #5225 ) ;
#4496 = VERTEX_POINT ( 'NONE', #7369 ) ;
#4497 =( LENGTH_UNIT ( ) NAMED_UNIT ( * ) SI_UNIT ( .MILLI., .METRE. ) );
#4498 = UNCERTAINTY_MEASURE_WITH_UNIT (LENGTH_MEASURE( 1.000000000000000082E-05 ), #774, 'distance_accuracy_value', 'NONE');
#4499 = CARTESIAN_POINT ( 'NONE',  ( 0.000000000000000000, 1.500000000000000000, 15.00000000000000000 ) ) ;
#4500 = CARTESIAN_POINT ( 'NONE',  ( -11.05000000000000071, 20.29999999999999716, 16.00000000000000000 ) ) ;
#4501 = FILL_AREA_STYLE_COLOUR ( '', #4368 ) ;
#4502 =( LENGTH_UNIT ( ) NAMED_UNIT ( * ) SI_UNIT ( .MILLI., .METRE. ) );
#4503 =( NAMED_UNIT ( * ) SI_UNIT ( $, .STERADIAN. ) SOLID_ANGLE_UNIT ( ) );
#4504 = SURFACE_STYLE_FILL_AREA ( #4967 ) ;
#4505 = SURFACE_SIDE_STYLE ('',( #1724 ) ) ;
#4506 = CARTESIAN_POINT ( 'NONE',  ( -10.35000000000000142, 1.500000000000000000, 14.69999999999999929 ) ) ;
#4507 = CARTESIAN_POINT ( 'NONE',  ( 12.20000000000000284, 20.39999999999999858, -7.837258300203132855 ) ) ;
#4508 = CARTESIAN_POINT ( 'NONE',  ( -13.80000000000000071, 83.05825363168716535, 1.449999999999999956 ) ) ;
#4509 = ORIENTED_EDGE ( 'NONE', *, *, #5785, .T. ) ;
#4510 = COLOUR_RGB ( '',0.2509803921568627416, 0.2509803921568627416, 0.2509803921568627416 ) ;
#4511 =( NAMED_UNIT ( * ) PLANE_ANGLE_UNIT ( ) SI_UNIT ( $, .RADIAN. ) );
#4512 =( LENGTH_UNIT ( ) NAMED_UNIT ( * ) SI_UNIT ( .MILLI., .METRE. ) );
#4513 = VERTEX_POINT ( 'NONE', #4427 ) ;
#4514 = ORIENTED_EDGE ( 'NONE', *, *, #2975, .F. ) ;
#4515 = SURFACE_SIDE_STYLE ('',( #2242 ) ) ;
#4516 = DIRECTION ( 'NONE',  ( 0.000000000000000000, 1.000000000000000000, 0.000000000000000000 ) ) ;
#4517 = COLOUR_RGB ( '',0.7921568627450980005, 0.8196078431372548767, 0.9333333333333333481 ) ;
#4518 = CARTESIAN_POINT ( 'NONE',  ( -13.79999999999999893, 0.4166666666666666297, -11.50699335140836688 ) ) ;
#4519 = DIRECTION ( 'NONE',  ( 0.000000000000000000, 0.000000000000000000, 1.000000000000000000 ) ) ;
#4520 = LINE ( 'NONE', #521, #5684 ) ;
#4521 = STYLED_ITEM ( 'NONE', ( #3437 ), #6302 ) ;
#4522 = EDGE_CURVE ( 'NONE', #5709, #6949, #1718, .T. ) ;
#4523 = STYLED_ITEM ( 'NONE', ( #3779 ), #219 ) ;
#4524 = EDGE_LOOP ( 'NONE', ( #6289, #2431, #7012, #6758 ) ) ;
#4525 =( NAMED_UNIT ( * ) SI_UNIT ( $, .STERADIAN. ) SOLID_ANGLE_UNIT ( ) );
#4526 = ORIENTED_EDGE ( 'NONE', *, *, #249, .T. ) ;
#4527 = ORIENTED_EDGE ( 'NONE', *, *, #6068, .F. ) ;
#4528 = CARTESIAN_POINT ( 'NONE',  ( 0.3400000000000032996, 20.35000000000000497, 4.001964908660714748 ) ) ;
#4529 = DIRECTION ( 'NONE',  ( -1.000000000000000000, 0.000000000000000000, -4.505775262277420368E-17 ) ) ;
#4530 = EDGE_CURVE ( 'NONE', #1005, #3402, #1684, .T. ) ;
#4531 = STYLED_ITEM ( 'NONE', ( #6009 ), #209 ) ;
#4532 = STYLED_ITEM ( 'NONE', ( #7026 ), #6824 ) ;
#4533 = VERTEX_POINT ( 'NONE', #2130 ) ;
#4534 = CYLINDRICAL_SURFACE ( 'NONE', #2606, 0.2999999999999999334 ) ;
#4535 = DIRECTION ( 'NONE',  ( -0.000000000000000000, -1.000000000000000000, -0.000000000000000000 ) ) ;
#4536 = AXIS2_PLACEMENT_3D ( 'NONE', #4244, #6615, #272 ) ;
#4537 = SURFACE_STYLE_USAGE ( .BOTH. , #6855 ) ;
#4538 =( LENGTH_UNIT ( ) NAMED_UNIT ( * ) SI_UNIT ( .MILLI., .METRE. ) );
#4539 = CARTESIAN_POINT ( 'NONE',  ( -11.35000000000000320, 0.4166666666666668517, 12.49300664859163668 ) ) ;
#4540 = FILL_AREA_STYLE ('',( #3297 ) ) ;
#4541 = EDGE_CURVE ( 'NONE', #4773, #3950, #2253, .T. ) ;
#4542 = VECTOR ( 'NONE', #7236, 1000.000000000000000 ) ;
#4543 = PRESENTATION_LAYER_ASSIGNMENT (  '', '', ( #6818 ) ) ;
#4544 = DIRECTION ( 'NONE',  ( 0.000000000000000000, 1.000000000000000000, 0.000000000000000000 ) ) ;
#4545 = CARTESIAN_POINT ( 'NONE',  ( 6.299999999999999822, 0.5000000000000001110, 11.30000000000000249 ) ) ;
#4546 = EDGE_LOOP ( 'NONE', ( #4990, #242, #6928, #3669, #6001, #6673, #3208, #265 ) ) ;
#4547 = DIRECTION ( 'NONE',  ( -0.7071067811865474617, 0.000000000000000000, 0.7071067811865474617 ) ) ;
#4548 = DIRECTION ( 'NONE',  ( 0.000000000000000000, 0.000000000000000000, -1.000000000000000000 ) ) ;
#4549 = SURFACE_STYLE_USAGE ( .BOTH. , #4478 ) ;
#4550 = ORIENTED_EDGE ( 'NONE', *, *, #122, .T. ) ;
#4551 = VECTOR ( 'NONE', #996, 1000.000000000000000 ) ;
#4552 = CARTESIAN_POINT ( 'NONE',  ( -5.600000000000000533, -3.199999999992542143, 9.811836509656984617 ) ) ;
#4553 = VERTEX_POINT ( 'NONE', #2719 ) ;
#4554 = DIRECTION ( 'NONE',  ( -0.000000000000000000, -1.000000000000000000, 0.000000000000000000 ) ) ;
#4555 = FILL_AREA_STYLE_COLOUR ( '', #2913 ) ;
#4556 = DIRECTION ( 'NONE',  ( -1.000000000000000000, -0.000000000000000000, -0.000000000000000000 ) ) ;
#4557 = SURFACE_SIDE_STYLE ('',( #2836 ) ) ;
#4558 =( GEOMETRIC_REPRESENTATION_CONTEXT ( 3 ) GLOBAL_UNCERTAINTY_ASSIGNED_CONTEXT ( ( #4917 ) ) GLOBAL_UNIT_ASSIGNED_CONTEXT ( ( #3292, #940, #1536 ) ) REPRESENTATION_CONTEXT ( 'NONE', 'WORKASPACE' ) );
#4559 = UNCERTAINTY_MEASURE_WITH_UNIT (LENGTH_MEASURE( 1.000000000000000082E-05 ), #7061, 'distance_accuracy_value', 'NONE');
#4560 = ORIENTED_EDGE ( 'NONE', *, *, #3594, .F. ) ;
#4561 = FILL_AREA_STYLE ('',( #2391 ) ) ;
#4562 = ORIENTED_EDGE ( 'NONE', *, *, #7196, .F. ) ;
#4563 = ORIENTED_EDGE ( 'NONE', *, *, #1993, .F. ) ;
#4564 = CARTESIAN_POINT ( 'NONE',  ( 0.3400000000000036882, 20.39999999999999858, 1.711432550960843457 ) ) ;
#4565 = UNCERTAINTY_MEASURE_WITH_UNIT (LENGTH_MEASURE( 1.000000000000000082E-05 ), #372, 'distance_accuracy_value', 'NONE');
#4566 = LINE ( 'NONE', #2153, #4959 ) ;
#4567 = ORIENTED_EDGE ( 'NONE', *, *, #2512, .T. ) ;
#4568 =( NAMED_UNIT ( * ) PLANE_ANGLE_UNIT ( ) SI_UNIT ( $, .RADIAN. ) );
#4569 = EDGE_CURVE ( 'NONE', #5240, #6045, #7284, .T. ) ;
#4570 = AXIS2_PLACEMENT_3D ( 'NONE', #5460, #1476, #7297 ) ;
#4571 = FILL_AREA_STYLE_COLOUR ( '', #5494 ) ;
#4572 = CARTESIAN_POINT ( 'NONE',  ( 4.599999999999997868, -3.199999999992542143, 9.500000000000001776 ) ) ;
#4573 = CARTESIAN_POINT ( 'NONE',  ( 12.50000000000000178, 0.5000000000000000000, -15.00000000000000000 ) ) ;
#4574 = VECTOR ( 'NONE', #2981, 1000.000000000000000 ) ;
#4575 = LINE ( 'NONE', #5752, #5277 ) ;
#4576 = VERTEX_POINT ( 'NONE', #3259 ) ;
#4577 = ADVANCED_FACE ( 'NONE', ( #5672 ), #6778, .T. ) ;
#4578 = VECTOR ( 'NONE', #2610, 1000.000000000000000 ) ;
#4579 = FILL_AREA_STYLE ('',( #2296 ) ) ;
#4580 = STYLED_ITEM ( 'NONE', ( #2302 ), #1831 ) ;
#4581 = FILL_AREA_STYLE_COLOUR ( '', #6609 ) ;
#4582 = COLOUR_RGB ( '',0.7921568627450980005, 0.8196078431372548767, 0.9333333333333333481 ) ;
#4583 = CARTESIAN_POINT ( 'NONE',  ( 1.314892614148643446, 20.39999999999999858, 2.211195942009879012 ) ) ;
#4584 = EDGE_LOOP ( 'NONE', ( #4021, #688, #3454, #7225, #6770, #1079, #1839, #2502 ) ) ;
#4585 = VECTOR ( 'NONE', #4674, 1000.000000000000000 ) ;
#4586 = CARTESIAN_POINT ( 'NONE',  ( -13.80000000000000071, 20.29999999999999716, 16.00000000000000000 ) ) ;
#4587 = ORIENTED_EDGE ( 'NONE', *, *, #5969, .T. ) ;
#4588 = PRESENTATION_STYLE_ASSIGNMENT (( #1774 ) ) ;
#4589 = DIRECTION ( 'NONE',  ( 0.000000000000000000, 0.000000000000000000, 1.000000000000000000 ) ) ;
#4590 = CARTESIAN_POINT ( 'NONE',  ( 12.50000000000000178, 1.500000000000000000, -4.549999999999998934 ) ) ;
#4591 = AXIS2_PLACEMENT_3D ( 'NONE', #486, #2244, #2741 ) ;
#4592 = CONICAL_SURFACE ( 'NONE', #6512, 0.7999999999913804949, 0.1745329252078423599 ) ;
#4593 = AXIS2_PLACEMENT_3D ( 'NONE', #6729, #1636, #3880 ) ;
#4594 = ORIENTED_EDGE ( 'NONE', *, *, #997, .T. ) ;
#4595 = COLOUR_RGB ( '',0.000000000000000000, 0.000000000000000000, 1.000000000000000000 ) ;
#4596 = VERTEX_POINT ( 'NONE', #6242 ) ;
#4597 =( NAMED_UNIT ( * ) SI_UNIT ( $, .STERADIAN. ) SOLID_ANGLE_UNIT ( ) );
#4598 = ORIENTED_EDGE ( 'NONE', *, *, #2771, .T. ) ;
#4599 = LINE ( 'NONE', #6354, #2659 ) ;
#4600 = CARTESIAN_POINT ( 'NONE',  ( -5.600000000000000533, 0.5000000000000000000, 7.700000000000000178 ) ) ;
#4601 = ORIENTED_EDGE ( 'NONE', *, *, #5363, .F. ) ;
#4602 =( NAMED_UNIT ( * ) PLANE_ANGLE_UNIT ( ) SI_UNIT ( $, .RADIAN. ) );
#4603 = FILL_AREA_STYLE ('',( #4571 ) ) ;
#4604 =( NAMED_UNIT ( * ) SI_UNIT ( $, .STERADIAN. ) SOLID_ANGLE_UNIT ( ) );
#4605 = CARTESIAN_POINT ( 'NONE',  ( 13.79999999999999893, 0.4166666666666668517, -12.49300664859163668 ) ) ;
#4606 = EDGE_CURVE ( 'NONE', #1999, #4802, #5108, .T. ) ;
#4607 = CARTESIAN_POINT ( 'NONE',  ( 7.500000000000001776, 1.000000000000000888, -4.249999999999999112 ) ) ;
#4608 = DIRECTION ( 'NONE',  ( -0.000000000000000000, 1.000000000000000000, -0.000000000000000000 ) ) ;
#4609 = ORIENTED_EDGE ( 'NONE', *, *, #3889, .T. ) ;
#4610 =( NAMED_UNIT ( * ) PLANE_ANGLE_UNIT ( ) SI_UNIT ( $, .RADIAN. ) );
#4611 = SURFACE_STYLE_USAGE ( .BOTH. , #3520 ) ;
#4612 = EDGE_CURVE ( 'NONE', #6679, #3912, #3820, .T. ) ;
#4613 = EDGE_CURVE ( 'NONE', #3874, #115, #4632, .T. ) ;
#4614 = MECHANICAL_DESIGN_GEOMETRIC_PRESENTATION_REPRESENTATION (  '', ( #7271 ), #2352 ) ;
#4615 = DIRECTION ( 'NONE',  ( -0.000000000000000000, 1.000000000000000000, -0.000000000000000000 ) ) ;
#4616 = VERTEX_POINT ( 'NONE', #6170 ) ;
#4617 = FILL_AREA_STYLE ('',( #5762 ) ) ;
#4618 = DIRECTION ( 'NONE',  ( -0.000000000000000000, 0.000000000000000000, 1.000000000000000000 ) ) ;
#4619 = FILL_AREA_STYLE ('',( #5196 ) ) ;
#4620 = FACE_OUTER_BOUND ( 'NONE', #1483, .T. ) ;
#4621 = DIRECTION ( 'NONE',  ( -0.000000000000000000, -1.000000000000000000, -0.000000000000000000 ) ) ;
#4622 = UNCERTAINTY_MEASURE_WITH_UNIT (LENGTH_MEASURE( 1.000000000000000082E-05 ), #111, 'distance_accuracy_value', 'NONE');
#4623 = EDGE_CURVE ( 'NONE', #4629, #6581, #659, .T. ) ;
#4624 = ORIENTED_EDGE ( 'NONE', *, *, #6206, .T. ) ;
#4625 = VECTOR ( 'NONE', #1912, 1000.000000000000000 ) ;
#4626 = VERTEX_POINT ( 'NONE', #499 ) ;
#4627 = SURFACE_STYLE_FILL_AREA ( #2350 ) ;
#4628 = FILL_AREA_STYLE_COLOUR ( '', #4698 ) ;
#4629 = VERTEX_POINT ( 'NONE', #6744 ) ;
#4630 = STYLED_ITEM ( 'NONE', ( #54 ), #6281 ) ;
#4631 = LINE ( 'NONE', #4600, #4084 ) ;
#4632 = CIRCLE ( 'NONE', #6561, 0.2999999999999999334 ) ;
#4633 = AXIS2_PLACEMENT_3D ( 'NONE', #5020, #1587, #2773 ) ;
#4634 = MECHANICAL_DESIGN_GEOMETRIC_PRESENTATION_REPRESENTATION (  '', ( #4630 ), #4276 ) ;
#4635 = ORIENTED_EDGE ( 'NONE', *, *, #6516, .T. ) ;
#4636 = FACE_OUTER_BOUND ( 'NONE', #2593, .T. ) ;
#4637 = LINE ( 'NONE', #6921, #6344 ) ;
#4638 = COLOUR_RGB ( '',0.000000000000000000, 0.000000000000000000, 1.000000000000000000 ) ;
#4639 =( GEOMETRIC_REPRESENTATION_CONTEXT ( 3 ) GLOBAL_UNCERTAINTY_ASSIGNED_CONTEXT ( ( #5776 ) ) GLOBAL_UNIT_ASSIGNED_CONTEXT ( ( #5711, #5673, #2325 ) ) REPRESENTATION_CONTEXT ( 'NONE', 'WORKASPACE' ) );
#4640 = DIRECTION ( 'NONE',  ( -0.000000000000000000, -1.000000000000000000, -0.000000000000000000 ) ) ;
#4641 =( NAMED_UNIT ( * ) PLANE_ANGLE_UNIT ( ) SI_UNIT ( $, .RADIAN. ) );
#4642 =( BOUNDED_CURVE ( )  B_SPLINE_CURVE ( 3, ( #6602, #1498, #3747, #6056 ),
 .UNSPECIFIED., .F., .F. ) 
 B_SPLINE_CURVE_WITH_KNOTS ( ( 4, 4 ),
 ( 1.570796326794896558, 3.141592653589793116 ),
 .UNSPECIFIED. ) 
 CURVE ( )  GEOMETRIC_REPRESENTATION_ITEM ( )  RATIONAL_B_SPLINE_CURVE ( ( 1.000000000000000000, 0.8047378541243649375, 0.8047378541243649375, 1.000000000000000000 ) ) 
 REPRESENTATION_ITEM ( '' )  );
#4643 = MECHANICAL_DESIGN_GEOMETRIC_PRESENTATION_REPRESENTATION (  '', ( #4034 ), #5257 ) ;
#4644 = CYLINDRICAL_SURFACE ( 'NONE', #682, 0.2999999999999999334 ) ;
#4645 = ORIENTED_EDGE ( 'NONE', *, *, #6643, .T. ) ;
#4646 = ORIENTED_EDGE ( 'NONE', *, *, #2520, .F. ) ;
#4647 = DIRECTION ( 'NONE',  ( 0.000000000000000000, 0.000000000000000000, 1.000000000000000000 ) ) ;
#4648 = ADVANCED_FACE ( 'NONE', ( #1647 ), #3463, .T. ) ;
#4649 = CARTESIAN_POINT ( 'NONE',  ( 12.80000000000000249, 1.000000000000000888, -15.00000000000000000 ) ) ;
#4650 = PRESENTATION_STYLE_ASSIGNMENT (( #6451 ) ) ;
#4651 = CARTESIAN_POINT ( 'NONE',  ( 1.386046488775482866, 20.39999999999999858, 2.332782504690029235 ) ) ;
#4652 = EDGE_LOOP ( 'NONE', ( #6543, #5171, #100, #4598 ) ) ;
#4653 = MECHANICAL_DESIGN_GEOMETRIC_PRESENTATION_REPRESENTATION (  '', ( #2649 ), #4302 ) ;
#4654 = CYLINDRICAL_SURFACE ( 'NONE', #589, 0.2999999999999999334 ) ;
#4655 = EDGE_LOOP ( 'NONE', ( #7384, #1782, #3371, #4087 ) ) ;
#4656 = DIRECTION ( 'NONE',  ( 0.000000000000000000, 1.000000000000000000, 0.000000000000000000 ) ) ;
#4657 =( GEOMETRIC_REPRESENTATION_CONTEXT ( 3 ) GLOBAL_UNCERTAINTY_ASSIGNED_CONTEXT ( ( #4942 ) ) GLOBAL_UNIT_ASSIGNED_CONTEXT ( ( #1396, #3121, #579 ) ) REPRESENTATION_CONTEXT ( 'NONE', 'WORKASPACE' ) );
#4658 = CARTESIAN_POINT ( 'NONE',  ( -5.600000000000000533, 0.5000000000000000000, 9.500000000000001776 ) ) ;
#4659 = LINE ( 'NONE', #94, #6587 ) ;
#4660 = CARTESIAN_POINT ( 'NONE',  ( 13.80000000000000071, 0.5000000000000000000, -12.00000000000000000 ) ) ;
#4661 = EDGE_CURVE ( 'NONE', #3222, #3524, #147, .T. ) ;
#4662 = CARTESIAN_POINT ( 'NONE',  ( -12.50000000000000355, 1.500000000000000000, -15.00000000000000000 ) ) ;
#4663 =( NAMED_UNIT ( * ) SI_UNIT ( $, .STERADIAN. ) SOLID_ANGLE_UNIT ( ) );
#4664 = FILL_AREA_STYLE ('',( #1413 ) ) ;
#4665 = PRESENTATION_LAYER_ASSIGNMENT (  '', '', ( #5273 ) ) ;
#4666 = SURFACE_STYLE_USAGE ( .BOTH. , #1250 ) ;
#4667 = PRESENTATION_STYLE_ASSIGNMENT (( #2840 ) ) ;
#4668 = VERTEX_POINT ( 'NONE', #6887 ) ;
#4669 = FACE_OUTER_BOUND ( 'NONE', #5392, .T. ) ;
#4670 = LINE ( 'NONE', #2314, #4574 ) ;
#4671 = EDGE_CURVE ( 'NONE', #5649, #4125, #5172, .T. ) ;
#4672 = ORIENTED_EDGE ( 'NONE', *, *, #896, .T. ) ;
#4673 = FACE_OUTER_BOUND ( 'NONE', #1352, .T. ) ;
#4674 = DIRECTION ( 'NONE',  ( 1.000000000000000000, 0.000000000000000000, 0.000000000000000000 ) ) ;
#4675 = MECHANICAL_DESIGN_GEOMETRIC_PRESENTATION_REPRESENTATION (  '', ( #3129 ), #3951 ) ;
#4676 = ORIENTED_EDGE ( 'NONE', *, *, #47, .T. ) ;
#4677 =( NAMED_UNIT ( * ) PLANE_ANGLE_UNIT ( ) SI_UNIT ( $, .RADIAN. ) );
#4678 = FILL_AREA_STYLE_COLOUR ( '', #5616 ) ;
#4679 = CARTESIAN_POINT ( 'NONE',  ( -11.60000000000000497, 40.93805269026350402, -13.79999999999999893 ) ) ;
#4680 = AXIS2_PLACEMENT_3D ( 'NONE', #2003, #4254, #768 ) ;
#4681 = FILL_AREA_STYLE ('',( #5896 ) ) ;
#4682 = EDGE_CURVE ( 'NONE', #3478, #5389, #6324, .T. ) ;
#4683 =( GEOMETRIC_REPRESENTATION_CONTEXT ( 3 ) GLOBAL_UNCERTAINTY_ASSIGNED_CONTEXT ( ( #6091 ) ) GLOBAL_UNIT_ASSIGNED_CONTEXT ( ( #5157, #5803, #6257 ) ) REPRESENTATION_CONTEXT ( 'NONE', 'WORKASPACE' ) );
#4684 = DIRECTION ( 'NONE',  ( 0.000000000000000000, -1.000000000000000000, -0.000000000000000000 ) ) ;
#4685 = EDGE_LOOP ( 'NONE', ( #4436, #6222, #201, #1480 ) ) ;
#4686 =( NAMED_UNIT ( * ) SI_UNIT ( $, .STERADIAN. ) SOLID_ANGLE_UNIT ( ) );
#4687 = PLANE ( 'NONE',  #5805 ) ;
#4688 = SURFACE_STYLE_FILL_AREA ( #6531 ) ;
#4689 =( NAMED_UNIT ( * ) SI_UNIT ( $, .STERADIAN. ) SOLID_ANGLE_UNIT ( ) );
#4690 =( BOUNDED_SURFACE ( )  B_SPLINE_SURFACE ( 3, 3, ( 
 ( #3392, #104, #3423, #4528 ),
 ( #2396, #3993, #1299, #6813 ),
 ( #5207, #602, #5775, #69 ),
 ( #4564, #4057, #6957, #5131 ) ),
 .UNSPECIFIED., .F., .F., .F. ) 
 B_SPLINE_SURFACE_WITH_KNOTS ( ( 4, 4 ),
 ( 4, 4 ),
 ( 0.000000000000000000, 1.000000000000000000 ),
 ( 0.000000000000000000, 1.000000000000000000 ),
 .UNSPECIFIED. ) 
 GEOMETRIC_REPRESENTATION_ITEM ( )  RATIONAL_B_SPLINE_SURFACE ( (
 ( 1.000000000000000000, 0.3333333333333334259, 0.3333333333333334259, 1.000000000000000000),
 ( 0.9106836025229680942, 0.3035612008409894758, 0.3035612008409894758, 0.9106836025229680942),
 ( 0.9106836025229680942, 0.3035612008409894758, 0.3035612008409894758, 0.9106836025229680942),
 ( 1.000000000000000000, 0.3333333333333334259, 0.3333333333333334259, 1.000000000000000000) ) ) 
 REPRESENTATION_ITEM ( '' )  SURFACE ( )  );
#4691 = COLOUR_RGB ( '',0.7921568627450980005, 0.8196078431372548767, 0.9333333333333333481 ) ;
#4692 = ORIENTED_EDGE ( 'NONE', *, *, #600, .T. ) ;
#4693 = PRESENTATION_STYLE_ASSIGNMENT (( #6938 ) ) ;
#4694 = AXIS2_PLACEMENT_3D ( 'NONE', #46, #7376, #3965 ) ;
#4695 = ORIENTED_EDGE ( 'NONE', *, *, #6726, .T. ) ;
#4696 = VECTOR ( 'NONE', #6923, 1000.000000000000000 ) ;
#4697 = DIRECTION ( 'NONE',  ( 0.000000000000000000, 0.000000000000000000, 1.000000000000000000 ) ) ;
#4698 = COLOUR_RGB ( '',0.7921568627450980005, 0.8196078431372548767, 0.9333333333333333481 ) ;
#4699 = LINE ( 'NONE', #3857, #1786 ) ;
#4700 = DIRECTION ( 'NONE',  ( -0.000000000000000000, 1.000000000000000000, -0.000000000000000000 ) ) ;
#4701 = DIRECTION ( 'NONE',  ( 0.000000000000000000, -1.000000000000000000, -0.000000000000000000 ) ) ;
#4702 = ADVANCED_FACE ( 'NONE', ( #5710 ), #671, .T. ) ;
#4703 =( LENGTH_UNIT ( ) NAMED_UNIT ( * ) SI_UNIT ( .MILLI., .METRE. ) );
#4704 = ORIENTED_EDGE ( 'NONE', *, *, #6870, .F. ) ;
#4705 = ORIENTED_EDGE ( 'NONE', *, *, #2841, .F. ) ;
#4706 = SURFACE_STYLE_USAGE ( .BOTH. , #4250 ) ;
#4707 = AXIS2_PLACEMENT_3D ( 'NONE', #509, #1063, #6142 ) ;
#4708 = DIRECTION ( 'NONE',  ( 0.000000000000000000, 0.000000000000000000, 1.000000000000000000 ) ) ;
#4709 = VERTEX_POINT ( 'NONE', #4028 ) ;
#4710 =( NAMED_UNIT ( * ) SI_UNIT ( $, .STERADIAN. ) SOLID_ANGLE_UNIT ( ) );
#4711 = EDGE_CURVE ( 'NONE', #3306, #3656, #4637, .T. ) ;
#4712 = ADVANCED_FACE ( 'NONE', ( #1825 ), #5137, .T. ) ;
#4713 = CONICAL_SURFACE ( 'NONE', #7373, 0.3999999999875838985, 0.1745329252159654454 ) ;
#4714 = CIRCLE ( 'NONE', #89, 0.09999999999999939493 ) ;
#4715 = ORIENTED_EDGE ( 'NONE', *, *, #5046, .F. ) ;
#4716 = DIRECTION ( 'NONE',  ( -0.000000000000000000, 1.000000000000000000, -0.000000000000000000 ) ) ;
#4717 = SURFACE_STYLE_USAGE ( .BOTH. , #6593 ) ;
#4718 = DIRECTION ( 'NONE',  ( 0.000000000000000000, -0.000000000000000000, -1.000000000000000000 ) ) ;
#4719 = CARTESIAN_POINT ( 'NONE',  ( -13.80000000000000071, 83.05825363168716535, -15.69999999999999929 ) ) ;
#4720 = FILL_AREA_STYLE_COLOUR ( '', #6617 ) ;
#4721 = CARTESIAN_POINT ( 'NONE',  ( 0.000000000000000000, 0.000000000000000000, 0.000000000000000000 ) ) ;
#4722 = AXIS2_PLACEMENT_3D ( 'NONE', #1231, #3627, #3586 ) ;
#4723 = PRESENTATION_STYLE_ASSIGNMENT (( #3548 ) ) ;
#4724 = CARTESIAN_POINT ( 'NONE',  ( 6.599999999999997868, 0.5000000000000000000, -13.29999999999999893 ) ) ;
#4725 =( LENGTH_UNIT ( ) NAMED_UNIT ( * ) SI_UNIT ( .MILLI., .METRE. ) );
#4726 = PRESENTATION_LAYER_ASSIGNMENT (  '', '', ( #3272 ) ) ;
#4727 = FILL_AREA_STYLE_COLOUR ( '', #2747 ) ;
#4728 = FILL_AREA_STYLE ('',( #710 ) ) ;
#4729 =( LENGTH_UNIT ( ) NAMED_UNIT ( * ) SI_UNIT ( .MILLI., .METRE. ) );
#4730 = DIRECTION ( 'NONE',  ( -1.000000000000000000, -0.000000000000000000, -0.000000000000000000 ) ) ;
#4731 = ORIENTED_EDGE ( 'NONE', *, *, #6490, .T. ) ;
#4732 = FACE_OUTER_BOUND ( 'NONE', #6089, .T. ) ;
#4733 = CARTESIAN_POINT ( 'NONE',  ( -13.80000000000000071, 18.39999999999999858, -16.00000000000000000 ) ) ;
#4734 = VERTEX_POINT ( 'NONE', #6440 ) ;
#4735 = DIRECTION ( 'NONE',  ( 0.000000000000000000, 1.000000000000000000, 0.000000000000000000 ) ) ;
#4736 = FACE_OUTER_BOUND ( 'NONE', #1077, .T. ) ;
#4737 = DIRECTION ( 'NONE',  ( 0.000000000000000000, 0.000000000000000000, -1.000000000000000000 ) ) ;
#4738 = LINE ( 'NONE', #871, #6794 ) ;
#4739 = CARTESIAN_POINT ( 'NONE',  ( -12.50000000000000355, 1.500000000000000000, -14.69999999999999929 ) ) ;
#4740 = CARTESIAN_POINT ( 'NONE',  ( 6.300000000000000711, 40.93805269026350402, -5.450000000000000178 ) ) ;
#4741 = DIRECTION ( 'NONE',  ( 0.000000000000000000, -0.000000000000000000, -1.000000000000000000 ) ) ;
#4742 = ORIENTED_EDGE ( 'NONE', *, *, #6910, .T. ) ;
#4743 = FILL_AREA_STYLE_COLOUR ( '', #3818 ) ;
#4744 = ORIENTED_EDGE ( 'NONE', *, *, #1486, .T. ) ;
#4745 = CARTESIAN_POINT ( 'NONE',  ( 12.30000000000000071, 20.29999999999999716, -7.878679656440443324 ) ) ;
#4746 = VECTOR ( 'NONE', #1898, 1000.000000000000000 ) ;
#4747 = ORIENTED_EDGE ( 'NONE', *, *, #409, .T. ) ;
#4748 = DIRECTION ( 'NONE',  ( 0.000000000000000000, 0.000000000000000000, 1.000000000000000000 ) ) ;
#4749 = CARTESIAN_POINT ( 'NONE',  ( -9.400000000000002132, 0.5000000000000000000, -1.399999999999998579 ) ) ;
#4750 = ADVANCED_FACE ( 'NONE', ( #3696 ), #4914, .T. ) ;
#4751 = PRESENTATION_LAYER_ASSIGNMENT (  '', '', ( #3660 ) ) ;
#4752 = ORIENTED_EDGE ( 'NONE', *, *, #6438, .F. ) ;
#4753 = FILL_AREA_STYLE_COLOUR ( '', #4510 ) ;
#4754 = PRESENTATION_STYLE_ASSIGNMENT (( #851 ) ) ;
#4755 = CARTESIAN_POINT ( 'NONE',  ( 0.000000000000000000, 1.500000000000000000, 15.00000000000000000 ) ) ;
#4756 = VECTOR ( 'NONE', #1328, 1000.000000000000000 ) ;
#4757 = FILL_AREA_STYLE_COLOUR ( '', #7222 ) ;
#4758 = EDGE_CURVE ( 'NONE', #2673, #7357, #280, .T. ) ;
#4759 = MECHANICAL_DESIGN_GEOMETRIC_PRESENTATION_REPRESENTATION (  '', ( #1910 ), #6217 ) ;
#4760 = PRESENTATION_LAYER_ASSIGNMENT (  '', '', ( #4402 ) ) ;
#4761 = MECHANICAL_DESIGN_GEOMETRIC_PRESENTATION_REPRESENTATION (  '', ( #2851 ), #3670 ) ;
#4762 = UNCERTAINTY_MEASURE_WITH_UNIT (LENGTH_MEASURE( 1.000000000000000082E-05 ), #5236, 'distance_accuracy_value', 'NONE');
#4763 = CARTESIAN_POINT ( 'NONE',  ( 12.80000000000000249, 0.5000000000000000000, -14.70000000000000107 ) ) ;
#4764 = ORIENTED_EDGE ( 'NONE', *, *, #760, .T. ) ;
#4765 = MECHANICAL_DESIGN_GEOMETRIC_PRESENTATION_REPRESENTATION (  '', ( #4281 ), #4891 ) ;
#4766 =( NAMED_UNIT ( * ) SI_UNIT ( $, .STERADIAN. ) SOLID_ANGLE_UNIT ( ) );
#4767 = EDGE_CURVE ( 'NONE', #5310, #3276, #7280, .T. ) ;
#4768 = DIRECTION ( 'NONE',  ( 1.000000000000000000, -0.000000000000000000, -0.000000000000000000 ) ) ;
#4769 = PLANE ( 'NONE',  #1634 ) ;
#4770 = VERTEX_POINT ( 'NONE', #2223 ) ;
#4771 = CIRCLE ( 'NONE', #4033, 0.2999999999999999334 ) ;
#4772 = CARTESIAN_POINT ( 'NONE',  ( 13.80000000000000071, 0.4999999999999996669, -12.59160797830996259 ) ) ;
#4773 = VERTEX_POINT ( 'NONE', #1080 ) ;
#4774 = SURFACE_STYLE_USAGE ( .BOTH. , #236 ) ;
#4775 = DIRECTION ( 'NONE',  ( 4.448008912761040848E-16, 0.000000000000000000, -1.000000000000000000 ) ) ;
#4776 = DIRECTION ( 'NONE',  ( 0.000000000000000000, 0.000000000000000000, -1.000000000000000000 ) ) ;
#4777 =( GEOMETRIC_REPRESENTATION_CONTEXT ( 3 ) GLOBAL_UNCERTAINTY_ASSIGNED_CONTEXT ( ( #1820 ) ) GLOBAL_UNIT_ASSIGNED_CONTEXT ( ( #7066, #914, #2577 ) ) REPRESENTATION_CONTEXT ( 'NONE', 'WORKASPACE' ) );
#4778 = PRESENTATION_LAYER_ASSIGNMENT (  '', '', ( #635 ) ) ;
#4779 = COLOUR_RGB ( '',0.7921568627450980005, 0.8196078431372548767, 0.9333333333333333481 ) ;
#4780 =( NAMED_UNIT ( * ) PLANE_ANGLE_UNIT ( ) SI_UNIT ( $, .RADIAN. ) );
#4781 = ORIENTED_EDGE ( 'NONE', *, *, #2091, .F. ) ;
#4782 = FILL_AREA_STYLE_COLOUR ( '', #4889 ) ;
#4783 = CYLINDRICAL_SURFACE ( 'NONE', #2982, 0.3000000000000016542 ) ;
#4784 = ORIENTED_EDGE ( 'NONE', *, *, #1735, .T. ) ;
#4785 = FILL_AREA_STYLE ('',( #6391 ) ) ;
#4786 = ORIENTED_EDGE ( 'NONE', *, *, #1033, .T. ) ;
#4787 = VECTOR ( 'NONE', #1110, 1000.000000000000114 ) ;
#4788 = FACE_BOUND ( 'NONE', #4444, .T. ) ;
#4789 = DIRECTION ( 'NONE',  ( -0.000000000000000000, 0.000000000000000000, 1.000000000000000000 ) ) ;
#4790 = CARTESIAN_POINT ( 'NONE',  ( -13.50000000000000178, 83.05825363168716535, -16.00000000000000000 ) ) ;
#4791 = ORIENTED_EDGE ( 'NONE', *, *, #3605, .T. ) ;
#4792 = SURFACE_STYLE_FILL_AREA ( #2509 ) ;
#4793 =( GEOMETRIC_REPRESENTATION_CONTEXT ( 3 ) GLOBAL_UNCERTAINTY_ASSIGNED_CONTEXT ( ( #3886 ) ) GLOBAL_UNIT_ASSIGNED_CONTEXT ( ( #2574, #5418, #1512 ) ) REPRESENTATION_CONTEXT ( 'NONE', 'WORKASPACE' ) );
#4794 = CARTESIAN_POINT ( 'NONE',  ( 1.111973789546966573, 20.19999999999999929, 3.236890265354753993 ) ) ;
#4795 = SURFACE_STYLE_FILL_AREA ( #287 ) ;
#4796 = FILL_AREA_STYLE ('',( #6402 ) ) ;
#4797 = CARTESIAN_POINT ( 'NONE',  ( -9.400000000000002132, 0.5000000000000000000, -3.199999999999997957 ) ) ;
#4798 = CIRCLE ( 'NONE', #1477, 0.09999999999999939493 ) ;
#4799 = AXIS2_PLACEMENT_3D ( 'NONE', #6478, #3030, #3739 ) ;
#4800 = EDGE_CURVE ( 'NONE', #2176, #779, #4381, .T. ) ;
#4801 = PRESENTATION_LAYER_ASSIGNMENT (  '', '', ( #421 ) ) ;
#4802 = VERTEX_POINT ( 'NONE', #1600 ) ;
#4803 = SURFACE_STYLE_FILL_AREA ( #4273 ) ;
#4804 =( LENGTH_UNIT ( ) NAMED_UNIT ( * ) SI_UNIT ( .MILLI., .METRE. ) );
#4805 = LINE ( 'NONE', #4277, #264 ) ;
#4806 = DIRECTION ( 'NONE',  ( -1.000000000000000000, -0.000000000000000000, -0.000000000000000000 ) ) ;
#4807 = VERTEX_POINT ( 'NONE', #5667 ) ;
#4808 = MECHANICAL_DESIGN_GEOMETRIC_PRESENTATION_REPRESENTATION (  '', ( #4328 ), #3004 ) ;
#4809 = ADVANCED_FACE ( 'NONE', ( #6130, #969 ), #2751, .T. ) ;
#4810 = SURFACE_STYLE_USAGE ( .BOTH. , #5375 ) ;
#4811 = ORIENTED_EDGE ( 'NONE', *, *, #4394, .F. ) ;
#4812 = PRESENTATION_STYLE_ASSIGNMENT (( #755 ) ) ;
#4813 = LINE ( 'NONE', #756, #4756 ) ;
#4814 = CARTESIAN_POINT ( 'NONE',  ( 8.400000000000000355, -2.700000000118052412, -5.699999999999998401 ) ) ;
#4815 = MECHANICAL_DESIGN_GEOMETRIC_PRESENTATION_REPRESENTATION (  '', ( #2900 ), #7213 ) ;
#4816 = CARTESIAN_POINT ( 'NONE',  ( 7.500000000000002665, 0.5000000000000000000, 12.00000000000000000 ) ) ;
#4817 = AXIS2_PLACEMENT_3D ( 'NONE', #428, #3261, #1057 ) ;
#4818 = ORIENTED_EDGE ( 'NONE', *, *, #84, .T. ) ;
#4819 = DIRECTION ( 'NONE',  ( 0.000000000000000000, 1.000000000000000000, 0.000000000000000000 ) ) ;
#4820 = VERTEX_POINT ( 'NONE', #1560 ) ;
#4821 = SURFACE_SIDE_STYLE ('',( #2432 ) ) ;
#4822 = CYLINDRICAL_SURFACE ( 'NONE', #4680, 0.8000000000000008216 ) ;
#4823 = VECTOR ( 'NONE', #3500, 1000.000000000000000 ) ;
#4824 =( GEOMETRIC_REPRESENTATION_CONTEXT ( 3 ) GLOBAL_UNCERTAINTY_ASSIGNED_CONTEXT ( ( #291 ) ) GLOBAL_UNIT_ASSIGNED_CONTEXT ( ( #2076, #3274, #1589 ) ) REPRESENTATION_CONTEXT ( 'NONE', 'WORKASPACE' ) );
#4825 = LINE ( 'NONE', #4749, #2808 ) ;
#4826 = STYLED_ITEM ( 'NONE', ( #67 ), #5705 ) ;
#4827 = MANIFOLD_SOLID_BREP ( 'Imported2', #6428 ) ;
#4828 = ORIENTED_EDGE ( 'NONE', *, *, #6064, .F. ) ;
#4829 = AXIS2_PLACEMENT_3D ( 'NONE', #7261, #2728, #948 ) ;
#4830 = CARTESIAN_POINT ( 'NONE',  ( -0.7049049089357474207, 20.39999999999999147, 2.310210974435983999 ) ) ;
#4831 = ORIENTED_EDGE ( 'NONE', *, *, #6909, .T. ) ;
#4832 = LINE ( 'NONE', #7242, #3745 ) ;
#4833 =( GEOMETRIC_REPRESENTATION_CONTEXT ( 3 ) GLOBAL_UNCERTAINTY_ASSIGNED_CONTEXT ( ( #5521 ) ) GLOBAL_UNIT_ASSIGNED_CONTEXT ( ( #4115, #1318, #5337 ) ) REPRESENTATION_CONTEXT ( 'NONE', 'WORKASPACE' ) );
#4834 = UNCERTAINTY_MEASURE_WITH_UNIT (LENGTH_MEASURE( 1.000000000000000082E-05 ), #7310, 'distance_accuracy_value', 'NONE');
#4835 = FACE_OUTER_BOUND ( 'NONE', #2930, .T. ) ;
#4836 = MECHANICAL_DESIGN_GEOMETRIC_PRESENTATION_REPRESENTATION (  '', ( #3502 ), #5569 ) ;
#4837 = DIRECTION ( 'NONE',  ( -1.000000000000000000, 0.000000000000000000, 2.655188993842048968E-16 ) ) ;
#4838 = VECTOR ( 'NONE', #6294, 1000.000000000000000 ) ;
#4839 = SURFACE_STYLE_FILL_AREA ( #6568 ) ;
#4840 = MECHANICAL_DESIGN_GEOMETRIC_PRESENTATION_REPRESENTATION (  '', ( #2326 ), #1050 ) ;
#4841 = SURFACE_SIDE_STYLE ('',( #4803 ) ) ;
#4842 = CARTESIAN_POINT ( 'NONE',  ( -9.150000000000002132, 40.93805269026350402, 13.79999999999999893 ) ) ;
#4843 = CARTESIAN_POINT ( 'NONE',  ( 8.500000000000000000, 0.5000000000000004441, 15.69999999999999929 ) ) ;
#4844 = CARTESIAN_POINT ( 'NONE',  ( -9.750000000000001776, 20.39999999999999858, 0.1499999999999998002 ) ) ;
#4845 = FACE_OUTER_BOUND ( 'NONE', #2238, .T. ) ;
#4846 = EDGE_CURVE ( 'NONE', #1709, #4326, #5034, .T. ) ;
#4847 = VERTEX_POINT ( 'NONE', #1182 ) ;
#4848 = DIRECTION ( 'NONE',  ( 0.000000000000000000, 0.000000000000000000, -1.000000000000000000 ) ) ;
#4849 = SURFACE_SIDE_STYLE ('',( #3045 ) ) ;
#4850 = EDGE_LOOP ( 'NONE', ( #1597, #1695, #3107, #6175 ) ) ;
#4851 =( LENGTH_UNIT ( ) NAMED_UNIT ( * ) SI_UNIT ( .MILLI., .METRE. ) );
#4852 = CARTESIAN_POINT ( 'NONE',  ( -12.20000000000000284, 20.39999999999999858, 0.1499999999999998002 ) ) ;
#4853 = SURFACE_SIDE_STYLE ('',( #1882 ) ) ;
#4854 =( NAMED_UNIT ( * ) PLANE_ANGLE_UNIT ( ) SI_UNIT ( $, .RADIAN. ) );
#4855 = EDGE_CURVE ( 'NONE', #6457, #6592, #4599, .T. ) ;
#4856 = ADVANCED_FACE ( 'NONE', ( #4673 ), #4690, .T. ) ;
#4857 = SURFACE_SIDE_STYLE ('',( #3834 ) ) ;
#4858 = CARTESIAN_POINT ( 'NONE',  ( -5.600000000000000533, 1.000000000000000000, 9.500000000000001776 ) ) ;
#4859 = DIRECTION ( 'NONE',  ( 0.000000000000000000, 0.000000000000000000, 1.000000000000000000 ) ) ;
#4860 = ORIENTED_EDGE ( 'NONE', *, *, #3796, .T. ) ;
#4861 = PLANE ( 'NONE',  #7056 ) ;
#4862 = ORIENTED_EDGE ( 'NONE', *, *, #6357, .F. ) ;
#4863 = CARTESIAN_POINT ( 'NONE',  ( -12.30000000000000249, 20.29999999999999716, -14.50000000000000178 ) ) ;
#4864 = PRESENTATION_STYLE_ASSIGNMENT (( #1962 ) ) ;
#4865 = ORIENTED_EDGE ( 'NONE', *, *, #7338, .F. ) ;
#4866 = CARTESIAN_POINT ( 'NONE',  ( 6.175735931288074632, 20.29999999999999716, -15.69999999999999929 ) ) ;
#4867 = UNCERTAINTY_MEASURE_WITH_UNIT (LENGTH_MEASURE( 1.000000000000000082E-05 ), #5687, 'distance_accuracy_value', 'NONE');
#4868 = ADVANCED_FACE ( 'NONE', ( #5814 ), #2945, .F. ) ;
#4869 = AXIS2_PLACEMENT_3D ( 'NONE', #5692, #3346, #3408 ) ;
#4870 = VERTEX_POINT ( 'NONE', #6549 ) ;
#4871 = DIRECTION ( 'NONE',  ( 1.000000000000000000, 0.000000000000000000, 0.000000000000000000 ) ) ;
#4872 = VECTOR ( 'NONE', #1078, 1000.000000000000000 ) ;
#4873 = ORIENTED_EDGE ( 'NONE', *, *, #463, .F. ) ;
#4874 = FILL_AREA_STYLE ('',( #849 ) ) ;
#4875 = UNCERTAINTY_MEASURE_WITH_UNIT (LENGTH_MEASURE( 1.000000000000000082E-05 ), #5252, 'distance_accuracy_value', 'NONE');
#4876 = DIRECTION ( 'NONE',  ( 0.000000000000000000, 0.000000000000000000, 1.000000000000000000 ) ) ;
#4877 =( NAMED_UNIT ( * ) SI_UNIT ( $, .STERADIAN. ) SOLID_ANGLE_UNIT ( ) );
#4878 = SURFACE_SIDE_STYLE ('',( #1565 ) ) ;
#4879 = COLOUR_RGB ( '',0.7921568627450980005, 0.8196078431372548767, 0.9333333333333333481 ) ;
#4880 = STYLED_ITEM ( 'NONE', ( #344 ), #1132 ) ;
#4881 = COLOUR_RGB ( '',0.000000000000000000, 0.000000000000000000, 1.000000000000000000 ) ;
#4882 = DIRECTION ( 'NONE',  ( -1.000000000000000000, 0.000000000000000000, -1.122798366328030394E-16 ) ) ;
#4883 = PLANE ( 'NONE',  #2039 ) ;
#4884 = CYLINDRICAL_SURFACE ( 'NONE', #6747, 0.09999999999999939493 ) ;
#4885 = AXIS2_PLACEMENT_3D ( 'NONE', #615, #22, #4547 ) ;
#4886 = DIRECTION ( 'NONE',  ( 0.000000000000000000, 0.000000000000000000, -1.000000000000000000 ) ) ;
#4887 = CARTESIAN_POINT ( 'NONE',  ( -12.50000000000000355, 1.000000000000000888, -14.69999999999999929 ) ) ;
#4888 = VECTOR ( 'NONE', #3483, 1000.000000000000000 ) ;
#4889 = COLOUR_RGB ( '',0.2509803921568627416, 0.2509803921568627416, 0.2509803921568627416 ) ;
#4890 = DIRECTION ( 'NONE',  ( 0.000000000000000000, 0.000000000000000000, 1.000000000000000000 ) ) ;
#4891 =( GEOMETRIC_REPRESENTATION_CONTEXT ( 3 ) GLOBAL_UNCERTAINTY_ASSIGNED_CONTEXT ( ( #5850 ) ) GLOBAL_UNIT_ASSIGNED_CONTEXT ( ( #1686, #2095, #4964 ) ) REPRESENTATION_CONTEXT ( 'NONE', 'WORKASPACE' ) );
#4892 = ORIENTED_EDGE ( 'NONE', *, *, #3508, .F. ) ;
#4893 = EDGE_CURVE ( 'NONE', #5339, #5426, #1485, .T. ) ;
#4894 = SURFACE_SIDE_STYLE ('',( #4933 ) ) ;
#4895 = CARTESIAN_POINT ( 'NONE',  ( -11.38578643762690668, 0.4166666666666667407, -11.50699335140836510 ) ) ;
#4896 = DIRECTION ( 'NONE',  ( 0.000000000000000000, 1.000000000000000000, 0.000000000000000000 ) ) ;
#4897 = MECHANICAL_DESIGN_GEOMETRIC_PRESENTATION_REPRESENTATION (  '', ( #2374 ), #728 ) ;
#4898 = FILL_AREA_STYLE_COLOUR ( '', #2831 ) ;
#4899 = ORIENTED_EDGE ( 'NONE', *, *, #75, .F. ) ;
#4900 = CARTESIAN_POINT ( 'NONE',  ( -10.05000000000000426, 1.000000000000000888, 7.700000000000002842 ) ) ;
#4901 = EDGE_CURVE ( 'NONE', #1626, #3185, #5318, .T. ) ;
#4902 = VECTOR ( 'NONE', #6279, 1000.000000000000000 ) ;
#4903 = ORIENTED_EDGE ( 'NONE', *, *, #2833, .F. ) ;
#4904 = CARTESIAN_POINT ( 'NONE',  ( -0.1734704259402593818, 20.19999999999999929, 2.222584994874663877 ) ) ;
#4905 = ORIENTED_EDGE ( 'NONE', *, *, #629, .F. ) ;
#4906 = FILL_AREA_STYLE ('',( #1966 ) ) ;
#4907 =( GEOMETRIC_REPRESENTATION_CONTEXT ( 3 ) GLOBAL_UNCERTAINTY_ASSIGNED_CONTEXT ( ( #2040 ) ) GLOBAL_UNIT_ASSIGNED_CONTEXT ( ( #3439, #712, #4689 ) ) REPRESENTATION_CONTEXT ( 'NONE', 'WORKASPACE' ) );
#4908 = SURFACE_STYLE_FILL_AREA ( #4301 ) ;
#4909 = ADVANCED_FACE ( 'NONE', ( #1484, #4788 ), #2589, .T. ) ;
#4910 = CARTESIAN_POINT ( 'NONE',  ( -0.1150492651865384630, 20.39999999999999503, 1.801838169184686755 ) ) ;
#4911 = EDGE_CURVE ( 'NONE', #4098, #1616, #4929, .T. ) ;
#4912 = PRESENTATION_LAYER_ASSIGNMENT (  '', '', ( #1219 ) ) ;
#4913 = ORIENTED_EDGE ( 'NONE', *, *, #4045, .F. ) ;
#4914 = PLANE ( 'NONE',  #7199 ) ;
#4915 = DIRECTION ( 'NONE',  ( 0.000000000000000000, 0.000000000000000000, 1.000000000000000000 ) ) ;
#4916 = FILL_AREA_STYLE_COLOUR ( '', #1858 ) ;
#4917 = UNCERTAINTY_MEASURE_WITH_UNIT (LENGTH_MEASURE( 1.000000000000000082E-05 ), #3292, 'distance_accuracy_value', 'NONE');
#4918 =( LENGTH_UNIT ( ) NAMED_UNIT ( * ) SI_UNIT ( .MILLI., .METRE. ) );
#4919 = MECHANICAL_DESIGN_GEOMETRIC_PRESENTATION_REPRESENTATION (  '', ( #5273 ), #1113 ) ;
#4920 = EDGE_CURVE ( 'NONE', #175, #2310, #5952, .T. ) ;
#4921 = MECHANICAL_DESIGN_GEOMETRIC_PRESENTATION_REPRESENTATION (  '', ( #751 ), #5884 ) ;
#4922 = CARTESIAN_POINT ( 'NONE',  ( -11.35000000000000320, 0.5000000000000004441, 2.050000000000003375 ) ) ;
#4923 =( NAMED_UNIT ( * ) PLANE_ANGLE_UNIT ( ) SI_UNIT ( $, .RADIAN. ) );
#4924 = SURFACE_STYLE_USAGE ( .BOTH. , #3228 ) ;
#4925 = COLOUR_RGB ( '',0.2509803921568627416, 0.2509803921568627416, 0.2509803921568627416 ) ;
#4926 = DIRECTION ( 'NONE',  ( 1.000000000000000000, 0.000000000000000000, 0.000000000000000000 ) ) ;
#4927 = FILL_AREA_STYLE_COLOUR ( '', #1387 ) ;
#4928 = CONICAL_SURFACE ( 'NONE', #6836, 0.3999999999875838985, 0.1745329252159654454 ) ;
#4929 = CIRCLE ( 'NONE', #6952, 0.2999999999999999334 ) ;
#4930 = PLANE ( 'NONE',  #6173 ) ;
#4931 = ORIENTED_EDGE ( 'NONE', *, *, #6861, .F. ) ;
#4932 = CARTESIAN_POINT ( 'NONE',  ( -13.79999999999999893, 0.4166666666666667407, -12.49300664859163668 ) ) ;
#4933 = SURFACE_STYLE_FILL_AREA ( #6577 ) ;
#4934 = SURFACE_STYLE_FILL_AREA ( #988 ) ;
#4935 = CARTESIAN_POINT ( 'NONE',  ( -12.50000000000000355, 1.500000000000000000, -14.69999999999999929 ) ) ;
#4936 = VECTOR ( 'NONE', #1545, 1000.000000000000000 ) ;
#4937 = FACE_OUTER_BOUND ( 'NONE', #3756, .T. ) ;
#4938 = VERTEX_POINT ( 'NONE', #4214 ) ;
#4939 = CARTESIAN_POINT ( 'NONE',  ( -1.344314575050760130, 20.19999999999999929, 2.057842712474617919 ) ) ;
#4940 = SURFACE_STYLE_USAGE ( .BOTH. , #3213 ) ;
#4941 = FACE_OUTER_BOUND ( 'NONE', #3176, .T. ) ;
#4942 = UNCERTAINTY_MEASURE_WITH_UNIT (LENGTH_MEASURE( 1.000000000000000082E-05 ), #1396, 'distance_accuracy_value', 'NONE');
#4943 = CARTESIAN_POINT ( 'NONE',  ( -9.150000000000002132, 0.5000000000000004441, 13.79999999999999893 ) ) ;
#4944 = ADVANCED_FACE ( 'NONE', ( #5886 ), #4822, .T. ) ;
#4945 = CARTESIAN_POINT ( 'NONE',  ( 7.500000000000002665, 1.000000000000000888, 14.99999999999999645 ) ) ;
#4946 = DIRECTION ( 'NONE',  ( 0.000000000000000000, -1.000000000000000000, -0.000000000000000000 ) ) ;
#4947 = ORIENTED_EDGE ( 'NONE', *, *, #7150, .F. ) ;
#4948 =( NAMED_UNIT ( * ) PLANE_ANGLE_UNIT ( ) SI_UNIT ( $, .RADIAN. ) );
#4949 =( GEOMETRIC_REPRESENTATION_CONTEXT ( 3 ) GLOBAL_UNCERTAINTY_ASSIGNED_CONTEXT ( ( #5159 ) ) GLOBAL_UNIT_ASSIGNED_CONTEXT ( ( #580, #3894, #5111 ) ) REPRESENTATION_CONTEXT ( 'NONE', 'WORKASPACE' ) );
#4950 = COLOUR_RGB ( '',0.000000000000000000, 0.000000000000000000, 1.000000000000000000 ) ;
#4951 = MECHANICAL_DESIGN_GEOMETRIC_PRESENTATION_REPRESENTATION (  '', ( #5302 ), #3972 ) ;
#4952 = UNCERTAINTY_MEASURE_WITH_UNIT (LENGTH_MEASURE( 1.000000000000000082E-05 ), #322, 'distance_accuracy_value', 'NONE');
#4953 = CARTESIAN_POINT ( 'NONE',  ( 7.800000000000000711, 1.500000000000000000, -3.949999999999998845 ) ) ;
#4954 = FACE_OUTER_BOUND ( 'NONE', #6693, .T. ) ;
#4955 = PRESENTATION_STYLE_ASSIGNMENT (( #5484 ) ) ;
#4956 = ADVANCED_FACE ( 'NONE', ( #3020 ), #881, .F. ) ;
#4957 = EDGE_CURVE ( 'NONE', #7260, #5389, #5470, .T. ) ;
#4958 = DIRECTION ( 'NONE',  ( -0.000000000000000000, 1.000000000000000000, -0.000000000000000000 ) ) ;
#4959 = VECTOR ( 'NONE', #5635, 1000.000000000000000 ) ;
#4960 = COLOUR_RGB ( '',0.000000000000000000, 0.000000000000000000, 1.000000000000000000 ) ;
#4961 = FILL_AREA_STYLE ('',( #4501 ) ) ;
#4962 = SURFACE_STYLE_USAGE ( .BOTH. , #6702 ) ;
#4963 = COLOUR_RGB ( '',0.7921568627450980005, 0.8196078431372548767, 0.9333333333333333481 ) ;
#4964 =( NAMED_UNIT ( * ) SI_UNIT ( $, .STERADIAN. ) SOLID_ANGLE_UNIT ( ) );
#4965 = LINE ( 'NONE', #6640, #3855 ) ;
#4966 = STYLED_ITEM ( 'NONE', ( #5297 ), #3404 ) ;
#4967 = FILL_AREA_STYLE ('',( #14 ) ) ;
#4968 = FILL_AREA_STYLE_COLOUR ( '', #5073 ) ;
#4969 = VECTOR ( 'NONE', #3231, 1000.000000000000000 ) ;
#4970 = CARTESIAN_POINT ( 'NONE',  ( 12.80000000000000249, 1.000000000000000888, -4.549999999999998934 ) ) ;
#4971 = LINE ( 'NONE', #3200, #3864 ) ;
#4972 = CARTESIAN_POINT ( 'NONE',  ( 10.20000000000000107, 1.000000000000000888, 15.00000000000000000 ) ) ;
#4973 =( NAMED_UNIT ( * ) PLANE_ANGLE_UNIT ( ) SI_UNIT ( $, .RADIAN. ) );
#4974 = SURFACE_STYLE_FILL_AREA ( #5421 ) ;
#4975 = VERTEX_POINT ( 'NONE', #5545 ) ;
#4976 =( GEOMETRIC_REPRESENTATION_CONTEXT ( 3 ) GLOBAL_UNCERTAINTY_ASSIGNED_CONTEXT ( ( #97 ) ) GLOBAL_UNIT_ASSIGNED_CONTEXT ( ( #7197, #5588, #6656 ) ) REPRESENTATION_CONTEXT ( 'NONE', 'WORKASPACE' ) );
#4977 =( NAMED_UNIT ( * ) SI_UNIT ( $, .STERADIAN. ) SOLID_ANGLE_UNIT ( ) );
#4978 = ORIENTED_EDGE ( 'NONE', *, *, #1226, .F. ) ;
#4979 = DIRECTION ( 'NONE',  ( 0.000000000000000000, -1.000000000000000000, 0.000000000000000000 ) ) ;
#4980 = LINE ( 'NONE', #3802, #959 ) ;
#4981 = MECHANICAL_DESIGN_GEOMETRIC_PRESENTATION_REPRESENTATION (  '', ( #4966 ), #1155 ) ;
#4982 = SURFACE_STYLE_USAGE ( .BOTH. , #6120 ) ;
#4983 = CARTESIAN_POINT ( 'NONE',  ( -11.65000000000000036, 0.5000000000000004441, 2.049999999999999822 ) ) ;
#4984 = CARTESIAN_POINT ( 'NONE',  ( -11.60000000000000497, 40.93805269026350402, -13.79999999999999893 ) ) ;
#4985 = FILL_AREA_STYLE_COLOUR ( '', #7365 ) ;
#4986 = LINE ( 'NONE', #452, #3052 ) ;
#4987 = SURFACE_SIDE_STYLE ('',( #3881 ) ) ;
#4988 = ORIENTED_EDGE ( 'NONE', *, *, #462, .T. ) ;
#4989 = CARTESIAN_POINT ( 'NONE',  ( 11.60000000000000142, 40.93805269026350402, -13.79999999999999716 ) ) ;
#4990 = ORIENTED_EDGE ( 'NONE', *, *, #2279, .F. ) ;
#4991 = EDGE_CURVE ( 'NONE', #5093, #2748, #2668, .T. ) ;
#4992 = CARTESIAN_POINT ( 'NONE',  ( 0.6768902653547140824, 20.20000000000000995, 2.128026210453021427 ) ) ;
#4993 =( BOUNDED_SURFACE ( )  B_SPLINE_SURFACE ( 3, 3, ( 
 ( #5495, #1948, #869, #3163 ),
 ( #3125, #4196, #6493, #2572 ),
 ( #386, #7177, #1434, #2653 ),
 ( #7215, #5415, #2067, #1403 ) ),
 .UNSPECIFIED., .F., .F., .F. ) 
 B_SPLINE_SURFACE_WITH_KNOTS ( ( 4, 4 ),
 ( 4, 4 ),
 ( 0.000000000000000000, 1.000000000000000000 ),
 ( 0.000000000000000000, 1.000000000000000000 ),
 .UNSPECIFIED. ) 
 GEOMETRIC_REPRESENTATION_ITEM ( )  RATIONAL_B_SPLINE_SURFACE ( (
 ( 1.000000000000000000, 0.3333333333333334259, 0.3333333333333334259, 1.000000000000000000),
 ( 0.9106836025229680942, 0.3035612008409894758, 0.3035612008409894758, 0.9106836025229680942),
 ( 0.9106836025229680942, 0.3035612008409894758, 0.3035612008409894758, 0.9106836025229680942),
 ( 1.000000000000000000, 0.3333333333333334259, 0.3333333333333334259, 1.000000000000000000) ) ) 
 REPRESENTATION_ITEM ( '' )  SURFACE ( )  );
#4994 = SURFACE_STYLE_FILL_AREA ( #6696 ) ;
#4995 = SURFACE_SIDE_STYLE ('',( #6739 ) ) ;
#4996 = UNCERTAINTY_MEASURE_WITH_UNIT (LENGTH_MEASURE( 1.000000000000000082E-05 ), #5300, 'distance_accuracy_value', 'NONE');
#4997 = MECHANICAL_DESIGN_GEOMETRIC_PRESENTATION_REPRESENTATION (  '', ( #5718 ), #1310 ) ;
#4998 = SURFACE_SIDE_STYLE ('',( #6701 ) ) ;
#4999 = EDGE_CURVE ( 'NONE', #399, #6981, #2631, .T. ) ;
#5000 =( NAMED_UNIT ( * ) SI_UNIT ( $, .STERADIAN. ) SOLID_ANGLE_UNIT ( ) );
#5001 = FILL_AREA_STYLE_COLOUR ( '', #3948 ) ;
#5002 = DIRECTION ( 'NONE',  ( -1.000000000000000000, 0.000000000000000000, 3.540251991789400432E-16 ) ) ;
#5003 = AXIS2_PLACEMENT_3D ( 'NONE', #1416, #3650, #5883 ) ;
#5004 = DIRECTION ( 'NONE',  ( 0.000000000000000000, -1.000000000000000000, 0.000000000000000000 ) ) ;
#5005 = DIRECTION ( 'NONE',  ( 0.000000000000000000, -1.000000000000000000, 0.000000000000000000 ) ) ;
#5006 = FILL_AREA_STYLE_COLOUR ( '', #4779 ) ;
#5007 = CARTESIAN_POINT ( 'NONE',  ( 6.599999999999997868, 1.000000000000000444, -13.29999999999999893 ) ) ;
#5008 = MECHANICAL_DESIGN_GEOMETRIC_PRESENTATION_REPRESENTATION (  '', ( #1553 ), #4272 ) ;
#5009 = DIRECTION ( 'NONE',  ( -0.000000000000000000, 1.000000000000000000, -0.000000000000000000 ) ) ;
#5010 = ORIENTED_EDGE ( 'NONE', *, *, #1465, .T. ) ;
#5011 = EDGE_CURVE ( 'NONE', #6811, #3712, #6727, .T. ) ;
#5012 = CARTESIAN_POINT ( 'NONE',  ( 7.500000000000002665, 1.000000000000000888, 14.69999999999999929 ) ) ;
#5013 = ADVANCED_FACE ( 'NONE', ( #4337 ), #1522, .F. ) ;
#5014 =( NAMED_UNIT ( * ) PLANE_ANGLE_UNIT ( ) SI_UNIT ( $, .RADIAN. ) );
#5015 = CLOSED_SHELL ( 'NONE', ( #4856, #1817, #2090, #4577, #2388, #1176, #5726, #1831, #1125, #2932, #2561, #6553, #2080, #1947, #3197, #4061, #3378, #6824, #1857, #6112, #3638, #3738, #3290, #6852, #6409, #4702, #2430, #4442, #2810, #4648, #6997, #4868, #1689, #2521, #675, #5301, #5272, #6271, #5054, #6631, #5013, #1901, #6545, #3204, #30, #3842, #7389, #1593, #1711, #3368, #3844, #3691, #4712, #3404, #5270, #256, #1358, #6031, #2261, #6281, #1407, #845, #3833, #2886, #1132, #2323, #353, #4809, #3748, #3414, #1771, #3869 ) ) ;
#5016 = COLOUR_RGB ( '',0.000000000000000000, 0.000000000000000000, 1.000000000000000000 ) ;
#5017 = STYLED_ITEM ( 'NONE', ( #6912 ), #675 ) ;
#5018 = ORIENTED_EDGE ( 'NONE', *, *, #5169, .T. ) ;
#5019 =( GEOMETRIC_REPRESENTATION_CONTEXT ( 3 ) GLOBAL_UNCERTAINTY_ASSIGNED_CONTEXT ( ( #404 ) ) GLOBAL_UNIT_ASSIGNED_CONTEXT ( ( #6894, #118, #4110 ) ) REPRESENTATION_CONTEXT ( 'NONE', 'WORKASPACE' ) );
#5020 = CARTESIAN_POINT ( 'NONE',  ( 0.000000000000000000, 20.29999999999999716, -4.850000000000000533 ) ) ;
#5021 = EDGE_LOOP ( 'NONE', ( #5129, #7344, #3798, #3182 ) ) ;
#5022 = CARTESIAN_POINT ( 'NONE',  ( 12.50000000000000178, 1.000000000000000888, -14.69999999999999929 ) ) ;
#5023 = MECHANICAL_DESIGN_GEOMETRIC_PRESENTATION_REPRESENTATION (  '', ( #4408 ), #2495 ) ;
#5024 = SURFACE_SIDE_STYLE ('',( #1549 ) ) ;
#5025 = FACE_OUTER_BOUND ( 'NONE', #3863, .T. ) ;
#5026 = SURFACE_SIDE_STYLE ('',( #998 ) ) ;
#5027 = DIRECTION ( 'NONE',  ( -1.000000000000000000, 0.000000000000000000, -2.077513144882404736E-16 ) ) ;
#5028 = STYLED_ITEM ( 'NONE', ( #571 ), #6791 ) ;
#5029 =( LENGTH_UNIT ( ) NAMED_UNIT ( * ) SI_UNIT ( .MILLI., .METRE. ) );
#5030 = SURFACE_STYLE_USAGE ( .BOTH. , #4987 ) ;
#5031 = ORIENTED_EDGE ( 'NONE', *, *, #7106, .F. ) ;
#5032 = LINE ( 'NONE', #528, #6774 ) ;
#5033 = ORIENTED_EDGE ( 'NONE', *, *, #342, .F. ) ;
#5034 = LINE ( 'NONE', #2983, #1714 ) ;
#5035 = PRESENTATION_LAYER_ASSIGNMENT (  '', '', ( #5378 ) ) ;
#5036 = UNCERTAINTY_MEASURE_WITH_UNIT (LENGTH_MEASURE( 1.000000000000000082E-05 ), #237, 'distance_accuracy_value', 'NONE');
#5037 = PRESENTATION_LAYER_ASSIGNMENT (  '', '', ( #1339 ) ) ;
#5038 = SHAPE_DEFINITION_REPRESENTATION ( #1659, #5999 ) ;
#5039 = ADVANCED_FACE ( 'NONE', ( #6688 ), #7350, .F. ) ;
#5040 = VECTOR ( 'NONE', #3872, 1000.000000000000000 ) ;
#5041 =( NAMED_UNIT ( * ) SI_UNIT ( $, .STERADIAN. ) SOLID_ANGLE_UNIT ( ) );
#5042 = CARTESIAN_POINT ( 'NONE',  ( 5.661522368914979175, 20.39999999999999858, -14.45857864376269397 ) ) ;
#5043 = DIRECTION ( 'NONE',  ( 0.000000000000000000, -0.000000000000000000, -1.000000000000000000 ) ) ;
#5044 = DIRECTION ( 'NONE',  ( -1.000000000000000000, 0.000000000000000000, 0.000000000000000000 ) ) ;
#5045 = MECHANICAL_DESIGN_GEOMETRIC_PRESENTATION_REPRESENTATION (  '', ( #1585 ), #3823 ) ;
#5046 = EDGE_CURVE ( 'NONE', #917, #4938, #2909, .T. ) ;
#5047 = DIRECTION ( 'NONE',  ( -0.000000000000000000, -1.000000000000000000, -0.000000000000000000 ) ) ;
#5048 = CARTESIAN_POINT ( 'NONE',  ( -13.80000000000000071, 0.5000000000000000000, -11.40839202169004096 ) ) ;
#5049 = ORIENTED_EDGE ( 'NONE', *, *, #2472, .T. ) ;
#5050 = PRESENTATION_STYLE_ASSIGNMENT (( #6674 ) ) ;
#5051 = AXIS2_PLACEMENT_3D ( 'NONE', #3946, #1070, #3841 ) ;
#5052 = PRESENTATION_STYLE_ASSIGNMENT (( #6143 ) ) ;
#5053 = VERTEX_POINT ( 'NONE', #63 ) ;
#5054 = ADVANCED_FACE ( 'NONE', ( #3449 ), #7391, .F. ) ;
#5055 = EDGE_CURVE ( 'NONE', #3419, #6811, #3723, .T. ) ;
#5056 = CARTESIAN_POINT ( 'NONE',  ( 13.50000000000000000, 18.39999999999999858, -16.00000000000000000 ) ) ;
#5057 = DIRECTION ( 'NONE',  ( 1.000000000000000000, -0.000000000000000000, -0.000000000000000000 ) ) ;
#5058 = ORIENTED_EDGE ( 'NONE', *, *, #2093, .T. ) ;
#5059 = DIRECTION ( 'NONE',  ( -1.000000000000000000, 0.000000000000000000, 0.000000000000000000 ) ) ;
#5060 = DIRECTION ( 'NONE',  ( 0.000000000000000000, 0.000000000000000000, 1.000000000000000000 ) ) ;
#5061 =( LENGTH_UNIT ( ) NAMED_UNIT ( * ) SI_UNIT ( .MILLI., .METRE. ) );
#5062 = DIRECTION ( 'NONE',  ( -0.000000000000000000, 1.000000000000000000, -0.000000000000000000 ) ) ;
#5063 = STYLED_ITEM ( 'NONE', ( #484 ), #4956 ) ;
#5064 = DIRECTION ( 'NONE',  ( 1.217349807703022609E-16, 0.000000000000000000, -1.000000000000000000 ) ) ;
#5065 = VECTOR ( 'NONE', #3087, 999.9999999999998863 ) ;
#5066 = DIRECTION ( 'NONE',  ( -0.000000000000000000, 1.000000000000000000, -0.000000000000000000 ) ) ;
#5067 = ORIENTED_EDGE ( 'NONE', *, *, #2533, .F. ) ;
#5068 = DIRECTION ( 'NONE',  ( -1.495451272393798556E-16, 0.000000000000000000, 1.000000000000000000 ) ) ;
#5069 = VERTEX_POINT ( 'NONE', #4662 ) ;
#5070 = FILL_AREA_STYLE_COLOUR ( '', #977 ) ;
#5071 = CARTESIAN_POINT ( 'NONE',  ( -2.299999999999997158, 1.000000000000000888, 13.79999999999999893 ) ) ;
#5072 = MECHANICAL_DESIGN_GEOMETRIC_PRESENTATION_REPRESENTATION (  '', ( #3474 ), #5897 ) ;
#5073 = COLOUR_RGB ( '',0.2509803921568627416, 0.2509803921568627416, 0.2509803921568627416 ) ;
#5074 = AXIS2_PLACEMENT_3D ( 'NONE', #177, #3497, #1779 ) ;
#5075 = SURFACE_SIDE_STYLE ('',( #3891 ) ) ;
#5076 = DIRECTION ( 'NONE',  ( -0.7071067811865434649, 0.000000000000000000, 0.7071067811865516806 ) ) ;
#5077 = PLANE ( 'NONE',  #4694 ) ;
#5078 = COLOUR_RGB ( '',0.000000000000000000, 0.000000000000000000, 1.000000000000000000 ) ;
#5079 = DIRECTION ( 'NONE',  ( -1.000000000000000000, -0.000000000000000000, -0.000000000000000000 ) ) ;
#5080 = DIRECTION ( 'NONE',  ( -0.000000000000000000, 0.000000000000000000, 1.000000000000000000 ) ) ;
#5081 = CARTESIAN_POINT ( 'NONE',  ( -11.35000000000000320, 0.4000000000000000222, 12.59160797830996259 ) ) ;
#5082 =( GEOMETRIC_REPRESENTATION_CONTEXT ( 3 ) GLOBAL_UNCERTAINTY_ASSIGNED_CONTEXT ( ( #376 ) ) GLOBAL_UNIT_ASSIGNED_CONTEXT ( ( #5777, #6395, #4131 ) ) REPRESENTATION_CONTEXT ( 'NONE', 'WORKASPACE' ) );
#5083 = VERTEX_POINT ( 'NONE', #6907 ) ;
#5084 = CIRCLE ( 'NONE', #4707, 0.5000000000000004441 ) ;
#5085 = CARTESIAN_POINT ( 'NONE',  ( 1.300000000000002487, 1.000000000000000888, 15.00000000000000000 ) ) ;
#5086 = CARTESIAN_POINT ( 'NONE',  ( 7.500000000000002665, 0.4000000000000000222, 11.40839202169004096 ) ) ;
#5087 = ADVANCED_FACE ( 'NONE', ( #4049 ), #596, .T. ) ;
#5088 =( NAMED_UNIT ( * ) SI_UNIT ( $, .STERADIAN. ) SOLID_ANGLE_UNIT ( ) );
#5089 = SURFACE_STYLE_USAGE ( .BOTH. , #2800 ) ;
#5090 = EDGE_LOOP ( 'NONE', ( #2356, #966, #4988, #3490 ) ) ;
#5091 = PRESENTATION_LAYER_ASSIGNMENT (  '', '', ( #923 ) ) ;
#5092 = SURFACE_STYLE_FILL_AREA ( #2802 ) ;
#5093 = VERTEX_POINT ( 'NONE', #2496 ) ;
#5094 = CARTESIAN_POINT ( 'NONE',  ( 10.20000000000000107, 1.000000000000000888, 15.00000000000000000 ) ) ;
#5095 = EDGE_CURVE ( 'NONE', #3174, #5771, #4202, .T. ) ;
#5096 = SURFACE_STYLE_FILL_AREA ( #6258 ) ;
#5097 = VECTOR ( 'NONE', #3817, 1000.000000000000000 ) ;
#5098 = ORIENTED_EDGE ( 'NONE', *, *, #1793, .T. ) ;
#5099 =( LENGTH_UNIT ( ) NAMED_UNIT ( * ) SI_UNIT ( .MILLI., .METRE. ) );
#5100 = ORIENTED_EDGE ( 'NONE', *, *, #5011, .F. ) ;
#5101 = CARTESIAN_POINT ( 'NONE',  ( -12.50000000000000178, 1.000000000000000888, 0.7500000000000006661 ) ) ;
#5102 = EDGE_CURVE ( 'NONE', #6581, #2944, #6499, .T. ) ;
#5103 = VERTEX_POINT ( 'NONE', #3009 ) ;
#5104 = SURFACE_STYLE_FILL_AREA ( #7241 ) ;
#5105 = UNCERTAINTY_MEASURE_WITH_UNIT (LENGTH_MEASURE( 1.000000000000000082E-05 ), #872, 'distance_accuracy_value', 'NONE');
#5106 = PRESENTATION_STYLE_ASSIGNMENT (( #6697 ) ) ;
#5107 = PRESENTATION_STYLE_ASSIGNMENT (( #3542 ) ) ;
#5108 = LINE ( 'NONE', #5641, #6905 ) ;
#5109 = LINE ( 'NONE', #3431, #4360 ) ;
#5110 =( LENGTH_UNIT ( ) NAMED_UNIT ( * ) SI_UNIT ( .MILLI., .METRE. ) );
#5111 =( NAMED_UNIT ( * ) SI_UNIT ( $, .STERADIAN. ) SOLID_ANGLE_UNIT ( ) );
#5112 = DIRECTION ( 'NONE',  ( 0.000000000000000000, -0.000000000000000000, 1.000000000000000000 ) ) ;
#5113 = PLANE ( 'NONE',  #3630 ) ;
#5114 = ORIENTED_EDGE ( 'NONE', *, *, #1051, .F. ) ;
#5115 = MECHANICAL_DESIGN_GEOMETRIC_PRESENTATION_REPRESENTATION (  '', ( #6085 ), #5943 ) ;
#5116 = FACE_OUTER_BOUND ( 'NONE', #5798, .T. ) ;
#5117 = VECTOR ( 'NONE', #2393, 1000.000000000000000 ) ;
#5118 = EDGE_CURVE ( 'NONE', #3248, #601, #723, .T. ) ;
#5119 = FILL_AREA_STYLE ('',( #5192 ) ) ;
#5120 = VERTEX_POINT ( 'NONE', #7140 ) ;
#5121 =( NAMED_UNIT ( * ) SI_UNIT ( $, .STERADIAN. ) SOLID_ANGLE_UNIT ( ) );
#5122 = CARTESIAN_POINT ( 'NONE',  ( -9.400000000000002132, -2.699999999999900258, -4.000000000012211565 ) ) ;
#5123 = CLOSED_SHELL ( 'NONE', ( #3164, #167, #4253, #5769, #3152, #1859 ) ) ;
#5124 = DIRECTION ( 'NONE',  ( 0.000000000000000000, 0.9848077530141237101, 0.1736481776560657164 ) ) ;
#5125 = AXIS2_PLACEMENT_3D ( 'NONE', #1165, #4036, #4647 ) ;
#5126 = EDGE_CURVE ( 'NONE', #2933, #5230, #7065, .T. ) ;
#5127 = AXIS2_PLACEMENT_3D ( 'NONE', #1625, #1586, #1032 ) ;
#5128 = CIRCLE ( 'NONE', #3433, 1.500000000000000000 ) ;
#5129 = ORIENTED_EDGE ( 'NONE', *, *, #1540, .T. ) ;
#5130 = VERTEX_POINT ( 'NONE', #2461 ) ;
#5131 = CARTESIAN_POINT ( 'NONE',  ( 0.3400000000000032996, 20.39999999999999858, 4.088567449039156365 ) ) ;
#5132 =( NAMED_UNIT ( * ) SI_UNIT ( $, .STERADIAN. ) SOLID_ANGLE_UNIT ( ) );
#5133 = MECHANICAL_DESIGN_GEOMETRIC_PRESENTATION_REPRESENTATION (  '', ( #5028 ), #2863 ) ;
#5134 = EDGE_CURVE ( 'NONE', #1294, #4668, #1883, .T. ) ;
#5135 = ORIENTED_EDGE ( 'NONE', *, *, #7139, .T. ) ;
#5136 = VECTOR ( 'NONE', #6146, 1000.000000000000000 ) ;
#5137 = CYLINDRICAL_SURFACE ( 'NONE', #651, 0.3000000000000016542 ) ;
#5138 = SURFACE_SIDE_STYLE ('',( #3507 ) ) ;
#5139 = SURFACE_STYLE_FILL_AREA ( #576 ) ;
#5140 = LINE ( 'NONE', #2407, #4046 ) ;
#5141 =( LENGTH_UNIT ( ) NAMED_UNIT ( * ) SI_UNIT ( .MILLI., .METRE. ) );
#5142 = AXIS2_PLACEMENT_3D ( 'NONE', #1145, #1178, #2879 ) ;
#5143 = EDGE_CURVE ( 'NONE', #6657, #4616, #6382, .T. ) ;
#5144 = AXIS2_PLACEMENT_3D ( 'NONE', #120, #6896, #1241 ) ;
#5145 = LINE ( 'NONE', #6860, #5766 ) ;
#5146 = FILL_AREA_STYLE ('',( #191 ) ) ;
#5147 = ORIENTED_EDGE ( 'NONE', *, *, #798, .T. ) ;
#5148 = FACE_OUTER_BOUND ( 'NONE', #726, .T. ) ;
#5149 = FACE_OUTER_BOUND ( 'NONE', #2505, .T. ) ;
#5150 = CARTESIAN_POINT ( 'NONE',  ( 0.3400000000000036882, 20.39999999999999858, 1.711432550960843457 ) ) ;
#5151 = ORIENTED_EDGE ( 'NONE', *, *, #4356, .F. ) ;
#5152 = VECTOR ( 'NONE', #1173, 1000.000000000000000 ) ;
#5153 = ORIENTED_EDGE ( 'NONE', *, *, #2463, .T. ) ;
#5154 = CARTESIAN_POINT ( 'NONE',  ( 12.80000000000000249, 1.000000000000000888, -4.249999999999999112 ) ) ;
#5155 = DIRECTION ( 'NONE',  ( 0.000000000000000000, 0.000000000000000000, 1.000000000000000000 ) ) ;
#5156 = LINE ( 'NONE', #4014, #6002 ) ;
#5157 =( LENGTH_UNIT ( ) NAMED_UNIT ( * ) SI_UNIT ( .MILLI., .METRE. ) );
#5158 = PRESENTATION_LAYER_ASSIGNMENT (  '', '', ( #3587 ) ) ;
#5159 = UNCERTAINTY_MEASURE_WITH_UNIT (LENGTH_MEASURE( 1.000000000000000082E-05 ), #580, 'distance_accuracy_value', 'NONE');
#5160 = ORIENTED_EDGE ( 'NONE', *, *, #5404, .T. ) ;
#5161 = COLOUR_RGB ( '',0.000000000000000000, 0.000000000000000000, 1.000000000000000000 ) ;
#5162 = ORIENTED_EDGE ( 'NONE', *, *, #1535, .F. ) ;
#5163 = PRESENTATION_STYLE_ASSIGNMENT (( #5772 ) ) ;
#5164 = DIRECTION ( 'NONE',  ( 0.000000000000000000, -1.000000000000000000, 0.000000000000000000 ) ) ;
#5165 = VERTEX_POINT ( 'NONE', #3603 ) ;
#5166 = PRESENTATION_STYLE_ASSIGNMENT (( #3954 ) ) ;
#5167 = UNCERTAINTY_MEASURE_WITH_UNIT (LENGTH_MEASURE( 1.000000000000000082E-05 ), #3195, 'distance_accuracy_value', 'NONE');
#5168 = CARTESIAN_POINT ( 'NONE',  ( -9.400000000000002132, 1.000000000000000000, -3.199999999999997957 ) ) ;
#5169 = EDGE_CURVE ( 'NONE', #6063, #6548, #1953, .T. ) ;
#5170 = PRESENTATION_LAYER_ASSIGNMENT (  '', '', ( #425 ) ) ;
#5171 = ORIENTED_EDGE ( 'NONE', *, *, #6680, .T. ) ;
#5172 = LINE ( 'NONE', #3998, #6012 ) ;
#5173 = CIRCLE ( 'NONE', #7346, 0.7118365096549437165 ) ;
#5174 = FILL_AREA_STYLE ('',( #1118 ) ) ;
#5175 = EDGE_CURVE ( 'NONE', #5703, #2235, #5419, .T. ) ;
#5176 = LINE ( 'NONE', #1827, #6030 ) ;
#5177 = EDGE_CURVE ( 'NONE', #6718, #5069, #3958, .T. ) ;
#5178 = FACE_OUTER_BOUND ( 'NONE', #5090, .T. ) ;
#5179 = CIRCLE ( 'NONE', #6264, 0.2999999999999999334 ) ;
#5180 = SURFACE_STYLE_USAGE ( .BOTH. , #6828 ) ;
#5181 =( LENGTH_UNIT ( ) NAMED_UNIT ( * ) SI_UNIT ( .MILLI., .METRE. ) );
#5182 = EDGE_LOOP ( 'NONE', ( #694, #68, #5553, #5425 ) ) ;
#5183 = AXIS2_PLACEMENT_3D ( 'NONE', #890, #7083, #2053 ) ;
#5184 =( NAMED_UNIT ( * ) PLANE_ANGLE_UNIT ( ) SI_UNIT ( $, .RADIAN. ) );
#5185 = VECTOR ( 'NONE', #5539, 1000.000000000000000 ) ;
#5186 = EDGE_CURVE ( 'NONE', #5882, #2573, #7025, .T. ) ;
#5187 =( NAMED_UNIT ( * ) PLANE_ANGLE_UNIT ( ) SI_UNIT ( $, .RADIAN. ) );
#5188 = CARTESIAN_POINT ( 'NONE',  ( 4.599999999999997868, 1.000000000000000444, 11.30000000000000071 ) ) ;
#5189 = ORIENTED_EDGE ( 'NONE', *, *, #2174, .F. ) ;
#5190 = CIRCLE ( 'NONE', #1867, 0.09999999999999939493 ) ;
#5191 = AXIS2_PLACEMENT_3D ( 'NONE', #3684, #874, #4859 ) ;
#5192 = FILL_AREA_STYLE_COLOUR ( '', #5472 ) ;
#5193 = ORIENTED_EDGE ( 'NONE', *, *, #2371, .F. ) ;
#5194 = CARTESIAN_POINT ( 'NONE',  ( 0.3400000000000035216, 20.19999999999999929, 2.057842712474617919 ) ) ;
#5195 = CARTESIAN_POINT ( 'NONE',  ( -11.05000000000000071, 0.5000000000000004441, 15.69999999999999929 ) ) ;
#5196 = FILL_AREA_STYLE_COLOUR ( '', #160 ) ;
#5197 = FILL_AREA_STYLE ('',( #657 ) ) ;
#5198 = VECTOR ( 'NONE', #4806, 1000.000000000000000 ) ;
#5199 = PRESENTATION_LAYER_ASSIGNMENT (  '', '', ( #3502 ) ) ;
#5200 = STYLED_ITEM ( 'NONE', ( #4693 ), #3378 ) ;
#5201 = ORIENTED_EDGE ( 'NONE', *, *, #261, .F. ) ;
#5202 =( NAMED_UNIT ( * ) SI_UNIT ( $, .STERADIAN. ) SOLID_ANGLE_UNIT ( ) );
#5203 = AXIS2_PLACEMENT_3D ( 'NONE', #3300, #6210, #2234 ) ;
#5204 = ORIENTED_EDGE ( 'NONE', *, *, #5565, .F. ) ;
#5205 =( LENGTH_UNIT ( ) NAMED_UNIT ( * ) SI_UNIT ( .MILLI., .METRE. ) );
#5206 = VERTEX_POINT ( 'NONE', #205 ) ;
#5207 = CARTESIAN_POINT ( 'NONE',  ( 0.3400000000000036882, 20.40000000000000213, 1.748035091339285252 ) ) ;
#5208 = SURFACE_STYLE_USAGE ( .BOTH. , #2435 ) ;
#5209 = STYLED_ITEM ( 'NONE', ( #6011 ), #3204 ) ;
#5210 =( NAMED_UNIT ( * ) PLANE_ANGLE_UNIT ( ) SI_UNIT ( $, .RADIAN. ) );
#5211 = EDGE_LOOP ( 'NONE', ( #4784, #1988, #356, #5334 ) ) ;
#5212 = ADVANCED_FACE ( 'NONE', ( #313 ), #1126, .T. ) ;
#5213 = DIRECTION ( 'NONE',  ( 0.000000000000000000, -1.000000000000000000, 0.000000000000000000 ) ) ;
#5214 = PRESENTATION_STYLE_ASSIGNMENT (( #4537 ) ) ;
#5215 =( NAMED_UNIT ( * ) SI_UNIT ( $, .STERADIAN. ) SOLID_ANGLE_UNIT ( ) );
#5216 = CYLINDRICAL_SURFACE ( 'NONE', #5858, 0.3000000000000016542 ) ;
#5217 = EDGE_CURVE ( 'NONE', #1559, #65, #2106, .T. ) ;
#5218 = FILL_AREA_STYLE ('',( #649 ) ) ;
#5219 = ORIENTED_EDGE ( 'NONE', *, *, #999, .F. ) ;
#5220 = DIRECTION ( 'NONE',  ( 0.000000000000000000, 0.000000000000000000, -1.000000000000000000 ) ) ;
#5221 =( NAMED_UNIT ( * ) SI_UNIT ( $, .STERADIAN. ) SOLID_ANGLE_UNIT ( ) );
#5222 = CIRCLE ( 'NONE', #2014, 0.2999999999999999334 ) ;
#5223 = FACE_OUTER_BOUND ( 'NONE', #7041, .T. ) ;
#5224 =( BOUNDED_CURVE ( )  B_SPLINE_CURVE ( 3, ( #6459, #1366, #3601, #2536 ),
 .UNSPECIFIED., .F., .T. ) 
 B_SPLINE_CURVE_WITH_KNOTS ( ( 4, 4 ),
 ( 0.000000000000000000, 1.570796326794896780 ),
 .UNSPECIFIED. ) 
 CURVE ( )  GEOMETRIC_REPRESENTATION_ITEM ( )  RATIONAL_B_SPLINE_CURVE ( ( 1.000000000000000000, 0.8047378541243649375, 0.8047378541243649375, 1.000000000000000000 ) ) 
 REPRESENTATION_ITEM ( '' )  );
#5225 = COLOUR_RGB ( '',0.2509803921568627416, 0.2509803921568627416, 0.2509803921568627416 ) ;
#5226 = EDGE_CURVE ( 'NONE', #2541, #3005, #351, .T. ) ;
#5227 = EDGE_CURVE ( 'NONE', #2337, #2915, #2171, .T. ) ;
#5228 = FACE_OUTER_BOUND ( 'NONE', #772, .T. ) ;
#5229 = SURFACE_SIDE_STYLE ('',( #1669 ) ) ;
#5230 = VERTEX_POINT ( 'NONE', #4366 ) ;
#5231 = PLANE ( 'NONE',  #907 ) ;
#5232 = FACE_OUTER_BOUND ( 'NONE', #6864, .T. ) ;
#5233 = DIRECTION ( 'NONE',  ( 0.000000000000000000, -0.000000000000000000, 1.000000000000000000 ) ) ;
#5234 = DIRECTION ( 'NONE',  ( -1.000000000000000000, 0.000000000000000000, -0.000000000000000000 ) ) ;
#5235 = STYLED_ITEM ( 'NONE', ( #2710 ), #4016 ) ;
#5236 =( LENGTH_UNIT ( ) NAMED_UNIT ( * ) SI_UNIT ( .MILLI., .METRE. ) );
#5237 = EDGE_LOOP ( 'NONE', ( #4831, #5915, #6430, #3456, #2119, #6590, #3356, #3979, #371, #2044, #2529, #1860, #273, #4978, #6107, #2401 ) ) ;
#5238 = VECTOR ( 'NONE', #720, 1000.000000000000000 ) ;
#5239 = FACE_OUTER_BOUND ( 'NONE', #1285, .T. ) ;
#5240 = VERTEX_POINT ( 'NONE', #5500 ) ;
#5241 =( LENGTH_UNIT ( ) NAMED_UNIT ( * ) SI_UNIT ( .MILLI., .METRE. ) );
#5242 = DIRECTION ( 'NONE',  ( 0.000000000000000000, 0.000000000000000000, 1.000000000000000000 ) ) ;
#5243 = ORIENTED_EDGE ( 'NONE', *, *, #449, .F. ) ;
#5244 = FILL_AREA_STYLE ('',( #3536 ) ) ;
#5245 = AXIS2_PLACEMENT_3D ( 'NONE', #5086, #4399, #1027 ) ;
#5246 = PRESENTATION_STYLE_ASSIGNMENT (( #5208 ) ) ;
#5247 = EDGE_CURVE ( 'NONE', #4576, #3402, #913, .T. ) ;
#5248 = AXIS2_PLACEMENT_3D ( 'NONE', #3758, #4848, #5528 ) ;
#5249 = PRESENTATION_LAYER_ASSIGNMENT (  '', '', ( #5017 ) ) ;
#5250 = VERTEX_POINT ( 'NONE', #949 ) ;
#5251 = FILL_AREA_STYLE_COLOUR ( '', #6482 ) ;
#5252 =( LENGTH_UNIT ( ) NAMED_UNIT ( * ) SI_UNIT ( .MILLI., .METRE. ) );
#5253 = PRESENTATION_STYLE_ASSIGNMENT (( #5781 ) ) ;
#5254 = DIRECTION ( 'NONE',  ( -0.000000000000000000, 1.000000000000000000, -0.000000000000000000 ) ) ;
#5255 = VECTOR ( 'NONE', #3698, 1000.000000000000000 ) ;
#5256 = AXIS2_PLACEMENT_3D ( 'NONE', #6073, #2538, #831 ) ;
#5257 =( GEOMETRIC_REPRESENTATION_CONTEXT ( 3 ) GLOBAL_UNCERTAINTY_ASSIGNED_CONTEXT ( ( #4559 ) ) GLOBAL_UNIT_ASSIGNED_CONTEXT ( ( #7061, #3671, #1838 ) ) REPRESENTATION_CONTEXT ( 'NONE', 'WORKASPACE' ) );
#5258 = CARTESIAN_POINT ( 'NONE',  ( -9.400000000000002132, -8.662741699796955075, -2.399999999999997247 ) ) ;
#5259 = ORIENTED_EDGE ( 'NONE', *, *, #4991, .F. ) ;
#5260 = ORIENTED_EDGE ( 'NONE', *, *, #1667, .T. ) ;
#5261 = SURFACE_STYLE_USAGE ( .BOTH. , #3039 ) ;
#5262 = FACE_OUTER_BOUND ( 'NONE', #3060, .T. ) ;
#5263 = ADVANCED_FACE ( 'NONE', ( #3201 ), #3866, .F. ) ;
#5264 = VECTOR ( 'NONE', #6061, 1000.000000000000000 ) ;
#5265 = CIRCLE ( 'NONE', #37, 0.8000000000000012657 ) ;
#5266 = DIRECTION ( 'NONE',  ( 0.000000000000000000, 0.000000000000000000, 1.000000000000000000 ) ) ;
#5267 = DIRECTION ( 'NONE',  ( -0.000000000000000000, -1.000000000000000000, -0.000000000000000000 ) ) ;
#5268 = SURFACE_STYLE_USAGE ( .BOTH. , #1368 ) ;
#5269 = SURFACE_STYLE_USAGE ( .BOTH. , #6383 ) ;
#5270 = ADVANCED_FACE ( 'NONE', ( #6072 ), #1029, .F. ) ;
#5271 = EDGE_CURVE ( 'NONE', #3389, #6211, #5614, .T. ) ;
#5272 = ADVANCED_FACE ( 'NONE', ( #5149 ), #1795, .F. ) ;
#5273 = STYLED_ITEM ( 'NONE', ( #2209 ), #5825 ) ;
#5274 = ORIENTED_EDGE ( 'NONE', *, *, #6760, .T. ) ;
#5275 = FACE_OUTER_BOUND ( 'NONE', #5754, .T. ) ;
#5276 = VERTEX_POINT ( 'NONE', #55 ) ;
#5277 = VECTOR ( 'NONE', #5079, 1000.000000000000000 ) ;
#5278 = SURFACE_SIDE_STYLE ('',( #1337 ) ) ;
#5279 = ORIENTED_EDGE ( 'NONE', *, *, #908, .F. ) ;
#5280 = DIRECTION ( 'NONE',  ( 0.000000000000000000, -1.000000000000000000, 0.000000000000000000 ) ) ;
#5281 = LINE ( 'NONE', #1855, #2312 ) ;
#5282 = COLOUR_RGB ( '',0.7921568627450980005, 0.8196078431372548767, 0.9333333333333333481 ) ;
#5283 = ORIENTED_EDGE ( 'NONE', *, *, #7334, .F. ) ;
#5284 = DIRECTION ( 'NONE',  ( 0.000000000000000000, 0.000000000000000000, 1.000000000000000000 ) ) ;
#5285 = CARTESIAN_POINT ( 'NONE',  ( 10.20000000000000107, 0.5000000000000000000, -13.79999999999999716 ) ) ;
#5286 = DIRECTION ( 'NONE',  ( 0.7071067811865516806, 0.000000000000000000, 0.7071067811865434649 ) ) ;
#5287 = PRESENTATION_LAYER_ASSIGNMENT (  '', '', ( #4328 ) ) ;
#5288 = DIRECTION ( 'NONE',  ( 1.000000000000000000, 0.000000000000000000, 0.000000000000000000 ) ) ;
#5289 = FACE_OUTER_BOUND ( 'NONE', #1046, .T. ) ;
#5290 = DIRECTION ( 'NONE',  ( 1.000000000000000000, -0.000000000000000000, 0.000000000000000000 ) ) ;
#5291 = DIRECTION ( 'NONE',  ( 0.000000000000000000, 1.000000000000000000, 0.000000000000000000 ) ) ;
#5292 = CARTESIAN_POINT ( 'NONE',  ( -12.20000000000000284, 20.39999999999999858, -14.40000000000000391 ) ) ;
#5293 = DIRECTION ( 'NONE',  ( 0.000000000000000000, 5.421010862427555302E-15, -1.000000000000000000 ) ) ;
#5294 = STYLED_ITEM ( 'NONE', ( #3573 ), #5602 ) ;
#5295 = EDGE_LOOP ( 'NONE', ( #5854, #6772, #2411, #1340, #4191, #4811, #5467, #7265, #3322, #3722 ) ) ;
#5296 = FILL_AREA_STYLE_COLOUR ( '', #1462 ) ;
#5297 = PRESENTATION_STYLE_ASSIGNMENT (( #2968 ) ) ;
#5298 = VERTEX_POINT ( 'NONE', #1097 ) ;
#5299 = COLOUR_RGB ( '',0.000000000000000000, 0.000000000000000000, 1.000000000000000000 ) ;
#5300 =( LENGTH_UNIT ( ) NAMED_UNIT ( * ) SI_UNIT ( .MILLI., .METRE. ) );
#5301 = ADVANCED_FACE ( 'NONE', ( #2201 ), #6792, .F. ) ;
#5302 = STYLED_ITEM ( 'NONE', ( #4864 ), #5726 ) ;
#5303 = FILL_AREA_STYLE ('',( #828 ) ) ;
#5304 = CARTESIAN_POINT ( 'NONE',  ( -9.400000000000002132, -3.199999999992542143, -2.488163490345054463 ) ) ;
#5305 = DIRECTION ( 'NONE',  ( -0.000000000000000000, 1.000000000000000000, 0.000000000000000000 ) ) ;
#5306 = SURFACE_STYLE_FILL_AREA ( #133 ) ;
#5307 = COLOUR_RGB ( '',0.000000000000000000, 0.000000000000000000, 1.000000000000000000 ) ;
#5308 = STYLED_ITEM ( 'NONE', ( #4588 ), #1817 ) ;
#5309 = SURFACE_STYLE_USAGE ( .BOTH. , #3013 ) ;
#5310 = VERTEX_POINT ( 'NONE', #3903 ) ;
#5311 = CARTESIAN_POINT ( 'NONE',  ( -10.05000000000000426, 1.000000000000000000, 14.69999999999999929 ) ) ;
#5312 = EDGE_CURVE ( 'NONE', #5921, #3469, #5173, .T. ) ;
#5313 = ORIENTED_EDGE ( 'NONE', *, *, #3902, .T. ) ;
#5314 = VECTOR ( 'NONE', #1908, 1000.000000000000000 ) ;
#5315 =( GEOMETRIC_REPRESENTATION_CONTEXT ( 3 ) GLOBAL_UNCERTAINTY_ASSIGNED_CONTEXT ( ( #1496 ) ) GLOBAL_UNIT_ASSIGNED_CONTEXT ( ( #4703, #4780, #3529 ) ) REPRESENTATION_CONTEXT ( 'NONE', 'WORKASPACE' ) );
#5316 = FILL_AREA_STYLE ('',( #1297 ) ) ;
#5317 = ORIENTED_EDGE ( 'NONE', *, *, #1935, .T. ) ;
#5318 = LINE ( 'NONE', #2506, #1121 ) ;
#5319 = AXIS2_PLACEMENT_3D ( 'NONE', #905, #3759, #787 ) ;
#5320 = UNCERTAINTY_MEASURE_WITH_UNIT (LENGTH_MEASURE( 1.000000000000000082E-05 ), #978, 'distance_accuracy_value', 'NONE');
#5321 = VECTOR ( 'NONE', #7259, 1000.000000000000000 ) ;
#5322 = ORIENTED_EDGE ( 'NONE', *, *, #7196, .T. ) ;
#5323 = EDGE_CURVE ( 'NONE', #323, #268, #2297, .T. ) ;
#5324 = SURFACE_SIDE_STYLE ('',( #4792 ) ) ;
#5325 =( NAMED_UNIT ( * ) PLANE_ANGLE_UNIT ( ) SI_UNIT ( $, .RADIAN. ) );
#5326 = CARTESIAN_POINT ( 'NONE',  ( 0.3934560494409488629, 20.19999999999999929, 3.742157287525382792 ) ) ;
#5327 = DIRECTION ( 'NONE',  ( 1.000000000000000000, 0.000000000000000000, 0.000000000000000000 ) ) ;
#5328 = MECHANICAL_DESIGN_GEOMETRIC_PRESENTATION_REPRESENTATION (  '', ( #6992 ), #1184 ) ;
#5329 =( LENGTH_UNIT ( ) NAMED_UNIT ( * ) SI_UNIT ( .MILLI., .METRE. ) );
#5330 = PRESENTATION_LAYER_ASSIGNMENT (  '', '', ( #2228 ) ) ;
#5331 = SURFACE_STYLE_FILL_AREA ( #1272 ) ;
#5332 =( NAMED_UNIT ( * ) SI_UNIT ( $, .STERADIAN. ) SOLID_ANGLE_UNIT ( ) );
#5333 = PRESENTATION_LAYER_ASSIGNMENT (  '', '', ( #4966 ) ) ;
#5334 = ORIENTED_EDGE ( 'NONE', *, *, #2596, .T. ) ;
#5335 =( LENGTH_UNIT ( ) NAMED_UNIT ( * ) SI_UNIT ( .MILLI., .METRE. ) );
#5336 = FILL_AREA_STYLE_COLOUR ( '', #3111 ) ;
#5337 =( NAMED_UNIT ( * ) SI_UNIT ( $, .STERADIAN. ) SOLID_ANGLE_UNIT ( ) );
#5338 = DIRECTION ( 'NONE',  ( 0.000000000000000000, 0.000000000000000000, 1.000000000000000000 ) ) ;
#5339 = VERTEX_POINT ( 'NONE', #1731 ) ;
#5340 =( NAMED_UNIT ( * ) PLANE_ANGLE_UNIT ( ) SI_UNIT ( $, .RADIAN. ) );
#5341 = CARTESIAN_POINT ( 'NONE',  ( -2.299999999999997158, 0.5000000000000000000, 12.00000000000000000 ) ) ;
#5342 = PRESENTATION_STYLE_ASSIGNMENT (( #314 ) ) ;
#5343 = AXIS2_PLACEMENT_3D ( 'NONE', #590, #1660, #59 ) ;
#5344 = ORIENTED_EDGE ( 'NONE', *, *, #3451, .F. ) ;
#5345 = EDGE_LOOP ( 'NONE', ( #2532, #841 ) ) ;
#5346 = CARTESIAN_POINT ( 'NONE',  ( 13.80000000000000071, 20.29999999999999716, -8.375735931288156522 ) ) ;
#5347 = FILL_AREA_STYLE_COLOUR ( '', #5904 ) ;
#5348 = ORIENTED_EDGE ( 'NONE', *, *, #6909, .F. ) ;
#5349 = SURFACE_STYLE_USAGE ( .BOTH. , #924 ) ;
#5350 = PRESENTATION_STYLE_ASSIGNMENT (( #5924 ) ) ;
#5351 = EDGE_CURVE ( 'NONE', #2673, #6647, #4477, .T. ) ;
#5352 = DIRECTION ( 'NONE',  ( 0.000000000000000000, 0.000000000000000000, 1.000000000000000000 ) ) ;
#5353 = CIRCLE ( 'NONE', #6305, 0.2999999999999999334 ) ;
#5354 = ORIENTED_EDGE ( 'NONE', *, *, #6252, .T. ) ;
#5355 = CARTESIAN_POINT ( 'NONE',  ( 0.000000000000000000, 20.29999999999999716, 0.1499999999999998002 ) ) ;
#5356 =( NAMED_UNIT ( * ) PLANE_ANGLE_UNIT ( ) SI_UNIT ( $, .RADIAN. ) );
#5357 = CARTESIAN_POINT ( 'NONE',  ( -13.50000000000000178, 83.05825363168716535, -15.69999999999999929 ) ) ;
#5358 = DIRECTION ( 'NONE',  ( 1.000000000000000000, 0.000000000000000000, 1.495451272393798556E-16 ) ) ;
#5359 = LINE ( 'NONE', #3545, #2156 ) ;
#5360 =( NAMED_UNIT ( * ) SI_UNIT ( $, .STERADIAN. ) SOLID_ANGLE_UNIT ( ) );
#5361 = UNCERTAINTY_MEASURE_WITH_UNIT (LENGTH_MEASURE( 1.000000000000000082E-05 ), #2484, 'distance_accuracy_value', 'NONE');
#5362 = FACE_OUTER_BOUND ( 'NONE', #2211, .T. ) ;
#5363 = EDGE_CURVE ( 'NONE', #251, #4300, #1657, .T. ) ;
#5364 = CARTESIAN_POINT ( 'NONE',  ( -10.35000000000000142, 0.4999999999999996669, 12.59160797830996259 ) ) ;
#5365 = STYLED_ITEM ( 'NONE', ( #6059 ), #6404 ) ;
#5366 = MECHANICAL_DESIGN_GEOMETRIC_PRESENTATION_REPRESENTATION (  '', ( #4523 ), #4147 ) ;
#5367 = CARTESIAN_POINT ( 'NONE',  ( 4.599999999999997868, -3.199999999992542143, 9.500000000000001776 ) ) ;
#5368 = VECTOR ( 'NONE', #3659, 1000.000000000000000 ) ;
#5369 = SURFACE_STYLE_USAGE ( .BOTH. , #822 ) ;
#5370 = CARTESIAN_POINT ( 'NONE',  ( -13.80000000000000071, 0.5000000000000000000, -12.00000000000000000 ) ) ;
#5371 = PRESENTATION_STYLE_ASSIGNMENT (( #3077 ) ) ;
#5372 = PRESENTATION_LAYER_ASSIGNMENT (  '', '', ( #2374 ) ) ;
#5373 = VECTOR ( 'NONE', #266, 1000.000000000000000 ) ;
#5374 = FILL_AREA_STYLE_COLOUR ( '', #6322 ) ;
#5375 = SURFACE_SIDE_STYLE ('',( #3673 ) ) ;
#5376 = VERTEX_POINT ( 'NONE', #3937 ) ;
#5377 = CARTESIAN_POINT ( 'NONE',  ( 11.59999999999999964, 0.5000000000000004441, -5.449999999999999289 ) ) ;
#5378 = STYLED_ITEM ( 'NONE', ( #2735 ), #698 ) ;
#5379 = CARTESIAN_POINT ( 'NONE',  ( 7.500000000000001776, 0.5000000000000000000, -3.949999999999998845 ) ) ;
#5380 = MECHANICAL_DESIGN_GEOMETRIC_PRESENTATION_REPRESENTATION (  '', ( #635 ), #862 ) ;
#5381 = CIRCLE ( 'NONE', #1108, 1.799999999999999600 ) ;
#5382 = FACE_OUTER_BOUND ( 'NONE', #3920, .T. ) ;
#5383 = ORIENTED_EDGE ( 'NONE', *, *, #6823, .T. ) ;
#5384 = CARTESIAN_POINT ( 'NONE',  ( 8.500000000000000000, 0.4000000000000000222, 12.59160797830996259 ) ) ;
#5385 = CARTESIAN_POINT ( 'NONE',  ( -12.80000000000000426, 0.4166666666666667407, -12.49300664859163668 ) ) ;
#5386 = ORIENTED_EDGE ( 'NONE', *, *, #1540, .F. ) ;
#5387 = DIRECTION ( 'NONE',  ( 0.000000000000000000, 0.000000000000000000, -1.000000000000000000 ) ) ;
#5388 = DIRECTION ( 'NONE',  ( 1.000000000000000000, 0.000000000000000000, -1.299418334065024133E-16 ) ) ;
#5389 = VERTEX_POINT ( 'NONE', #2963 ) ;
#5390 =( GEOMETRIC_REPRESENTATION_CONTEXT ( 3 ) GLOBAL_UNCERTAINTY_ASSIGNED_CONTEXT ( ( #7086 ) ) GLOBAL_UNIT_ASSIGNED_CONTEXT ( ( #5099, #3916, #2181 ) ) REPRESENTATION_CONTEXT ( 'NONE', 'WORKASPACE' ) );
#5391 = CARTESIAN_POINT ( 'NONE',  ( -8.935786437626903833, 0.4000000000000000222, 12.59160797830996259 ) ) ;
#5392 = EDGE_LOOP ( 'NONE', ( #6883, #2419, #7340, #6, #6114, #3461, #3871, #179 ) ) ;
#5393 = CARTESIAN_POINT ( 'NONE',  ( -0.8077552261341365281, 20.39999999999999858, 2.586847196651186565 ) ) ;
#5394 = AXIS2_PLACEMENT_3D ( 'NONE', #4163, #238, #1438 ) ;
#5395 = ORIENTED_EDGE ( 'NONE', *, *, #5227, .T. ) ;
#5396 = ADVANCED_FACE ( 'NONE', ( #3666 ), #1906, .F. ) ;
#5397 = SURFACE_STYLE_USAGE ( .BOTH. , #812 ) ;
#5398 = DIRECTION ( 'NONE',  ( 0.000000000000000000, 1.000000000000000000, 0.000000000000000000 ) ) ;
#5399 = DIRECTION ( 'NONE',  ( 1.000000000000000000, 0.000000000000000000, 0.000000000000000000 ) ) ;
#5400 = MECHANICAL_DESIGN_GEOMETRIC_PRESENTATION_REPRESENTATION (  '', ( #4443 ), #1945 ) ;
#5401 = DIRECTION ( 'NONE',  ( 0.000000000000000000, 1.000000000000000000, -0.000000000000000000 ) ) ;
#5402 = MECHANICAL_DESIGN_GEOMETRIC_PRESENTATION_REPRESENTATION (  '', ( #4445 ), #3949 ) ;
#5403 = FILL_AREA_STYLE_COLOUR ( '', #925 ) ;
#5404 = EDGE_CURVE ( 'NONE', #5921, #7387, #4235, .T. ) ;
#5405 = ADVANCED_FACE ( 'NONE', ( #5262 ), #711, .F. ) ;
#5406 = STYLED_ITEM ( 'NONE', ( #3728 ), #4944 ) ;
#5407 = PLANE ( 'NONE',  #1449 ) ;
#5408 = DIRECTION ( 'NONE',  ( 0.000000000000000000, -1.000000000000000000, -0.000000000000000000 ) ) ;
#5409 = PRESENTATION_STYLE_ASSIGNMENT (( #5369 ) ) ;
#5410 = CARTESIAN_POINT ( 'NONE',  ( 0.6371543880465287968, 20.40000000000000213, 4.060750335739513162 ) ) ;
#5411 = LINE ( 'NONE', #5451, #4578 ) ;
#5412 = AXIS2_PLACEMENT_3D ( 'NONE', #1513, #2658, #2617 ) ;
#5413 = AXIS2_PLACEMENT_3D ( 'NONE', #6021, #946, #385 ) ;
#5414 = LINE ( 'NONE', #2021, #2957 ) ;
#5415 = CARTESIAN_POINT ( 'NONE',  ( 2.717134898078315430, 20.39999999999999858, 4.088567449039156365 ) ) ;
#5416 = VERTEX_POINT ( 'NONE', #1875 ) ;
#5417 = ADVANCED_FACE ( 'NONE', ( #2525 ), #159, .T. ) ;
#5418 =( NAMED_UNIT ( * ) PLANE_ANGLE_UNIT ( ) SI_UNIT ( $, .RADIAN. ) );
#5419 = LINE ( 'NONE', #168, #5779 ) ;
#5420 = MECHANICAL_DESIGN_GEOMETRIC_PRESENTATION_REPRESENTATION (  '', ( #660 ), #1022 ) ;
#5421 = FILL_AREA_STYLE ('',( #3128 ) ) ;
#5422 = AXIS2_PLACEMENT_3D ( 'NONE', #5643, #3335, #2759 ) ;
#5423 = STYLED_ITEM ( 'NONE', ( #1345 ), #2388 ) ;
#5424 = DIRECTION ( 'NONE',  ( 0.000000000000000000, 0.000000000000000000, 1.000000000000000000 ) ) ;
#5425 = ORIENTED_EDGE ( 'NONE', *, *, #1805, .T. ) ;
#5426 = VERTEX_POINT ( 'NONE', #471 ) ;
#5427 = DIRECTION ( 'NONE',  ( 1.000000000000000000, 0.000000000000000000, 6.672013369141562259E-16 ) ) ;
#5428 = CARTESIAN_POINT ( 'NONE',  ( -11.60000000000000497, 40.93805269026350402, -13.79999999999999893 ) ) ;
#5429 = ORIENTED_EDGE ( 'NONE', *, *, #4395, .F. ) ;
#5430 = DIRECTION ( 'NONE',  ( -1.734723475976807410E-14, 0.000000000000000000, 1.000000000000000000 ) ) ;
#5431 = CIRCLE ( 'NONE', #2204, 0.2999999999999999334 ) ;
#5432 = STYLED_ITEM ( 'NONE', ( #1327 ), #1857 ) ;
#5433 =( NAMED_UNIT ( * ) PLANE_ANGLE_UNIT ( ) SI_UNIT ( $, .RADIAN. ) );
#5434 = VECTOR ( 'NONE', #3181, 1000.000000000000000 ) ;
#5435 = ORIENTED_EDGE ( 'NONE', *, *, #2472, .F. ) ;
#5436 = VECTOR ( 'NONE', #2427, 1000.000000000000000 ) ;
#5437 = CARTESIAN_POINT ( 'NONE',  ( 0.2645187432369476288, 20.39999999999999858, 4.088567449039156365 ) ) ;
#5438 = EDGE_LOOP ( 'NONE', ( #5926, #302, #2924, #1185 ) ) ;
#5439 = DIRECTION ( 'NONE',  ( -1.000000000000000000, 0.000000000000000000, 0.000000000000000000 ) ) ;
#5440 = LINE ( 'NONE', #5285, #7299 ) ;
#5441 = DIRECTION ( 'NONE',  ( 1.000000000000000000, 0.000000000000000000, 0.000000000000000000 ) ) ;
#5442 = UNCERTAINTY_MEASURE_WITH_UNIT (LENGTH_MEASURE( 1.000000000000000082E-05 ), #6246, 'distance_accuracy_value', 'NONE');
#5443 =( NAMED_UNIT ( * ) PLANE_ANGLE_UNIT ( ) SI_UNIT ( $, .RADIAN. ) );
#5444 =( GEOMETRIC_REPRESENTATION_CONTEXT ( 3 ) GLOBAL_UNCERTAINTY_ASSIGNED_CONTEXT ( ( #3255 ) ) GLOBAL_UNIT_ASSIGNED_CONTEXT ( ( #5934, #4610, #3751 ) ) REPRESENTATION_CONTEXT ( 'NONE', 'WORKASPACE' ) );
#5445 = STYLED_ITEM ( 'NONE', ( #1721 ), #2309 ) ;
#5446 = PRESENTATION_LAYER_ASSIGNMENT (  '', '', ( #2326 ) ) ;
#5447 = EDGE_CURVE ( 'NONE', #960, #3727, #4965, .T. ) ;
#5448 = AXIS2_PLACEMENT_3D ( 'NONE', #7282, #1646, #2789 ) ;
#5449 = CARTESIAN_POINT ( 'NONE',  ( -12.50000000000000355, 1.000000000000000888, -15.00000000000000000 ) ) ;
#5450 = CARTESIAN_POINT ( 'NONE',  ( 1.500682729600962162, 20.39999999999999147, 2.602675058863085145 ) ) ;
#5451 = CARTESIAN_POINT ( 'NONE',  ( 12.50000000000000178, 1.000000000000000888, -15.00000000000000178 ) ) ;
#5452 = ORIENTED_EDGE ( 'NONE', *, *, #2633, .F. ) ;
#5453 = ADVANCED_FACE ( 'NONE', ( #2061 ), #2608, .F. ) ;
#5454 = FILL_AREA_STYLE ('',( #1576 ) ) ;
#5455 = FILL_AREA_STYLE_COLOUR ( '', #5931 ) ;
#5456 = ORIENTED_EDGE ( 'NONE', *, *, #4522, .F. ) ;
#5457 = DIRECTION ( 'NONE',  ( -3.540251991789400432E-16, 0.000000000000000000, -1.000000000000000000 ) ) ;
#5458 = CARTESIAN_POINT ( 'NONE',  ( 13.71213203435596384, 18.39999999999999858, -8.587867965644122137 ) ) ;
#5459 = FILL_AREA_STYLE ('',( #350 ) ) ;
#5460 = CARTESIAN_POINT ( 'NONE',  ( -11.65000000000000036, 0.5000000000000004441, 2.049999999999999822 ) ) ;
#5461 = CYLINDRICAL_SURFACE ( 'NONE', #4536, 0.09999999999999939493 ) ;
#5462 = SURFACE_STYLE_USAGE ( .BOTH. , #4857 ) ;
#5463 = EDGE_CURVE ( 'NONE', #1007, #4668, #2681, .T. ) ;
#5464 =( NAMED_UNIT ( * ) PLANE_ANGLE_UNIT ( ) SI_UNIT ( $, .RADIAN. ) );
#5465 = EDGE_LOOP ( 'NONE', ( #5890, #6074 ) ) ;
#5466 = LINE ( 'NONE', #3015, #6239 ) ;
#5467 = ORIENTED_EDGE ( 'NONE', *, *, #2628, .F. ) ;
#5468 = CARTESIAN_POINT ( 'NONE',  ( -0.3507083519627292034, 20.19999999999999929, 2.411872448754019072 ) ) ;
#5469 = ORIENTED_EDGE ( 'NONE', *, *, #4114, .F. ) ;
#5470 = LINE ( 'NONE', #4984, #5889 ) ;
#5471 = LINE ( 'NONE', #5953, #1977 ) ;
#5472 = COLOUR_RGB ( '',0.2509803921568627416, 0.2509803921568627416, 0.2509803921568627416 ) ;
#5473 = EDGE_CURVE ( 'NONE', #6623, #220, #7253, .T. ) ;
#5474 = EDGE_LOOP ( 'NONE', ( #2654, #2347, #6116, #4258 ) ) ;
#5475 = DIRECTION ( 'NONE',  ( 0.000000000000000000, 0.9848077530107477440, 0.1736481776752119843 ) ) ;
#5476 = CIRCLE ( 'NONE', #3072, 0.2999999999999999334 ) ;
#5477 = CARTESIAN_POINT ( 'NONE',  ( -0.2272174953100688510, 20.39999999999999503, 1.853953511224578632 ) ) ;
#5478 = VERTEX_POINT ( 'NONE', #6571 ) ;
#5479 = FILL_AREA_STYLE ('',( #2749 ) ) ;
#5480 = CARTESIAN_POINT ( 'NONE',  ( 1.081136805148433355, 20.20000000000000284, 3.301958440500122993 ) ) ;
#5481 = UNCERTAINTY_MEASURE_WITH_UNIT (LENGTH_MEASURE( 1.000000000000000082E-05 ), #2038, 'distance_accuracy_value', 'NONE');
#5482 = CARTESIAN_POINT ( 'NONE',  ( 8.400000000000000355, 0.5000000000000000000, -13.29999999999999893 ) ) ;
#5483 = DIRECTION ( 'NONE',  ( 0.000000000000000000, 0.000000000000000000, 1.000000000000000000 ) ) ;
#5484 = SURFACE_STYLE_USAGE ( .BOTH. , #4878 ) ;
#5485 = STYLED_ITEM ( 'NONE', ( #2816 ), #4086 ) ;
#5486 = AXIS2_PLACEMENT_3D ( 'NONE', #1265, #4716, #5284 ) ;
#5487 = CARTESIAN_POINT ( 'NONE',  ( 11.59999999999999964, 1.000000000000000888, -13.79999999999999893 ) ) ;
#5488 = STYLED_ITEM ( 'NONE', ( #6822 ), #4577 ) ;
#5489 = DIRECTION ( 'NONE',  ( 0.000000000000000000, 0.000000000000000000, -1.000000000000000000 ) ) ;
#5490 = FILL_AREA_STYLE ('',( #6060 ) ) ;
#5491 = COLOUR_RGB ( '',0.7921568627450980005, 0.8196078431372548767, 0.9333333333333333481 ) ;
#5492 = DIRECTION ( 'NONE',  ( -1.000000000000000000, -0.000000000000000000, -0.000000000000000000 ) ) ;
#5493 = DIRECTION ( 'NONE',  ( -0.000000000000000000, 0.000000000000000000, 1.000000000000000000 ) ) ;
#5494 = COLOUR_RGB ( '',0.000000000000000000, 0.000000000000000000, 1.000000000000000000 ) ;
#5495 = CARTESIAN_POINT ( 'NONE',  ( 0.3400000000000035216, 20.35000000000000497, 4.001964908660714748 ) ) ;
#5496 = VERTEX_POINT ( 'NONE', #980 ) ;
#5497 = DIRECTION ( 'NONE',  ( -0.000000000000000000, -0.000000000000000000, -1.000000000000000000 ) ) ;
#5498 = CARTESIAN_POINT ( 'NONE',  ( -12.20000000000000284, 20.29999999999999716, 0.000000000000000000 ) ) ;
#5499 = EDGE_CURVE ( 'NONE', #3282, #3419, #6172, .T. ) ;
#5500 = CARTESIAN_POINT ( 'NONE',  ( -9.400000000000002132, 1.000000000000000444, -1.399999999999998579 ) ) ;
#5501 = FILL_AREA_STYLE_COLOUR ( '', #148 ) ;
#5502 =( GEOMETRIC_REPRESENTATION_CONTEXT ( 3 ) GLOBAL_UNCERTAINTY_ASSIGNED_CONTEXT ( ( #4338 ) ) GLOBAL_UNIT_ASSIGNED_CONTEXT ( ( #2259, #6826, #4604 ) ) REPRESENTATION_CONTEXT ( 'NONE', 'WORKASPACE' ) );
#5503 = MECHANICAL_DESIGN_GEOMETRIC_PRESENTATION_REPRESENTATION (  '', ( #4532 ), #2165 ) ;
#5504 = CARTESIAN_POINT ( 'NONE',  ( -10.05000000000000426, 1.000000000000000888, 14.69999999999999929 ) ) ;
#5505 = ORIENTED_EDGE ( 'NONE', *, *, #3298, .T. ) ;
#5506 = CARTESIAN_POINT ( 'NONE',  ( 13.50000000000000355, 83.05825363168716535, -15.69999999999999929 ) ) ;
#5507 = VERTEX_POINT ( 'NONE', #3708 ) ;
#5508 = CARTESIAN_POINT ( 'NONE',  ( -10.65000000000000036, 40.93805269026350402, 1.050000000000000488 ) ) ;
#5509 = EDGE_CURVE ( 'NONE', #2733, #1456, #3677, .T. ) ;
#5510 = ORIENTED_EDGE ( 'NONE', *, *, #2064, .F. ) ;
#5511 = EDGE_CURVE ( 'NONE', #6358, #1025, #1972, .T. ) ;
#5512 = ADVANCED_FACE ( 'NONE', ( #1501 ), #3752, .T. ) ;
#5513 = VECTOR ( 'NONE', #4320, 1000.000000000000000 ) ;
#5514 = AXIS2_PLACEMENT_3D ( 'NONE', #7155, #5891, #810 ) ;
#5515 = ORIENTED_EDGE ( 'NONE', *, *, #4491, .F. ) ;
#5516 =( NAMED_UNIT ( * ) SI_UNIT ( $, .STERADIAN. ) SOLID_ANGLE_UNIT ( ) );
#5517 = ORIENTED_EDGE ( 'NONE', *, *, #7292, .T. ) ;
#5518 = DIRECTION ( 'NONE',  ( 0.000000000000000000, 1.000000000000000000, 0.000000000000000000 ) ) ;
#5519 = DIRECTION ( 'NONE',  ( 0.000000000000000000, 1.000000000000000000, 0.000000000000000000 ) ) ;
#5520 = SURFACE_STYLE_USAGE ( .BOTH. , #3225 ) ;
#5521 = UNCERTAINTY_MEASURE_WITH_UNIT (LENGTH_MEASURE( 1.000000000000000082E-05 ), #4115, 'distance_accuracy_value', 'NONE');
#5522 = CARTESIAN_POINT ( 'NONE',  ( 6.299999999999999822, 1.000000000000000888, 11.30000000000000249 ) ) ;
#5523 =( NAMED_UNIT ( * ) PLANE_ANGLE_UNIT ( ) SI_UNIT ( $, .RADIAN. ) );
#5524 = DIRECTION ( 'NONE',  ( 0.000000000000000000, -1.000000000000000000, -0.000000000000000000 ) ) ;
#5525 = VECTOR ( 'NONE', #4544, 1000.000000000000000 ) ;
#5526 = DIRECTION ( 'NONE',  ( 0.000000000000000000, 0.000000000000000000, 1.000000000000000000 ) ) ;
#5527 = SURFACE_SIDE_STYLE ('',( #4359 ) ) ;
#5528 = DIRECTION ( 'NONE',  ( -1.000000000000000000, 0.000000000000000000, -0.000000000000000000 ) ) ;
#5529 = CARTESIAN_POINT ( 'NONE',  ( 8.400000000000000355, 0.5000000000000000000, -13.29999999999999893 ) ) ;
#5530 = ORIENTED_EDGE ( 'NONE', *, *, #5509, .T. ) ;
#5531 = CARTESIAN_POINT ( 'NONE',  ( -13.80000000000000071, 83.05825363168716535, 16.00000000000000000 ) ) ;
#5532 = DIRECTION ( 'NONE',  ( -1.000000000000000000, 0.000000000000000000, 4.505775262277420984E-17 ) ) ;
#5533 = SURFACE_SIDE_STYLE ('',( #4934 ) ) ;
#5534 = VECTOR ( 'NONE', #4776, 1000.000000000000000 ) ;
#5535 = ORIENTED_EDGE ( 'NONE', *, *, #1350, .T. ) ;
#5536 = EDGE_CURVE ( 'NONE', #4626, #3944, #5179, .T. ) ;
#5537 = DIRECTION ( 'NONE',  ( 0.000000000000000000, -8.673617379884027583E-16, 1.000000000000000000 ) ) ;
#5538 = VERTEX_POINT ( 'NONE', #4539 ) ;
#5539 = DIRECTION ( 'NONE',  ( 0.000000000000000000, 1.000000000000000000, 0.000000000000000000 ) ) ;
#5540 =( NAMED_UNIT ( * ) PLANE_ANGLE_UNIT ( ) SI_UNIT ( $, .RADIAN. ) );
#5541 = STYLED_ITEM ( 'NONE', ( #4650 ), #5405 ) ;
#5542 = DIRECTION ( 'NONE',  ( -0.000000000000000000, 1.000000000000000000, -0.000000000000000000 ) ) ;
#5543 = SURFACE_SIDE_STYLE ('',( #4449 ) ) ;
#5544 = ORIENTED_EDGE ( 'NONE', *, *, #704, .T. ) ;
#5545 = CARTESIAN_POINT ( 'NONE',  ( 7.500000000000001776, 1.500000000000000000, 14.69999999999999751 ) ) ;
#5546 = UNCERTAINTY_MEASURE_WITH_UNIT (LENGTH_MEASURE( 1.000000000000000082E-05 ), #5329, 'distance_accuracy_value', 'NONE');
#5547 = DIRECTION ( 'NONE',  ( 1.000000000000000000, -0.000000000000000000, 0.000000000000000000 ) ) ;
#5548 =( GEOMETRIC_REPRESENTATION_CONTEXT ( 3 ) GLOBAL_UNCERTAINTY_ASSIGNED_CONTEXT ( ( #1564 ) ) GLOBAL_UNIT_ASSIGNED_CONTEXT ( ( #943, #4278, #6707 ) ) REPRESENTATION_CONTEXT ( 'NONE', 'WORKASPACE' ) );
#5549 = VECTOR ( 'NONE', #1570, 1000.000000000000000 ) ;
#5550 = EDGE_CURVE ( 'NONE', #6033, #7104, #5748, .T. ) ;
#5551 = CARTESIAN_POINT ( 'NONE',  ( 8.400000000000000355, -2.700000000118052412, -4.900000000020554580 ) ) ;
#5552 = CARTESIAN_POINT ( 'NONE',  ( 0.1886807419363836780, 20.39999999999999147, 1.711432550960843013 ) ) ;
#5553 = ORIENTED_EDGE ( 'NONE', *, *, #809, .T. ) ;
#5554 = DIRECTION ( 'NONE',  ( 0.000000000000000000, 1.000000000000000000, 0.000000000000000000 ) ) ;
#5555 = STYLED_ITEM ( 'NONE', ( #3230 ), #3053 ) ;
#5556 = MECHANICAL_DESIGN_GEOMETRIC_PRESENTATION_REPRESENTATION (  '', ( #1388 ), #4217 ) ;
#5557 = VERTEX_POINT ( 'NONE', #3295 ) ;
#5558 = DIRECTION ( 'NONE',  ( 0.000000000000000000, -0.000000000000000000, 1.000000000000000000 ) ) ;
#5559 = VECTOR ( 'NONE', #4516, 1000.000000000000000 ) ;
#5560 = UNCERTAINTY_MEASURE_WITH_UNIT (LENGTH_MEASURE( 1.000000000000000082E-05 ), #5939, 'distance_accuracy_value', 'NONE');
#5561 = CARTESIAN_POINT ( 'NONE',  ( 6.899999999999999467, 20.39999999999999858, -4.850000000000000533 ) ) ;
#5562 = FACE_OUTER_BOUND ( 'NONE', #5590, .T. ) ;
#5563 = AXIS2_PLACEMENT_3D ( 'NONE', #3113, #2515, #3623 ) ;
#5564 = CIRCLE ( 'NONE', #1041, 0.8000000000000003775 ) ;
#5565 = EDGE_CURVE ( 'NONE', #2541, #3174, #7374, .T. ) ;
#5566 = PLANE ( 'NONE',  #1666 ) ;
#5567 = CIRCLE ( 'NONE', #2319, 0.09999999999999939493 ) ;
#5568 = CARTESIAN_POINT ( 'NONE',  ( 13.80000000000000071, 0.5000000000000000000, 0.000000000000000000 ) ) ;
#5569 =( GEOMETRIC_REPRESENTATION_CONTEXT ( 3 ) GLOBAL_UNCERTAINTY_ASSIGNED_CONTEXT ( ( #5361 ) ) GLOBAL_UNIT_ASSIGNED_CONTEXT ( ( #2484, #3471, #6371 ) ) REPRESENTATION_CONTEXT ( 'NONE', 'WORKASPACE' ) );
#5570 =( NAMED_UNIT ( * ) PLANE_ANGLE_UNIT ( ) SI_UNIT ( $, .RADIAN. ) );
#5571 = PRESENTATION_LAYER_ASSIGNMENT (  '', '', ( #6276 ) ) ;
#5572 = CARTESIAN_POINT ( 'NONE',  ( -12.80000000000000249, 1.500000000000000000, 0.000000000000000000 ) ) ;
#5573 = CIRCLE ( 'NONE', #3504, 0.09999999999999939493 ) ;
#5574 =( LENGTH_UNIT ( ) NAMED_UNIT ( * ) SI_UNIT ( .MILLI., .METRE. ) );
#5575 = SURFACE_STYLE_FILL_AREA ( #5608 ) ;
#5576 = EDGE_LOOP ( 'NONE', ( #3562, #886, #5655, #4645 ) ) ;
#5577 = CARTESIAN_POINT ( 'NONE',  ( 8.400000000000000355, -2.699999999999900258, -4.899999999999721467 ) ) ;
#5578 =( NAMED_UNIT ( * ) SI_UNIT ( $, .STERADIAN. ) SOLID_ANGLE_UNIT ( ) );
#5579 = CARTESIAN_POINT ( 'NONE',  ( -10.35000000000000142, 1.500000000000000000, 1.050000000000000044 ) ) ;
#5580 = CARTESIAN_POINT ( 'NONE',  ( -0.4999999999999971689, -2.700000000004365575, 11.20000000000140972 ) ) ;
#5581 = EDGE_LOOP ( 'NONE', ( #4744, #6323, #6556, #367, #5383, #5913, #1099, #4786, #7109, #3427, #1326, #681, #2269, #3311, #4369, #3636 ) ) ;
#5582 = CARTESIAN_POINT ( 'NONE',  ( 0.3400000000000033551, 20.20000000000000284, 1.948035091339284763 ) ) ;
#5583 = CARTESIAN_POINT ( 'NONE',  ( -0.2145351906897005057, 20.19999999999999218, 3.536507480282136129 ) ) ;
#5584 = EDGE_CURVE ( 'NONE', #3221, #6657, #3374, .T. ) ;
#5585 = CARTESIAN_POINT ( 'NONE',  ( -10.05000000000000426, 1.000000000000000888, 11.30000000000000249 ) ) ;
#5586 = ORIENTED_EDGE ( 'NONE', *, *, #5227, .F. ) ;
#5587 = FILL_AREA_STYLE ('',( #1630 ) ) ;
#5588 =( NAMED_UNIT ( * ) PLANE_ANGLE_UNIT ( ) SI_UNIT ( $, .RADIAN. ) );
#5589 = DIRECTION ( 'NONE',  ( 0.000000000000000000, 1.000000000000000000, -0.000000000000000000 ) ) ;
#5590 = EDGE_LOOP ( 'NONE', ( #3396, #5979, #154, #1435 ) ) ;
#5591 = VERTEX_POINT ( 'NONE', #6781 ) ;
#5592 = CIRCLE ( 'NONE', #5343, 0.2999999999999999334 ) ;
#5593 = EDGE_CURVE ( 'NONE', #6251, #3141, #6204, .T. ) ;
#5594 = PRODUCT_CONTEXT ( 'NONE', #5680, 'mechanical' ) ;
#5595 = UNCERTAINTY_MEASURE_WITH_UNIT (LENGTH_MEASURE( 1.000000000000000082E-05 ), #430, 'distance_accuracy_value', 'NONE');
#5596 =( NAMED_UNIT ( * ) PLANE_ANGLE_UNIT ( ) SI_UNIT ( $, .RADIAN. ) );
#5597 =( NAMED_UNIT ( * ) SI_UNIT ( $, .STERADIAN. ) SOLID_ANGLE_UNIT ( ) );
#5598 = PRESENTATION_STYLE_ASSIGNMENT (( #3858 ) ) ;
#5599 = LINE ( 'NONE', #4922, #6671 ) ;
#5600 = VECTOR ( 'NONE', #276, 1000.000000000000000 ) ;
#5601 = ADVANCED_FACE ( 'NONE', ( #1090 ), #5675, .T. ) ;
#5602 = ADVANCED_FACE ( 'NONE', ( #214 ), #2905, .T. ) ;
#5603 = DIRECTION ( 'NONE',  ( 0.000000000000000000, 0.000000000000000000, 1.000000000000000000 ) ) ;
#5604 = SURFACE_SIDE_STYLE ('',( #3229 ) ) ;
#5605 = CARTESIAN_POINT ( 'NONE',  ( -0.4999999999999972800, -2.700000000004365575, 12.00000000000000000 ) ) ;
#5606 = CIRCLE ( 'NONE', #3663, 0.7118365096430070427 ) ;
#5607 = DIRECTION ( 'NONE',  ( 0.000000000000000000, 0.000000000000000000, 1.000000000000000000 ) ) ;
#5608 = FILL_AREA_STYLE ('',( #3828 ) ) ;
#5609 = EDGE_LOOP ( 'NONE', ( #3535, #763, #6307, #6317 ) ) ;
#5610 = CARTESIAN_POINT ( 'NONE',  ( 4.599999999999997868, 1.000000000000000888, 9.500000000000001776 ) ) ;
#5611 = LINE ( 'NONE', #6070, #50 ) ;
#5612 = COLOUR_RGB ( '',0.000000000000000000, 0.000000000000000000, 1.000000000000000000 ) ;
#5613 = CARTESIAN_POINT ( 'NONE',  ( -10.65000000000000036, 40.93805269026350402, -0.4499999999999994560 ) ) ;
#5614 = LINE ( 'NONE', #3720, #6614 ) ;
#5615 = DIRECTION ( 'NONE',  ( 0.000000000000000000, 0.000000000000000000, -1.000000000000000000 ) ) ;
#5616 = COLOUR_RGB ( '',0.000000000000000000, 0.000000000000000000, 1.000000000000000000 ) ;
#5617 = ORIENTED_EDGE ( 'NONE', *, *, #2755, .T. ) ;
#5618 = CARTESIAN_POINT ( 'NONE',  ( -9.400000000000002132, 0.5000000000000000000, -4.999999999999997335 ) ) ;
#5619 = ORIENTED_EDGE ( 'NONE', *, *, #7089, .T. ) ;
#5620 = LINE ( 'NONE', #920, #1902 ) ;
#5621 = ORIENTED_EDGE ( 'NONE', *, *, #4192, .T. ) ;
#5622 = AXIS2_PLACEMENT_3D ( 'NONE', #4721, #6050, #2478 ) ;
#5623 =( NAMED_UNIT ( * ) SI_UNIT ( $, .STERADIAN. ) SOLID_ANGLE_UNIT ( ) );
#5624 =( GEOMETRIC_REPRESENTATION_CONTEXT ( 3 ) GLOBAL_UNCERTAINTY_ASSIGNED_CONTEXT ( ( #5320 ) ) GLOBAL_UNIT_ASSIGNED_CONTEXT ( ( #978, #2647, #3821 ) ) REPRESENTATION_CONTEXT ( 'NONE', 'WORKASPACE' ) );
#5625 = DIRECTION ( 'NONE',  ( 0.000000000000000000, 0.000000000000000000, -1.000000000000000000 ) ) ;
#5626 = VECTOR ( 'NONE', #889, 1000.000000000000000 ) ;
#5627 = ORIENTED_EDGE ( 'NONE', *, *, #3324, .T. ) ;
#5628 = SURFACE_STYLE_USAGE ( .BOTH. , #368 ) ;
#5629 = CARTESIAN_POINT ( 'NONE',  ( -10.05000000000000426, 1.000000000000000888, -0.4499999999999990119 ) ) ;
#5630 = ORIENTED_EDGE ( 'NONE', *, *, #4893, .F. ) ;
#5631 = ORIENTED_EDGE ( 'NONE', *, *, #6767, .T. ) ;
#5632 =( NAMED_UNIT ( * ) SI_UNIT ( $, .STERADIAN. ) SOLID_ANGLE_UNIT ( ) );
#5633 = UNCERTAINTY_MEASURE_WITH_UNIT (LENGTH_MEASURE( 1.000000000000000082E-05 ), #1351, 'distance_accuracy_value', 'NONE');
#5634 = DIRECTION ( 'NONE',  ( -1.000000000000000000, -0.000000000000000000, -0.000000000000000000 ) ) ;
#5635 = DIRECTION ( 'NONE',  ( -0.000000000000000000, -1.000000000000000000, 0.000000000000000000 ) ) ;
#5636 = CIRCLE ( 'NONE', #2867, 1.799999999999999600 ) ;
#5637 = MECHANICAL_DESIGN_GEOMETRIC_PRESENTATION_REPRESENTATION (  '', ( #6812 ), #2869 ) ;
#5638 = EDGE_CURVE ( 'NONE', #2219, #3959, #1891, .T. ) ;
#5639 = AXIS2_PLACEMENT_3D ( 'NONE', #5370, #4768, #2650 ) ;
#5640 = DIRECTION ( 'NONE',  ( -1.000000000000000000, 0.000000000000000000, -0.000000000000000000 ) ) ;
#5641 = CARTESIAN_POINT ( 'NONE',  ( -11.35000000000000320, 0.5000000000000004441, 15.69999999999999929 ) ) ;
#5642 = LINE ( 'NONE', #7210, #725 ) ;
#5643 = CARTESIAN_POINT ( 'NONE',  ( 8.800000000000000711, 20.29999999999999716, -2.949999999999998401 ) ) ;
#5644 = COLOUR_RGB ( '',0.2509803921568627416, 0.2509803921568627416, 0.2509803921568627416 ) ;
#5645 = PRESENTATION_STYLE_ASSIGNMENT (( #5180 ) ) ;
#5646 = EDGE_CURVE ( 'NONE', #5230, #3727, #187, .T. ) ;
#5647 = SURFACE_STYLE_USAGE ( .BOTH. , #6209 ) ;
#5648 = CARTESIAN_POINT ( 'NONE',  ( -9.400000000000002132, -3.199999999992542143, -3.911836509654941452 ) ) ;
#5649 = VERTEX_POINT ( 'NONE', #2394 ) ;
#5650 = DIRECTION ( 'NONE',  ( -0.000000000000000000, 0.000000000000000000, 1.000000000000000000 ) ) ;
#5651 = STYLED_ITEM ( 'NONE', ( #7045 ), #4750 ) ;
#5652 = DIRECTION ( 'NONE',  ( 1.000000000000000000, -0.000000000000000000, 0.000000000000000000 ) ) ;
#5653 = DIRECTION ( 'NONE',  ( 1.000000000000000000, 0.000000000000000000, 0.000000000000000000 ) ) ;
#5654 = VECTOR ( 'NONE', #4789, 1000.000000000000000 ) ;
#5655 = ORIENTED_EDGE ( 'NONE', *, *, #888, .T. ) ;
#5656 = EDGE_CURVE ( 'NONE', #818, #3093, #3606, .T. ) ;
#5657 = CARTESIAN_POINT ( 'NONE',  ( -10.65000000000000391, 0.5000000000000000000, 0.7499999999999998890 ) ) ;
#5658 = ORIENTED_EDGE ( 'NONE', *, *, #3008, .F. ) ;
#5659 = PRODUCT_RELATED_PRODUCT_CATEGORY ( 'part', '', ( #3533 ) ) ;
#5660 = ORIENTED_EDGE ( 'NONE', *, *, #185, .F. ) ;
#5661 = VECTOR ( 'NONE', #239, 1000.000000000000000 ) ;
#5662 = LINE ( 'NONE', #4415, #3625 ) ;
#5663 = AXIS2_PLACEMENT_3D ( 'NONE', #5696, #131, #4519 ) ;
#5664 = DIRECTION ( 'NONE',  ( 1.000000000000000000, -0.000000000000000000, 0.000000000000000000 ) ) ;
#5665 = ORIENTED_EDGE ( 'NONE', *, *, #6670, .F. ) ;
#5666 = ORIENTED_EDGE ( 'NONE', *, *, #3653, .T. ) ;
#5667 = CARTESIAN_POINT ( 'NONE',  ( -12.80000000000000249, 1.500000000000000000, -14.69999999999999929 ) ) ;
#5668 = FILL_AREA_STYLE ('',( #3527 ) ) ;
#5669 =( NAMED_UNIT ( * ) PLANE_ANGLE_UNIT ( ) SI_UNIT ( $, .RADIAN. ) );
#5670 = VECTOR ( 'NONE', #3122, 1000.000000000000000 ) ;
#5671 = AXIS2_PLACEMENT_3D ( 'NONE', #2820, #5076, #2857 ) ;
#5672 = FACE_OUTER_BOUND ( 'NONE', #5581, .T. ) ;
#5673 =( NAMED_UNIT ( * ) PLANE_ANGLE_UNIT ( ) SI_UNIT ( $, .RADIAN. ) );
#5674 = CARTESIAN_POINT ( 'NONE',  ( -9.150000000000002132, 0.5000000000000004441, 13.79999999999999893 ) ) ;
#5675 = CYLINDRICAL_SURFACE ( 'NONE', #5074, 0.8000000000000012657 ) ;
#5676 = COLOUR_RGB ( '',0.2509803921568627416, 0.2509803921568627416, 0.2509803921568627416 ) ;
#5677 = CARTESIAN_POINT ( 'NONE',  ( -10.65000000000000391, 1.000000000000000888, 0.7499999999999998890 ) ) ;
#5678 = VECTOR ( 'NONE', #7187, 1000.000000000000000 ) ;
#5679 = EDGE_CURVE ( 'NONE', #6528, #1541, #4670, .T. ) ;
#5680 = APPLICATION_CONTEXT ( 'automotive_design' ) ;
#5681 = CYLINDRICAL_SURFACE ( 'NONE', #4182, 0.8000000000000003775 ) ;
#5682 = DIRECTION ( 'NONE',  ( -0.000000000000000000, 1.000000000000000000, 0.000000000000000000 ) ) ;
#5683 =( NAMED_UNIT ( * ) PLANE_ANGLE_UNIT ( ) SI_UNIT ( $, .RADIAN. ) );
#5684 = VECTOR ( 'NONE', #5064, 1000.000000000000000 ) ;
#5685 = EDGE_LOOP ( 'NONE', ( #1937, #2770, #2276, #2275 ) ) ;
#5686 =( NAMED_UNIT ( * ) SI_UNIT ( $, .STERADIAN. ) SOLID_ANGLE_UNIT ( ) );
#5687 =( LENGTH_UNIT ( ) NAMED_UNIT ( * ) SI_UNIT ( .MILLI., .METRE. ) );
#5688 = EDGE_CURVE ( 'NONE', #145, #323, #1384, .T. ) ;
#5689 = VERTEX_POINT ( 'NONE', #6994 ) ;
#5690 =( GEOMETRIC_REPRESENTATION_CONTEXT ( 3 ) GLOBAL_UNCERTAINTY_ASSIGNED_CONTEXT ( ( #6484 ) ) GLOBAL_UNIT_ASSIGNED_CONTEXT ( ( #4538, #2758, #1687 ) ) REPRESENTATION_CONTEXT ( 'NONE', 'WORKASPACE' ) );
#5691 =( GEOMETRIC_REPRESENTATION_CONTEXT ( 3 ) GLOBAL_UNCERTAINTY_ASSIGNED_CONTEXT ( ( #5633 ) ) GLOBAL_UNIT_ASSIGNED_CONTEXT ( ( #1351, #3588, #5332 ) ) REPRESENTATION_CONTEXT ( 'NONE', 'WORKASPACE' ) );
#5692 = CARTESIAN_POINT ( 'NONE',  ( -10.65000000000000391, 1.000000000000000000, 1.050000000000000044 ) ) ;
#5693 = ORIENTED_EDGE ( 'NONE', *, *, #4394, .T. ) ;
#5694 = CARTESIAN_POINT ( 'NONE',  ( 2.243929817321432818, 20.19999999999999929, 3.851964908660714837 ) ) ;
#5695 = DIRECTION ( 'NONE',  ( -1.000000000000000000, -0.000000000000000000, -0.000000000000000000 ) ) ;
#5696 = CARTESIAN_POINT ( 'NONE',  ( -11.38578643762690668, 0.4000000000000000222, -11.40839202169004096 ) ) ;
#5697 = AXIS2_PLACEMENT_3D ( 'NONE', #816, #741, #3071 ) ;
#5698 = EDGE_CURVE ( 'NONE', #3345, #2235, #6491, .T. ) ;
#5699 = CIRCLE ( 'NONE', #2923, 1.800000000000001155 ) ;
#5700 = CARTESIAN_POINT ( 'NONE',  ( 13.50000000000000178, 0.5000000000000004441, -3.549999999999999378 ) ) ;
#5701 = ORIENTED_EDGE ( 'NONE', *, *, #5134, .T. ) ;
#5702 = CARTESIAN_POINT ( 'NONE',  ( 12.20000000000000284, 20.39999999999999858, -7.837258300203132855 ) ) ;
#5703 = VERTEX_POINT ( 'NONE', #4128 ) ;
#5704 =( LENGTH_UNIT ( ) NAMED_UNIT ( * ) SI_UNIT ( .MILLI., .METRE. ) );
#5705 = ADVANCED_FACE ( 'NONE', ( #6392 ), #3017, .F. ) ;
#5706 = UNCERTAINTY_MEASURE_WITH_UNIT (LENGTH_MEASURE( 1.000000000000000082E-05 ), #687, 'distance_accuracy_value', 'NONE');
#5707 = SURFACE_STYLE_FILL_AREA ( #6263 ) ;
#5708 = FILL_AREA_STYLE ('',( #6237 ) ) ;
#5709 = VERTEX_POINT ( 'NONE', #2112 ) ;
#5710 = FACE_OUTER_BOUND ( 'NONE', #6880, .T. ) ;
#5711 =( LENGTH_UNIT ( ) NAMED_UNIT ( * ) SI_UNIT ( .MILLI., .METRE. ) );
#5712 =( NAMED_UNIT ( * ) PLANE_ANGLE_UNIT ( ) SI_UNIT ( $, .RADIAN. ) );
#5713 = DIRECTION ( 'NONE',  ( 1.000000000000000000, 0.000000000000000000, 0.000000000000000000 ) ) ;
#5714 =( BOUNDED_SURFACE ( )  B_SPLINE_SURFACE ( 3, 3, ( 
 ( #2208, #6077, #4939, #955 ),
 ( #1037, #7226, #1548, #5582 ),
 ( #481, #4373, #4484, #2110 ),
 ( #6223, #3799, #6117, #993 ) ),
 .UNSPECIFIED., .F., .F., .F. ) 
 B_SPLINE_SURFACE_WITH_KNOTS ( ( 4, 4 ),
 ( 4, 4 ),
 ( 0.000000000000000000, 1.000000000000000000 ),
 ( 0.000000000000000000, 1.000000000000000000 ),
 .UNSPECIFIED. ) 
 GEOMETRIC_REPRESENTATION_ITEM ( )  RATIONAL_B_SPLINE_SURFACE ( (
 ( 1.000000000000000000, 0.3333333333333334259, 0.3333333333333334259, 1.000000000000000000),
 ( 0.9106836025229574361, 0.3035612008409859230, 0.3035612008409859230, 0.9106836025229574361),
 ( 0.9106836025229574361, 0.3035612008409859230, 0.3035612008409859230, 0.9106836025229574361),
 ( 1.000000000000000000, 0.3333333333333334259, 0.3333333333333334259, 1.000000000000000000) ) ) 
 REPRESENTATION_ITEM ( '' )  SURFACE ( )  );
#5715 = DIRECTION ( 'NONE',  ( 0.000000000000000000, 0.000000000000000000, -1.000000000000000000 ) ) ;
#5716 = CARTESIAN_POINT ( 'NONE',  ( 13.50000000000000355, 18.39999999999999858, -15.69999999999999929 ) ) ;
#5717 = ORIENTED_EDGE ( 'NONE', *, *, #2616, .T. ) ;
#5718 = STYLED_ITEM ( 'NONE', ( #2594 ), #3877 ) ;
#5719 = CYLINDRICAL_SURFACE ( 'NONE', #4885, 0.1000000000000001443 ) ;
#5720 =( NAMED_UNIT ( * ) PLANE_ANGLE_UNIT ( ) SI_UNIT ( $, .RADIAN. ) );
#5721 = DIRECTION ( 'NONE',  ( -0.000000000000000000, 1.000000000000000000, 0.000000000000000000 ) ) ;
#5722 = MECHANICAL_DESIGN_GEOMETRIC_PRESENTATION_REPRESENTATION (  '', ( #6202 ), #240 ) ;
#5723 = DIRECTION ( 'NONE',  ( -1.000000000000000000, 0.000000000000000000, -0.000000000000000000 ) ) ;
#5724 = VERTEX_POINT ( 'NONE', #7074 ) ;
#5725 = CARTESIAN_POINT ( 'NONE',  ( 2.434122196186102816, 20.25490381056766509, 1.852938901906949765 ) ) ;
#5726 = ADVANCED_FACE ( 'NONE', ( #2627 ), #2001, .F. ) ;
#5727 =( NAMED_UNIT ( * ) PLANE_ANGLE_UNIT ( ) SI_UNIT ( $, .RADIAN. ) );
#5728 = DIRECTION ( 'NONE',  ( 0.000000000000000000, 0.000000000000000000, 1.000000000000000000 ) ) ;
#5729 = MECHANICAL_DESIGN_GEOMETRIC_PRESENTATION_REPRESENTATION (  '', ( #1321 ), #715 ) ;
#5730 = DIRECTION ( 'NONE',  ( 0.000000000000000000, 0.000000000000000000, -1.000000000000000000 ) ) ;
#5731 = CARTESIAN_POINT ( 'NONE',  ( 12.50000000000000178, 1.500000000000000000, -14.70000000000000107 ) ) ;
#5732 = MECHANICAL_DESIGN_GEOMETRIC_PRESENTATION_REPRESENTATION (  '', ( #5378 ), #3104 ) ;
#5733 = AXIS2_PLACEMENT_3D ( 'NONE', #6420, #7138, #6460 ) ;
#5734 = ORIENTED_EDGE ( 'NONE', *, *, #2245, .T. ) ;
#5735 = ADVANCED_FACE ( 'NONE', ( #2036 ), #1482, .T. ) ;
#5736 =( NAMED_UNIT ( * ) PLANE_ANGLE_UNIT ( ) SI_UNIT ( $, .RADIAN. ) );
#5737 = EDGE_CURVE ( 'NONE', #2750, #3179, #6737, .T. ) ;
#5738 = STYLED_ITEM ( 'NONE', ( #5820 ), #6553 ) ;
#5739 = ORIENTED_EDGE ( 'NONE', *, *, #4711, .T. ) ;
#5740 = CARTESIAN_POINT ( 'NONE',  ( 4.599999999999997868, -8.662741699796955075, 9.500000000000001776 ) ) ;
#5741 = ORIENTED_EDGE ( 'NONE', *, *, #5679, .F. ) ;
#5742 = LINE ( 'NONE', #637, #1755 ) ;
#5743 = EDGE_LOOP ( 'NONE', ( #956, #2267, #490, #1478, #3645, #3829, #714, #2623, #4446, #788, #6832, #2377, #6809, #3442, #1071, #3652 ) ) ;
#5744 = CIRCLE ( 'NONE', #132, 0.2999999999999999334 ) ;
#5745 = SURFACE_STYLE_FILL_AREA ( #2441 ) ;
#5746 = VECTOR ( 'NONE', #6500, 1000.000000000000000 ) ;
#5747 = SURFACE_SIDE_STYLE ('',( #776 ) ) ;
#5748 = LINE ( 'NONE', #3893, #5786 ) ;
#5749 = FACE_OUTER_BOUND ( 'NONE', #4211, .T. ) ;
#5750 = SURFACE_STYLE_USAGE ( .BOTH. , #2822 ) ;
#5751 = VECTOR ( 'NONE', #764, 1000.000000000000000 ) ;
#5752 = CARTESIAN_POINT ( 'NONE',  ( 0.000000000000000000, 0.5000000000000000000, -12.59160797830996259 ) ) ;
#5753 = DIRECTION ( 'NONE',  ( 0.000000000000000000, 0.000000000000000000, 1.000000000000000000 ) ) ;
#5754 = EDGE_LOOP ( 'NONE', ( #4594, #1778, #1164, #2195 ) ) ;
#5755 = VECTOR ( 'NONE', #1525, 1000.000000000000000 ) ;
#5756 = CARTESIAN_POINT ( 'NONE',  ( -12.80000000000000426, 1.000000000000000888, -14.69999999999999929 ) ) ;
#5757 = ORIENTED_EDGE ( 'NONE', *, *, #218, .T. ) ;
#5758 = STYLED_ITEM ( 'NONE', ( #5940 ), #6112 ) ;
#5759 = CARTESIAN_POINT ( 'NONE',  ( -10.65000000000000391, 1.500000000000000000, 1.050000000000000044 ) ) ;
#5760 =( NAMED_UNIT ( * ) PLANE_ANGLE_UNIT ( ) SI_UNIT ( $, .RADIAN. ) );
#5761 = ORIENTED_EDGE ( 'NONE', *, *, #113, .F. ) ;
#5762 = FILL_AREA_STYLE_COLOUR ( '', #1509 ) ;
#5763 = CARTESIAN_POINT ( 'NONE',  ( 12.30000000000000249, 20.35857864376268367, -4.750000000000000888 ) ) ;
#5764 = DIRECTION ( 'NONE',  ( 0.000000000000000000, 0.000000000000000000, 1.000000000000000000 ) ) ;
#5765 = FILL_AREA_STYLE ('',( #2382 ) ) ;
#5766 = VECTOR ( 'NONE', #5358, 1000.000000000000000 ) ;
#5767 =( GEOMETRIC_REPRESENTATION_CONTEXT ( 3 ) GLOBAL_UNCERTAINTY_ASSIGNED_CONTEXT ( ( #2051 ) ) GLOBAL_UNIT_ASSIGNED_CONTEXT ( ( #4497, #3813, #1008 ) ) REPRESENTATION_CONTEXT ( 'NONE', 'WORKASPACE' ) );
#5768 = UNCERTAINTY_MEASURE_WITH_UNIT (LENGTH_MEASURE( 1.000000000000000082E-05 ), #99, 'distance_accuracy_value', 'NONE');
#5769 = ADVANCED_FACE ( 'NONE', ( #6036 ), #401, .F. ) ;
#5770 = MECHANICAL_DESIGN_GEOMETRIC_PRESENTATION_REPRESENTATION (  '', ( #4184 ), #540 ) ;
#5771 = VERTEX_POINT ( 'NONE', #6255 ) ;
#5772 = SURFACE_STYLE_USAGE ( .BOTH. , #4022 ) ;
#5773 = SURFACE_SIDE_STYLE ('',( #4172 ) ) ;
#5774 = ORIENTED_EDGE ( 'NONE', *, *, #6775, .T. ) ;
#5775 = CARTESIAN_POINT ( 'NONE',  ( -1.963929817321425464, 20.39999999999999858, 4.051964908660712794 ) ) ;
#5776 = UNCERTAINTY_MEASURE_WITH_UNIT (LENGTH_MEASURE( 1.000000000000000082E-05 ), #5711, 'distance_accuracy_value', 'NONE');
#5777 =( LENGTH_UNIT ( ) NAMED_UNIT ( * ) SI_UNIT ( .MILLI., .METRE. ) );
#5778 = EDGE_CURVE ( 'NONE', #6127, #5053, #3617, .T. ) ;
#5779 = VECTOR ( 'NONE', #271, 1000.000000000000000 ) ;
#5780 = VERTEX_POINT ( 'NONE', #5122 ) ;
#5781 = SURFACE_STYLE_USAGE ( .BOTH. , #1158 ) ;
#5782 = FILL_AREA_STYLE ('',( #739 ) ) ;
#5783 = CARTESIAN_POINT ( 'NONE',  ( 10.20000000000000107, 1.000000000000000888, -5.450000000000000178 ) ) ;
#5784 = CARTESIAN_POINT ( 'NONE',  ( 12.50000000000000178, 1.000000000000000888, -4.249999999999999112 ) ) ;
#5785 = EDGE_CURVE ( 'NONE', #5120, #5093, #6225, .T. ) ;
#5786 = VECTOR ( 'NONE', #6857, 1000.000000000000000 ) ;
#5787 = DIRECTION ( 'NONE',  ( -0.000000000000000000, 1.000000000000000000, -0.000000000000000000 ) ) ;
#5788 = CARTESIAN_POINT ( 'NONE',  ( -11.05000000000000071, 20.29999999999999716, 15.69999999999999929 ) ) ;
#5789 = ORIENTED_EDGE ( 'NONE', *, *, #3341, .F. ) ;
#5790 = ORIENTED_EDGE ( 'NONE', *, *, #2680, .F. ) ;
#5791 = MECHANICAL_DESIGN_GEOMETRIC_PRESENTATION_REPRESENTATION (  '', ( #4580 ), #3263 ) ;
#5792 = DIRECTION ( 'NONE',  ( 0.000000000000000000, 0.000000000000000000, 1.000000000000000000 ) ) ;
#5793 = CARTESIAN_POINT ( 'NONE',  ( 0.7422483379710060891, 20.40000000000000213, 1.781409976605260237 ) ) ;
#5794 = STYLED_ITEM ( 'NONE', ( #3387 ), #2886 ) ;
#5795 = VECTOR ( 'NONE', #2168, 1000.000000000000000 ) ;
#5796 = SURFACE_SIDE_STYLE ('',( #3943 ) ) ;
#5797 = DIRECTION ( 'NONE',  ( -1.000000000000000000, -0.000000000000000000, 0.000000000000000000 ) ) ;
#5798 = EDGE_LOOP ( 'NONE', ( #3422, #6990, #331, #6993 ) ) ;
#5799 =( LENGTH_UNIT ( ) NAMED_UNIT ( * ) SI_UNIT ( .MILLI., .METRE. ) );
#5800 = SURFACE_SIDE_STYLE ('',( #1739 ) ) ;
#5801 = PRESENTATION_STYLE_ASSIGNMENT (( #3482 ) ) ;
#5802 = CARTESIAN_POINT ( 'NONE',  ( -10.05000000000000426, 1.000000000000000888, 11.30000000000000249 ) ) ;
#5803 =( NAMED_UNIT ( * ) PLANE_ANGLE_UNIT ( ) SI_UNIT ( $, .RADIAN. ) );
#5804 = VECTOR ( 'NONE', #2528, 1000.000000000000000 ) ;
#5805 = AXIS2_PLACEMENT_3D ( 'NONE', #4842, #1430, #4234 ) ;
#5806 = PRESENTATION_LAYER_ASSIGNMENT (  '', '', ( #3038 ) ) ;
#5807 = ORIENTED_EDGE ( 'NONE', *, *, #7281, .T. ) ;
#5808 = CARTESIAN_POINT ( 'NONE',  ( -11.35000000000000320, 0.4000000000000000222, 11.40839202169004096 ) ) ;
#5809 = CIRCLE ( 'NONE', #7377, 0.1000000000000002554 ) ;
#5810 = ORIENTED_EDGE ( 'NONE', *, *, #5688, .T. ) ;
#5811 = DIRECTION ( 'NONE',  ( 0.000000000000000000, 0.000000000000000000, -1.000000000000000000 ) ) ;
#5812 = FILL_AREA_STYLE ('',( #4628 ) ) ;
#5813 = ORIENTED_EDGE ( 'NONE', *, *, #716, .F. ) ;
#5814 = FACE_OUTER_BOUND ( 'NONE', #6869, .T. ) ;
#5815 = FILL_AREA_STYLE_COLOUR ( '', #5676 ) ;
#5816 = COLOUR_RGB ( '',0.000000000000000000, 0.000000000000000000, 1.000000000000000000 ) ;
#5817 = ORIENTED_EDGE ( 'NONE', *, *, #2421, .T. ) ;
#5818 =( NAMED_UNIT ( * ) PLANE_ANGLE_UNIT ( ) SI_UNIT ( $, .RADIAN. ) );
#5819 = ADVANCED_FACE ( 'NONE', ( #5025 ), #1703, .F. ) ;
#5820 = PRESENTATION_STYLE_ASSIGNMENT (( #6293 ) ) ;
#5821 = DIRECTION ( 'NONE',  ( 0.000000000000000000, -1.000000000000000000, 0.000000000000000000 ) ) ;
#5822 =( NAMED_UNIT ( * ) SI_UNIT ( $, .STERADIAN. ) SOLID_ANGLE_UNIT ( ) );
#5823 = ORIENTED_EDGE ( 'NONE', *, *, #3330, .T. ) ;
#5824 = EDGE_CURVE ( 'NONE', #5478, #3141, #1740, .T. ) ;
#5825 = ADVANCED_FACE ( 'NONE', ( #6764 ), #3243, .T. ) ;
#5826 = EDGE_CURVE ( 'NONE', #6033, #5276, #2699, .T. ) ;
#5827 = FILL_AREA_STYLE ('',( #2334 ) ) ;
#5828 =( NAMED_UNIT ( * ) SI_UNIT ( $, .STERADIAN. ) SOLID_ANGLE_UNIT ( ) );
#5829 = CARTESIAN_POINT ( 'NONE',  ( 0.000000000000000000, -3.200000000000000178, 0.000000000000000000 ) ) ;
#5830 = DIRECTION ( 'NONE',  ( -0.000000000000000000, -1.000000000000000000, -0.000000000000000000 ) ) ;
#5831 = CARTESIAN_POINT ( 'NONE',  ( 12.80000000000000249, 1.000000000000000888, -15.00000000000000000 ) ) ;
#5832 = AXIS2_PLACEMENT_3D ( 'NONE', #4989, #5068, #4343 ) ;
#5833 = DIRECTION ( 'NONE',  ( 0.000000000000000000, -0.000000000000000000, -1.000000000000000000 ) ) ;
#5834 = CYLINDRICAL_SURFACE ( 'NONE', #5319, 0.2999999999999999334 ) ;
#5835 = ORIENTED_EDGE ( 'NONE', *, *, #3977, .T. ) ;
#5836 =( NAMED_UNIT ( * ) PLANE_ANGLE_UNIT ( ) SI_UNIT ( $, .RADIAN. ) );
#5837 = CYLINDRICAL_SURFACE ( 'NONE', #1192, 0.5000000000000004441 ) ;
#5838 = DIRECTION ( 'NONE',  ( -0.000000000000000000, -1.000000000000000000, -0.000000000000000000 ) ) ;
#5839 = FILL_AREA_STYLE ('',( #1289 ) ) ;
#5840 = FILL_AREA_STYLE_COLOUR ( '', #379 ) ;
#5841 = MECHANICAL_DESIGN_GEOMETRIC_PRESENTATION_REPRESENTATION (  '', ( #3660 ), #1781 ) ;
#5842 = CIRCLE ( 'NONE', #3544, 0.8000000000000003775 ) ;
#5843 = EDGE_LOOP ( 'NONE', ( #529, #6725, #1420, #5658 ) ) ;
#5844 = AXIS2_PLACEMENT_3D ( 'NONE', #2271, #1139, #5155 ) ;
#5845 = AXIS2_PLACEMENT_3D ( 'NONE', #4660, #4556, #3448 ) ;
#5846 = ORIENTED_EDGE ( 'NONE', *, *, #178, .T. ) ;
#5847 =( NAMED_UNIT ( * ) PLANE_ANGLE_UNIT ( ) SI_UNIT ( $, .RADIAN. ) );
#5848 = ORIENTED_EDGE ( 'NONE', *, *, #1946, .T. ) ;
#5849 = MECHANICAL_DESIGN_GEOMETRIC_PRESENTATION_REPRESENTATION (  '', ( #3704 ), #3426 ) ;
#5850 = UNCERTAINTY_MEASURE_WITH_UNIT (LENGTH_MEASURE( 1.000000000000000082E-05 ), #1686, 'distance_accuracy_value', 'NONE');
#5851 = DIRECTION ( 'NONE',  ( -0.000000000000000000, 0.000000000000000000, 1.000000000000000000 ) ) ;
#5852 = CIRCLE ( 'NONE', #5845, 0.5000000000000004441 ) ;
#5853 =( GEOMETRIC_REPRESENTATION_CONTEXT ( 3 ) GLOBAL_UNCERTAINTY_ASSIGNED_CONTEXT ( ( #695 ) ) GLOBAL_UNIT_ASSIGNED_CONTEXT ( ( #109, #2856, #6964 ) ) REPRESENTATION_CONTEXT ( 'NONE', 'WORKASPACE' ) );
#5854 = ORIENTED_EDGE ( 'NONE', *, *, #4365, .T. ) ;
#5855 = CARTESIAN_POINT ( 'NONE',  ( -11.05000000000000071, 0.5000000000000003331, 16.00000000000000000 ) ) ;
#5856 = PRESENTATION_STYLE_ASSIGNMENT (( #4100 ) ) ;
#5857 = FILL_AREA_STYLE_COLOUR ( '', #6706 ) ;
#5858 = AXIS2_PLACEMENT_3D ( 'NONE', #3584, #2516, #7125 ) ;
#5859 = PRESENTATION_LAYER_ASSIGNMENT (  '', '', ( #29 ) ) ;
#5860 = SURFACE_SIDE_STYLE ('',( #4104 ) ) ;
#5861 = FILL_AREA_STYLE_COLOUR ( '', #6313 ) ;
#5862 = CYLINDRICAL_SURFACE ( 'NONE', #4722, 0.8000000000000003775 ) ;
#5863 = EDGE_CURVE ( 'NONE', #1746, #5507, #48, .T. ) ;
#5864 = CARTESIAN_POINT ( 'NONE',  ( -13.80000000000000071, 20.29999999999999716, 1.449999999999999956 ) ) ;
#5865 = EDGE_LOOP ( 'NONE', ( #4646, #1036, #5160, #650 ) ) ;
#5866 = COLOUR_RGB ( '',0.7921568627450980005, 0.8196078431372548767, 0.9333333333333333481 ) ;
#5867 = FILL_AREA_STYLE_COLOUR ( '', #2424 ) ;
#5868 = DIRECTION ( 'NONE',  ( 1.000000000000000000, -0.000000000000000000, -0.000000000000000000 ) ) ;
#5869 = DIRECTION ( 'NONE',  ( 0.000000000000000000, 0.000000000000000000, 1.000000000000000000 ) ) ;
#5870 = STYLED_ITEM ( 'NONE', ( #429 ), #7256 ) ;
#5871 = ORIENTED_EDGE ( 'NONE', *, *, #629, .T. ) ;
#5872 = EDGE_CURVE ( 'NONE', #3240, #6623, #5877, .T. ) ;
#5873 = STYLED_ITEM ( 'NONE', ( #4667 ), #1583 ) ;
#5874 = ORIENTED_EDGE ( 'NONE', *, *, #6282, .T. ) ;
#5875 = SURFACE_STYLE_FILL_AREA ( #3563 ) ;
#5876 = DIRECTION ( 'NONE',  ( -0.000000000000000000, -0.000000000000000000, -1.000000000000000000 ) ) ;
#5877 = LINE ( 'NONE', #4081, #3942 ) ;
#5878 = EDGE_CURVE ( 'NONE', #7079, #3014, #4659, .T. ) ;
#5879 = FILL_AREA_STYLE ('',( #3569 ) ) ;
#5880 = ORIENTED_EDGE ( 'NONE', *, *, #6950, .T. ) ;
#5881 =( LENGTH_UNIT ( ) NAMED_UNIT ( * ) SI_UNIT ( .MILLI., .METRE. ) );
#5882 = VERTEX_POINT ( 'NONE', #721 ) ;
#5884 =( GEOMETRIC_REPRESENTATION_CONTEXT ( 3 ) GLOBAL_UNCERTAINTY_ASSIGNED_CONTEXT ( ( #7325 ) ) GLOBAL_UNIT_ASSIGNED_CONTEXT ( ( #536, #5210, #1223 ) ) REPRESENTATION_CONTEXT ( 'NONE', 'WORKASPACE' ) );
#5883 = DIRECTION ( 'NONE',  ( 0.000000000000000000, 0.000000000000000000, 1.000000000000000000 ) ) ;
#5885 = DIRECTION ( 'NONE',  ( 0.000000000000000000, 0.000000000000000000, 1.000000000000000000 ) ) ;
#5886 = FACE_OUTER_BOUND ( 'NONE', #708, .T. ) ;
#5887 = AXIS2_PLACEMENT_3D ( 'NONE', #6773, #5518, #5558 ) ;
#5888 = CARTESIAN_POINT ( 'NONE',  ( 11.80000000000000071, 18.39999999999999858, -13.19999999999999929 ) ) ;
#5889 = VECTOR ( 'NONE', #1665, 1000.000000000000000 ) ;
#5890 = ORIENTED_EDGE ( 'NONE', *, *, #2120, .F. ) ;
#5891 = DIRECTION ( 'NONE',  ( 0.000000000000000000, 0.000000000000000000, -1.000000000000000000 ) ) ;
#5892 = SURFACE_STYLE_USAGE ( .BOTH. , #7046 ) ;
#5893 = DIRECTION ( 'NONE',  ( -0.000000000000000000, 1.000000000000000000, 0.000000000000000000 ) ) ;
#5894 = AXIS2_PLACEMENT_3D ( 'NONE', #2576, #1914, #3050 ) ;
#5895 = UNCERTAINTY_MEASURE_WITH_UNIT (LENGTH_MEASURE( 1.000000000000000082E-05 ), #3054, 'distance_accuracy_value', 'NONE');
#5896 = FILL_AREA_STYLE_COLOUR ( '', #1258 ) ;
#5897 =( GEOMETRIC_REPRESENTATION_CONTEXT ( 3 ) GLOBAL_UNCERTAINTY_ASSIGNED_CONTEXT ( ( #3223 ) ) GLOBAL_UNIT_ASSIGNED_CONTEXT ( ( #3438, #5187, #5088 ) ) REPRESENTATION_CONTEXT ( 'NONE', 'WORKASPACE' ) );
#5898 =( LENGTH_UNIT ( ) NAMED_UNIT ( * ) SI_UNIT ( .MILLI., .METRE. ) );
#5899 = PLANE ( 'NONE',  #3568 ) ;
#5900 = AXIS2_PLACEMENT_3D ( 'NONE', #6244, #4468, #3432 ) ;
#5901 = CARTESIAN_POINT ( 'NONE',  ( 12.50000000000000178, 1.000000000000000888, -14.70000000000000107 ) ) ;
#5902 = VERTEX_POINT ( 'NONE', #6943 ) ;
#5903 = SURFACE_SIDE_STYLE ('',( #6576 ) ) ;
#5904 = COLOUR_RGB ( '',0.2509803921568627416, 0.2509803921568627416, 0.2509803921568627416 ) ;
#5905 = FILL_AREA_STYLE_COLOUR ( '', #5998 ) ;
#5906 = LINE ( 'NONE', #793, #375 ) ;
#5907 = EDGE_CURVE ( 'NONE', #6127, #6649, #62, .T. ) ;
#5908 = PRESENTATION_STYLE_ASSIGNMENT (( #5268 ) ) ;
#5909 = CARTESIAN_POINT ( 'NONE',  ( 8.400000000000000355, -2.700000000118052412, -5.699999999999998401 ) ) ;
#5910 = MECHANICAL_DESIGN_GEOMETRIC_PRESENTATION_REPRESENTATION (  '', ( #4470 ), #3975 ) ;
#5911 = MECHANICAL_DESIGN_GEOMETRIC_PRESENTATION_REPRESENTATION (  '', ( #6042 ), #1756 ) ;
#5912 = SURFACE_STYLE_USAGE ( .BOTH. , #3130 ) ;
#5913 = ORIENTED_EDGE ( 'NONE', *, *, #3888, .T. ) ;
#5914 = CARTESIAN_POINT ( 'NONE',  ( 8.400000000000000355, 1.000000000000000000, -5.699999999999998401 ) ) ;
#5915 = ORIENTED_EDGE ( 'NONE', *, *, #3902, .F. ) ;
#5916 = CARTESIAN_POINT ( 'NONE',  ( -12.20000000000000284, 20.39999999999999858, -14.40000000000000391 ) ) ;
#5917 = PRESENTATION_LAYER_ASSIGNMENT (  '', '', ( #2444 ) ) ;
#5918 = PRESENTATION_LAYER_ASSIGNMENT (  '', '', ( #6042 ) ) ;
#5919 = DIRECTION ( 'NONE',  ( -0.000000000000000000, 1.000000000000000000, 0.000000000000000000 ) ) ;
#5920 = EDGE_CURVE ( 'NONE', #601, #6886, #1232, .T. ) ;
#5921 = VERTEX_POINT ( 'NONE', #5304 ) ;
#5922 = MECHANICAL_DESIGN_GEOMETRIC_PRESENTATION_REPRESENTATION (  '', ( #5200 ), #7237 ) ;
#5923 = UNCERTAINTY_MEASURE_WITH_UNIT (LENGTH_MEASURE( 1.000000000000000082E-05 ), #1762, 'distance_accuracy_value', 'NONE');
#5924 = SURFACE_STYLE_USAGE ( .BOTH. , #1380 ) ;
#5925 =( GEOMETRIC_REPRESENTATION_CONTEXT ( 3 ) GLOBAL_UNCERTAINTY_ASSIGNED_CONTEXT ( ( #2123 ) ) GLOBAL_UNIT_ASSIGNED_CONTEXT ( ( #5181, #2331, #6407 ) ) REPRESENTATION_CONTEXT ( 'NONE', 'WORKASPACE' ) );
#5926 = ORIENTED_EDGE ( 'NONE', *, *, #7096, .F. ) ;
#5927 =( LENGTH_UNIT ( ) NAMED_UNIT ( * ) SI_UNIT ( .MILLI., .METRE. ) );
#5928 = CARTESIAN_POINT ( 'NONE',  ( 7.200000000000002842, 1.000000000000000888, 14.69999999999999929 ) ) ;
#5929 = CARTESIAN_POINT ( 'NONE',  ( 11.80000000000000071, 20.39999999999999858, -13.19999999999999929 ) ) ;
#5930 = CYLINDRICAL_SURFACE ( 'NONE', #5697, 0.2999999999999999334 ) ;
#5931 = COLOUR_RGB ( '',0.000000000000000000, 0.000000000000000000, 1.000000000000000000 ) ;
#5932 = ORIENTED_EDGE ( 'NONE', *, *, #3761, .T. ) ;
#5933 = DIRECTION ( 'NONE',  ( -0.000000000000000000, 1.000000000000000000, 0.000000000000000000 ) ) ;
#5934 =( LENGTH_UNIT ( ) NAMED_UNIT ( * ) SI_UNIT ( .MILLI., .METRE. ) );
#5935 = PRESENTATION_STYLE_ASSIGNMENT (( #2486 ) ) ;
#5936 = PRESENTATION_STYLE_ASSIGNMENT (( #6413 ) ) ;
#5937 = SURFACE_STYLE_USAGE ( .BOTH. , #2455 ) ;
#5938 = ORIENTED_EDGE ( 'NONE', *, *, #5955, .F. ) ;
#5939 =( LENGTH_UNIT ( ) NAMED_UNIT ( * ) SI_UNIT ( .MILLI., .METRE. ) );
#5940 = PRESENTATION_STYLE_ASSIGNMENT (( #1952 ) ) ;
#5941 = CARTESIAN_POINT ( 'NONE',  ( 0.000000000000000000, 20.29999999999999716, -14.50000000000000000 ) ) ;
#5942 = FACE_OUTER_BOUND ( 'NONE', #213, .T. ) ;
#5943 =( GEOMETRIC_REPRESENTATION_CONTEXT ( 3 ) GLOBAL_UNCERTAINTY_ASSIGNED_CONTEXT ( ( #7202 ) ) GLOBAL_UNIT_ASSIGNED_CONTEXT ( ( #3961, #4568, #2890 ) ) REPRESENTATION_CONTEXT ( 'NONE', 'WORKASPACE' ) );
#5944 = EDGE_CURVE ( 'NONE', #3953, #5649, #1001, .T. ) ;
#5945 = ORIENTED_EDGE ( 'NONE', *, *, #5226, .T. ) ;
#5946 = DIRECTION ( 'NONE',  ( 0.000000000000000000, 0.000000000000000000, -1.000000000000000000 ) ) ;
#5947 = SURFACE_STYLE_FILL_AREA ( #6991 ) ;
#5948 = ORIENTED_EDGE ( 'NONE', *, *, #4348, .T. ) ;
#5949 =( NAMED_UNIT ( * ) PLANE_ANGLE_UNIT ( ) SI_UNIT ( $, .RADIAN. ) );
#5950 = DIRECTION ( 'NONE',  ( 0.000000000000000000, 1.000000000000000000, 0.000000000000000000 ) ) ;
#5951 = ORIENTED_EDGE ( 'NONE', *, *, #3540, .T. ) ;
#5952 = LINE ( 'NONE', #4298, #883 ) ;
#5953 = CARTESIAN_POINT ( 'NONE',  ( -12.80000000000000249, 1.000000000000000888, 0.4500000000000007327 ) ) ;
#5954 = AXIS2_PLACEMENT_3D ( 'NONE', #4387, #4465, #3890 ) ;
#5955 = EDGE_CURVE ( 'NONE', #3306, #3199, #2971, .T. ) ;
#5956 = EDGE_CURVE ( 'NONE', #1456, #4005, #203, .T. ) ;
#5957 = ORIENTED_EDGE ( 'NONE', *, *, #6438, .T. ) ;
#5958 = ORIENTED_EDGE ( 'NONE', *, *, #5499, .F. ) ;
#5959 = FACE_OUTER_BOUND ( 'NONE', #1298, .T. ) ;
#5960 =( NAMED_UNIT ( * ) PLANE_ANGLE_UNIT ( ) SI_UNIT ( $, .RADIAN. ) );
#5961 = MECHANICAL_DESIGN_GEOMETRIC_PRESENTATION_REPRESENTATION (  '', ( #5488 ), #129 ) ;
#5962 = FILL_AREA_STYLE ('',( #4916 ) ) ;
#5963 = AXIS2_PLACEMENT_3D ( 'NONE', #2612, #1060, #1614 ) ;
#5964 = SURFACE_STYLE_FILL_AREA ( #6483 ) ;
#5965 = UNCERTAINTY_MEASURE_WITH_UNIT (LENGTH_MEASURE( 1.000000000000000082E-05 ), #4804, 'distance_accuracy_value', 'NONE');
#5966 = CYLINDRICAL_SURFACE ( 'NONE', #2454, 0.5000000000000004441 ) ;
#5967 = DIRECTION ( 'NONE',  ( 0.000000000000000000, 0.000000000000000000, 1.000000000000000000 ) ) ;
#5968 = AXIS2_PLACEMENT_3D ( 'NONE', #6713, #6644, #2198 ) ;
#5969 = EDGE_CURVE ( 'NONE', #4802, #6956, #1881, .T. ) ;
#5970 = LINE ( 'NONE', #4353, #581 ) ;
#5971 = AXIS2_PLACEMENT_3D ( 'NONE', #4679, #1229, #2358 ) ;
#5972 = CARTESIAN_POINT ( 'NONE',  ( 11.38578643762690490, 0.4999999999999993339, -12.59160797830996259 ) ) ;
#5973 = FILL_AREA_STYLE_COLOUR ( '', #894 ) ;
#5974 = CARTESIAN_POINT ( 'NONE',  ( 1.458605795628255208, 20.40000000000000568, 3.302208447501285615 ) ) ;
#5975 = EDGE_LOOP ( 'NONE', ( #3674, #172, #2937, #1662 ) ) ;
#5976 = AXIS2_PLACEMENT_3D ( 'NONE', #1100, #1243, #2830 ) ;
#5977 = CARTESIAN_POINT ( 'NONE',  ( 7.200000000000001954, 1.000000000000000888, 15.00000000000000000 ) ) ;
#5978 =( LENGTH_UNIT ( ) NAMED_UNIT ( * ) SI_UNIT ( .MILLI., .METRE. ) );
#5979 = ORIENTED_EDGE ( 'NONE', *, *, #4606, .T. ) ;
#5980 = DIRECTION ( 'NONE',  ( -0.000000000000000000, 1.000000000000000000, 0.000000000000000000 ) ) ;
#5981 = DIRECTION ( 'NONE',  ( -1.000000000000000000, -0.000000000000000000, -0.000000000000000000 ) ) ;
#5982 = CIRCLE ( 'NONE', #7050, 0.8000000000000008216 ) ;
#5983 = CYLINDRICAL_SURFACE ( 'NONE', #7175, 0.2999999999999999334 ) ;
#5984 = AXIS2_PLACEMENT_3D ( 'NONE', #3609, #4819, #319 ) ;
#5985 = VECTOR ( 'NONE', #3473, 1000.000000000000000 ) ;
#5986 =( NAMED_UNIT ( * ) PLANE_ANGLE_UNIT ( ) SI_UNIT ( $, .RADIAN. ) );
#5987 = ORIENTED_EDGE ( 'NONE', *, *, #1083, .F. ) ;
#5988 = SURFACE_STYLE_USAGE ( .BOTH. , #211 ) ;
#5989 = ORIENTED_EDGE ( 'NONE', *, *, #2771, .F. ) ;
#5990 = FACE_OUTER_BOUND ( 'NONE', #2077, .T. ) ;
#5991 = DIRECTION ( 'NONE',  ( 0.000000000000000000, -1.000000000000000000, 0.000000000000000000 ) ) ;
#5992 = VERTEX_POINT ( 'NONE', #6904 ) ;
#5993 =( NAMED_UNIT ( * ) SI_UNIT ( $, .STERADIAN. ) SOLID_ANGLE_UNIT ( ) );
#5994 = CARTESIAN_POINT ( 'NONE',  ( 12.80000000000000249, 1.500000000000000000, 0.000000000000000000 ) ) ;
#5995 = UNCERTAINTY_MEASURE_WITH_UNIT (LENGTH_MEASURE( 1.000000000000000082E-05 ), #2825, 'distance_accuracy_value', 'NONE');
#5996 = DIRECTION ( 'NONE',  ( -0.000000000000000000, -1.000000000000000000, -0.000000000000000000 ) ) ;
#5997 = EDGE_CURVE ( 'NONE', #1626, #3959, #6827, .T. ) ;
#5998 = COLOUR_RGB ( '',0.000000000000000000, 0.000000000000000000, 1.000000000000000000 ) ;
#5999 = SHAPE_REPRESENTATION ( 'SLA-12VDC-SL-A', ( #3327, #1797 ), #3682 ) ;
#6000 = CIRCLE ( 'NONE', #7073, 0.8000000000000003775 ) ;
#6001 = ORIENTED_EDGE ( 'NONE', *, *, #7010, .T. ) ;
#6002 = VECTOR ( 'NONE', #2875, 1000.000000000000000 ) ;
#6003 = VERTEX_POINT ( 'NONE', #7023 ) ;
#6004 = FACE_OUTER_BOUND ( 'NONE', #1149, .T. ) ;
#6005 =( NAMED_UNIT ( * ) PLANE_ANGLE_UNIT ( ) SI_UNIT ( $, .RADIAN. ) );
#6006 = UNCERTAINTY_MEASURE_WITH_UNIT (LENGTH_MEASURE( 1.000000000000000082E-05 ), #4004, 'distance_accuracy_value', 'NONE');
#6007 = LINE ( 'NONE', #1344, #5626 ) ;
#6008 = EDGE_CURVE ( 'NONE', #2002, #1641, #5156, .T. ) ;
#6009 = PRESENTATION_STYLE_ASSIGNMENT (( #853 ) ) ;
#6010 = STYLED_ITEM ( 'NONE', ( #5645 ), #353 ) ;
#6011 = PRESENTATION_STYLE_ASSIGNMENT (( #3701 ) ) ;
#6012 = VECTOR ( 'NONE', #1864, 1000.000000000000000 ) ;
#6013 = CARTESIAN_POINT ( 'NONE',  ( 11.38578643762690490, 0.4000000000000000222, -11.40839202169004096 ) ) ;
#6014 = PRESENTATION_STYLE_ASSIGNMENT (( #6569 ) ) ;
#6015 = EDGE_CURVE ( 'NONE', #268, #3306, #747, .T. ) ;
#6016 = CARTESIAN_POINT ( 'NONE',  ( 7.000000000000000000, 20.35857864376268722, 14.50000000000000178 ) ) ;
#6017 = DIRECTION ( 'NONE',  ( 0.000000000000000000, -0.000000000000000000, -1.000000000000000000 ) ) ;
#6018 = DIRECTION ( 'NONE',  ( -0.000000000000000000, 1.000000000000000000, 0.000000000000000000 ) ) ;
#6019 = ORIENTED_EDGE ( 'NONE', *, *, #2628, .T. ) ;
#6020 = VECTOR ( 'NONE', #2972, 1000.000000000000000 ) ;
#6021 = CARTESIAN_POINT ( 'NONE',  ( 12.50000000000000178, 1.000000000000000888, -4.549999999999998934 ) ) ;
#6022 = FACE_OUTER_BOUND ( 'NONE', #4168, .T. ) ;
#6023 = VERTEX_POINT ( 'NONE', #1207 ) ;
#6024 = B_SPLINE_CURVE_WITH_KNOTS ( 'NONE', 3,
 ( #221, #5437, #7080, #1489, #3734, #773, #3067, #3028, #1927, #6518, #1969, #4221, #1423, #3108, #6044, #3654, #4260, #2552, #4179, #5393, #283, #931, #7198, #4830, #7118, #2007, #3184, #5477, #2639, #6554, #4910, #2082, #5552, #1076 ),
 .UNSPECIFIED., .F., .F.,
 ( 4, 1, 1, 2, 2, 2, 1, 1, 2, 2, 2, 1, 1, 2, 2, 2, 1, 1, 2, 2, 4 ),
 ( 0.000000000000000000, 0.06250000000000052736, 0.09375000000000086042, 0.1093750000000011380, 0.1250000000000013878, 0.2500000000000047740, 0.3125000000000063838, 0.3437500000000069944, 0.3593750000000072164, 0.3750000000000073830, 0.5000000000000087708, 0.5625000000000094369, 0.5937500000000095479, 0.6093750000000094369, 0.6250000000000094369, 0.7500000000000063283, 0.8125000000000048850, 0.8437500000000041078, 0.8593750000000036637, 0.8750000000000032196, 1.000000000000000000 ),
 .UNSPECIFIED. ) ;
#6025 = SURFACE_STYLE_FILL_AREA ( #5459 ) ;
#6026 = SURFACE_STYLE_FILL_AREA ( #4285 ) ;
#6027 = AXIS2_PLACEMENT_3D ( 'NONE', #4037, #5652, #4548 ) ;
#6028 = DIRECTION ( 'NONE',  ( 0.000000000000000000, 0.000000000000000000, 1.000000000000000000 ) ) ;
#6029 = MECHANICAL_DESIGN_GEOMETRIC_PRESENTATION_REPRESENTATION (  '', ( #6171 ), #2197 ) ;
#6030 = VECTOR ( 'NONE', #5286, 999.9999999999998863 ) ;
#6031 = ADVANCED_FACE ( 'NONE', ( #3447 ), #2907, .T. ) ;
#6032 = COLOUR_RGB ( '',0.7921568627450980005, 0.8196078431372548767, 0.9333333333333333481 ) ;
#6033 = VERTEX_POINT ( 'NONE', #4852 ) ;
#6034 = ORIENTED_EDGE ( 'NONE', *, *, #5863, .T. ) ;
#6035 = CARTESIAN_POINT ( 'NONE',  ( -0.4200048785621357528, 20.19999999999999929, 2.536834077975940183 ) ) ;
#6036 = FACE_OUTER_BOUND ( 'NONE', #3760, .T. ) ;
#6037 = ORIENTED_EDGE ( 'NONE', *, *, #7243, .F. ) ;
#6038 = DIRECTION ( 'NONE',  ( 0.000000000000000000, 0.000000000000000000, 1.000000000000000000 ) ) ;
#6039 = AXIS2_PLACEMENT_3D ( 'NONE', #7279, #2753, #2848 ) ;
#6040 = DIRECTION ( 'NONE',  ( -0.000000000000000000, 1.000000000000000000, -0.000000000000000000 ) ) ;
#6041 = ORIENTED_EDGE ( 'NONE', *, *, #5878, .T. ) ;
#6042 = STYLED_ITEM ( 'NONE', ( #5050 ), #1947 ) ;
#6043 = CARTESIAN_POINT ( 'NONE',  ( 12.50000000000000178, 1.500000000000000000, -4.249999999999999112 ) ) ;
#6044 = CARTESIAN_POINT ( 'NONE',  ( -0.7581702815826283359, 20.39999999999999858, 3.355027946050225474 ) ) ;
#6045 = VERTEX_POINT ( 'NONE', #6612 ) ;
#6046 = CARTESIAN_POINT ( 'NONE',  ( 10.20000000000000107, 1.000000000000000444, -5.699999999999998401 ) ) ;
#6047 = CARTESIAN_POINT ( 'NONE',  ( 0.4722972917912915958, 20.20000000000000639, 3.734766125784156010 ) ) ;
#6048 = CARTESIAN_POINT ( 'NONE',  ( -9.150000000000002132, 0.5000000000000001110, 7.700000000000001066 ) ) ;
#6049 = SURFACE_SIDE_STYLE ('',( #2599 ) ) ;
#6050 = DIRECTION ( 'NONE',  ( 0.000000000000000000, 0.000000000000000000, 1.000000000000000000 ) ) ;
#6051 = UNCERTAINTY_MEASURE_WITH_UNIT (LENGTH_MEASURE( 1.000000000000000082E-05 ), #1794, 'distance_accuracy_value', 'NONE');
#6052 = FILL_AREA_STYLE ('',( #3190 ) ) ;
#6053 = COLOUR_RGB ( '',0.2509803921568627416, 0.2509803921568627416, 0.2509803921568627416 ) ;
#6054 = VECTOR ( 'NONE', #5009, 1000.000000000000000 ) ;
#6055 = EDGE_CURVE ( 'NONE', #4496, #2466, #3168, .T. ) ;
#6056 = CARTESIAN_POINT ( 'NONE',  ( -9.850000000000001421, 20.29999999999999716, 14.50000000000000178 ) ) ;
#6057 =( GEOMETRIC_REPRESENTATION_CONTEXT ( 3 ) GLOBAL_UNCERTAINTY_ASSIGNED_CONTEXT ( ( #493 ) ) GLOBAL_UNIT_ASSIGNED_CONTEXT ( ( #1605, #975, #5041 ) ) REPRESENTATION_CONTEXT ( 'NONE', 'WORKASPACE' ) );
#6058 = COLOUR_RGB ( '',0.2509803921568627416, 0.2509803921568627416, 0.2509803921568627416 ) ;
#6059 = PRESENTATION_STYLE_ASSIGNMENT (( #2564 ) ) ;
#6060 = FILL_AREA_STYLE_COLOUR ( '', #301 ) ;
#6061 = DIRECTION ( 'NONE',  ( -1.000000000000000000, 0.000000000000000000, -0.000000000000000000 ) ) ;
#6062 = SURFACE_STYLE_FILL_AREA ( #472 ) ;
#6063 = VERTEX_POINT ( 'NONE', #5458 ) ;
#6064 = EDGE_CURVE ( 'NONE', #4486, #5591, #1475, .T. ) ;
#6065 = ADVANCED_FACE ( 'NONE', ( #3678 ), #6071, .T. ) ;
#6066 = CARTESIAN_POINT ( 'NONE',  ( 0.000000000000000000, 0.5000000000000000000, 12.59160797830996259 ) ) ;
#6067 =( NAMED_UNIT ( * ) PLANE_ANGLE_UNIT ( ) SI_UNIT ( $, .RADIAN. ) );
#6068 = EDGE_CURVE ( 'NONE', #4303, #7107, #5224, .T. ) ;
#6069 = ORIENTED_EDGE ( 'NONE', *, *, #5584, .F. ) ;
#6070 = CARTESIAN_POINT ( 'NONE',  ( 6.299999999999999822, 1.000000000000000888, 15.00000000000000000 ) ) ;
#6071 = PLANE ( 'NONE',  #3579 ) ;
#6072 = FACE_OUTER_BOUND ( 'NONE', #3284, .T. ) ;
#6073 = CARTESIAN_POINT ( 'NONE',  ( -10.35000000000000142, 1.000000000000000888, 15.00000000000000000 ) ) ;
#6074 = ORIENTED_EDGE ( 'NONE', *, *, #3849, .F. ) ;
#6075 = DIRECTION ( 'NONE',  ( 2.126576849442718197E-17, 0.9848077530141237101, -0.1736481776560657164 ) ) ;
#6076 = ORIENTED_EDGE ( 'NONE', *, *, #2093, .F. ) ;
#6077 = CARTESIAN_POINT ( 'NONE',  ( -1.344314575050760130, 20.19999999999999929, 3.742157287525381903 ) ) ;
#6078 = ORIENTED_EDGE ( 'NONE', *, *, #449, .T. ) ;
#6079 = CARTESIAN_POINT ( 'NONE',  ( -0.3374150051251887938, 20.20000000000000284, 3.413470425940325903 ) ) ;
#6080 = ORIENTED_EDGE ( 'NONE', *, *, #855, .F. ) ;
#6081 = SURFACE_STYLE_FILL_AREA ( #5587 ) ;
#6082 = DIRECTION ( 'NONE',  ( -0.000000000000000000, -1.000000000000000000, -0.000000000000000000 ) ) ;
#6083 = AXIS2_PLACEMENT_3D ( 'NONE', #2143, #5057, #5537 ) ;
#6084 = LINE ( 'NONE', #1633, #4039 ) ;
#6085 = STYLED_ITEM ( 'NONE', ( #5856 ), #3869 ) ;
#6086 = ORIENTED_EDGE ( 'NONE', *, *, #5217, .F. ) ;
#6087 = LINE ( 'NONE', #1006, #4872 ) ;
#6088 =( LENGTH_UNIT ( ) NAMED_UNIT ( * ) SI_UNIT ( .MILLI., .METRE. ) );
#6089 = EDGE_LOOP ( 'NONE', ( #1218, #2889, #4213, #6939, #215, #4742, #4752, #5395, #4232, #346, #2774, #5322, #4060, #7028, #6368, #4398, #23, #3690, #1156, #3811, #141, #284, #1673, #4479, #6506, #2152, #944, #91, #1833, #6845, #1195, #4197, #7033, #5153 ) ) ;
#6090 = CARTESIAN_POINT ( 'NONE',  ( 0.000000000000000000, 1.500000000000000000, 0.7499999999999998890 ) ) ;
#6091 = UNCERTAINTY_MEASURE_WITH_UNIT (LENGTH_MEASURE( 1.000000000000000082E-05 ), #5157, 'distance_accuracy_value', 'NONE');
#6092 = PLANE ( 'NONE',  #3808 ) ;
#6093 = CARTESIAN_POINT ( 'NONE',  ( -11.65000000000000036, 0.5000000000000002220, 1.749999999999999778 ) ) ;
#6094 =( NAMED_UNIT ( * ) PLANE_ANGLE_UNIT ( ) SI_UNIT ( $, .RADIAN. ) );
#6095 = MECHANICAL_DESIGN_GEOMETRIC_PRESENTATION_REPRESENTATION (  '', ( #611 ), #1085 ) ;
#6096 = VECTOR ( 'NONE', #130, 1000.000000000000000 ) ;
#6097 = AXIS2_PLACEMENT_3D ( 'NONE', #2723, #1611, #2479 ) ;
#6098 = CARTESIAN_POINT ( 'NONE',  ( 8.400000000000000355, 0.5000000000000000000, -13.29999999999999893 ) ) ;
#6099 = CARTESIAN_POINT ( 'NONE',  ( 6.299999999999999822, 40.93805269026350402, 7.700000000000003730 ) ) ;
#6100 =( NAMED_UNIT ( * ) PLANE_ANGLE_UNIT ( ) SI_UNIT ( $, .RADIAN. ) );
#6101 = CIRCLE ( 'NONE', #504, 0.7118365096521299673 ) ;
#6102 = SURFACE_STYLE_USAGE ( .BOTH. , #3367 ) ;
#6103 = SURFACE_STYLE_USAGE ( .BOTH. , #7212 ) ;
#6104 = EDGE_CURVE ( 'NONE', #5053, #6127, #406, .T. ) ;
#6105 = STYLED_ITEM ( 'NONE', ( #3007 ), #167 ) ;
#6106 = DIRECTION ( 'NONE',  ( -0.000000000000000000, -0.000000000000000000, -1.000000000000000000 ) ) ;
#6107 = ORIENTED_EDGE ( 'NONE', *, *, #363, .T. ) ;
#6108 = CARTESIAN_POINT ( 'NONE',  ( -11.35000000000000320, 20.29999999999999716, 15.69999999999999929 ) ) ;
#6109 = FILL_AREA_STYLE ('',( #2170 ) ) ;
#6110 =( LENGTH_UNIT ( ) NAMED_UNIT ( * ) SI_UNIT ( .MILLI., .METRE. ) );
#6111 = LINE ( 'NONE', #6541, #1925 ) ;
#6112 = ADVANCED_FACE ( 'NONE', ( #829 ), #4200, .T. ) ;
#6113 = AXIS2_PLACEMENT_3D ( 'NONE', #1973, #494, #4915 ) ;
#6114 = ORIENTED_EDGE ( 'NONE', *, *, #908, .T. ) ;
#6115 = VECTOR ( 'NONE', #6343, 1000.000000000000000 ) ;
#6116 = ORIENTED_EDGE ( 'NONE', *, *, #2975, .T. ) ;
#6117 = CARTESIAN_POINT ( 'NONE',  ( -1.863929817321425597, 20.35000000000000497, 1.798035091339285296 ) ) ;
#6118 = AXIS2_PLACEMENT_3D ( 'NONE', #6374, #5868, #4074 ) ;
#6119 = CARTESIAN_POINT ( 'NONE',  ( 0.3400000000000035216, 20.19999999999999929, 2.057842712474617919 ) ) ;
#6120 = SURFACE_SIDE_STYLE ('',( #27 ) ) ;
#6121 = FILL_AREA_STYLE ('',( #2739 ) ) ;
#6122 = CARTESIAN_POINT ( 'NONE',  ( 8.400000000000000355, 1.000000000000000000, -13.29999999999999893 ) ) ;
#6123 = CIRCLE ( 'NONE', #2060, 0.2999999999999999334 ) ;
#6124 = STYLED_ITEM ( 'NONE', ( #5935 ), #7251 ) ;
#6125 = SURFACE_STYLE_USAGE ( .BOTH. , #6627 ) ;
#6126 = LINE ( 'NONE', #526, #390 ) ;
#6127 = VERTEX_POINT ( 'NONE', #4476 ) ;
#6128 = DIRECTION ( 'NONE',  ( 0.000000000000000000, 1.000000000000000000, 0.000000000000000000 ) ) ;
#6129 = ORIENTED_EDGE ( 'NONE', *, *, #4114, .T. ) ;
#6130 = FACE_BOUND ( 'NONE', #5345, .T. ) ;
#6131 = FACE_OUTER_BOUND ( 'NONE', #5295, .T. ) ;
#6132 = UNCERTAINTY_MEASURE_WITH_UNIT (LENGTH_MEASURE( 1.000000000000000082E-05 ), #6668, 'distance_accuracy_value', 'NONE');
#6133 = LINE ( 'NONE', #1464, #2154 ) ;
#6134 = CARTESIAN_POINT ( 'NONE',  ( 11.80000000000000071, 20.39999999999999858, -14.80000000000000071 ) ) ;
#6135 = DIRECTION ( 'NONE',  ( 1.000000000000000000, 0.000000000000000000, 6.672013369141562259E-16 ) ) ;
#6136 = CARTESIAN_POINT ( 'NONE',  ( -12.50000000000000355, 1.000000000000000888, -15.00000000000000000 ) ) ;
#6137 = DIRECTION ( 'NONE',  ( 0.000000000000000000, 1.000000000000000000, -0.000000000000000000 ) ) ;
#6138 = MECHANICAL_DESIGN_GEOMETRIC_PRESENTATION_REPRESENTATION (  '', ( #421 ), #3245 ) ;
#6139 = CYLINDRICAL_SURFACE ( 'NONE', #2618, 0.09999999999999939493 ) ;
#6140 = CARTESIAN_POINT ( 'NONE',  ( 6.599999999999999645, 0.5000000000000000000, -5.699999999999998401 ) ) ;
#6141 = ORIENTED_EDGE ( 'NONE', *, *, #1419, .F. ) ;
#6142 = DIRECTION ( 'NONE',  ( 0.000000000000000000, -8.673617379884027583E-16, 1.000000000000000000 ) ) ;
#6143 = SURFACE_STYLE_USAGE ( .BOTH. , #585 ) ;
#6144 = DIRECTION ( 'NONE',  ( 0.000000000000000000, 0.000000000000000000, 1.000000000000000000 ) ) ;
#6145 = COLOUR_RGB ( '',0.2509803921568627416, 0.2509803921568627416, 0.2509803921568627416 ) ;
#6146 = DIRECTION ( 'NONE',  ( 0.000000000000000000, 1.000000000000000000, 0.000000000000000000 ) ) ;
#6147 = ORIENTED_EDGE ( 'NONE', *, *, #1539, .F. ) ;
#6148 = LINE ( 'NONE', #1068, #3379 ) ;
#6149 = ADVANCED_FACE ( 'NONE', ( #7296 ), #511, .F. ) ;
#6150 =( GEOMETRIC_REPRESENTATION_CONTEXT ( 3 ) GLOBAL_UNCERTAINTY_ASSIGNED_CONTEXT ( ( #1150 ) ) GLOBAL_UNIT_ASSIGNED_CONTEXT ( ( #863, #3075, #3591 ) ) REPRESENTATION_CONTEXT ( 'NONE', 'WORKASPACE' ) );
#6151 = CARTESIAN_POINT ( 'NONE',  ( -10.35000000000000142, 1.500000000000000000, 1.050000000000000044 ) ) ;
#6152 = PRESENTATION_STYLE_ASSIGNMENT (( #6186 ) ) ;
#6153 = FILL_AREA_STYLE ('',( #1592 ) ) ;
#6154 = CARTESIAN_POINT ( 'NONE',  ( 13.80000000000000071, 18.39999999999999858, -15.69999999999999929 ) ) ;
#6155 = MECHANICAL_DESIGN_GEOMETRIC_PRESENTATION_REPRESENTATION (  '', ( #189 ), #5548 ) ;
#6156 = MECHANICAL_DESIGN_GEOMETRIC_PRESENTATION_REPRESENTATION (  '', ( #5294 ), #2094 ) ;
#6157 = EDGE_CURVE ( 'NONE', #1432, #818, #6756, .T. ) ;
#6158 = LINE ( 'NONE', #3247, #4166 ) ;
#6159 = ORIENTED_EDGE ( 'NONE', *, *, #134, .T. ) ;
#6160 =( LENGTH_UNIT ( ) NAMED_UNIT ( * ) SI_UNIT ( .MILLI., .METRE. ) );
#6161 = AXIS2_PLACEMENT_3D ( 'NONE', #2249, #1562, #2946 ) ;
#6162 = PRESENTATION_LAYER_ASSIGNMENT (  '', '', ( #3027 ) ) ;
#6163 = SURFACE_STYLE_USAGE ( .BOTH. , #6632 ) ;
#6164 = UNCERTAINTY_MEASURE_WITH_UNIT (LENGTH_MEASURE( 1.000000000000000082E-05 ), #2070, 'distance_accuracy_value', 'NONE');
#6165 = LINE ( 'NONE', #3957, #1148 ) ;
#6166 =( NAMED_UNIT ( * ) SI_UNIT ( $, .STERADIAN. ) SOLID_ANGLE_UNIT ( ) );
#6167 = MECHANICAL_DESIGN_GEOMETRIC_PRESENTATION_REPRESENTATION (  '', ( #3153 ), #3385 ) ;
#6168 =( GEOMETRIC_REPRESENTATION_CONTEXT ( 3 ) GLOBAL_UNCERTAINTY_ASSIGNED_CONTEXT ( ( #5895 ) ) GLOBAL_UNIT_ASSIGNED_CONTEXT ( ( #3054, #5986, #4207 ) ) REPRESENTATION_CONTEXT ( 'NONE', 'WORKASPACE' ) );
#6169 = FILL_AREA_STYLE ('',( #3856 ) ) ;
#6170 = CARTESIAN_POINT ( 'NONE',  ( -0.4999999999999971689, 1.000000000000000888, 11.19999999999999929 ) ) ;
#6171 = STYLED_ITEM ( 'NONE', ( #5936 ), #2999 ) ;
#6172 = LINE ( 'NONE', #2161, #5549 ) ;
#6173 = AXIS2_PLACEMENT_3D ( 'NONE', #6140, #1061, #1024 ) ;
#6174 = PLANE ( 'NONE',  #5248 ) ;
#6175 = ORIENTED_EDGE ( 'NONE', *, *, #5826, .F. ) ;
#6176 =( NAMED_UNIT ( * ) PLANE_ANGLE_UNIT ( ) SI_UNIT ( $, .RADIAN. ) );
#6177 = DIRECTION ( 'NONE',  ( 4.505775262277420984E-17, 0.000000000000000000, 1.000000000000000000 ) ) ;
#6178 = FILL_AREA_STYLE_COLOUR ( '', #1612 ) ;
#6179 = VECTOR ( 'NONE', #1823, 1000.000000000000000 ) ;
#6180 = COLOUR_RGB ( '',0.000000000000000000, 0.000000000000000000, 1.000000000000000000 ) ;
#6181 = CYLINDRICAL_SURFACE ( 'NONE', #3528, 0.2999999999999999334 ) ;
#6182 = ORIENTED_EDGE ( 'NONE', *, *, #5907, .F. ) ;
#6183 = LINE ( 'NONE', #2734, #5678 ) ;
#6184 = CARTESIAN_POINT ( 'NONE',  ( 13.50000000000000178, 20.29999999999999716, -8.375735931288156522 ) ) ;
#6185 = CARTESIAN_POINT ( 'NONE',  ( -10.05000000000000426, 1.000000000000000888, 15.00000000000000000 ) ) ;
#6186 = SURFACE_STYLE_USAGE ( .BOTH. , #5026 ) ;
#6187 = FILL_AREA_STYLE ('',( #4487 ) ) ;
#6188 = DIRECTION ( 'NONE',  ( -1.000000000000000000, 0.000000000000000000, -1.122798366328030394E-16 ) ) ;
#6189 = EDGE_CURVE ( 'NONE', #1295, #2498, #2767, .T. ) ;
#6190 = FILL_AREA_STYLE ('',( #4417 ) ) ;
#6191 = CARTESIAN_POINT ( 'NONE',  ( -12.50000000000000178, 1.000000000000000888, 0.7500000000000005551 ) ) ;
#6192 = ORIENTED_EDGE ( 'NONE', *, *, #964, .F. ) ;
#6193 =( NAMED_UNIT ( * ) PLANE_ANGLE_UNIT ( ) SI_UNIT ( $, .RADIAN. ) );
#6194 =( GEOMETRIC_REPRESENTATION_CONTEXT ( 3 ) GLOBAL_UNCERTAINTY_ASSIGNED_CONTEXT ( ( #628 ) ) GLOBAL_UNIT_ASSIGNED_CONTEXT ( ( #2074, #6719, #4330 ) ) REPRESENTATION_CONTEXT ( 'NONE', 'WORKASPACE' ) );
#6195 = DIRECTION ( 'NONE',  ( -1.000000000000000000, 0.000000000000000000, 3.540251991789400432E-16 ) ) ;
#6196 = SURFACE_STYLE_USAGE ( .BOTH. , #3852 ) ;
#6197 = EDGE_CURVE ( 'NONE', #5276, #4303, #3791, .T. ) ;
#6198 = EDGE_CURVE ( 'NONE', #5902, #5093, #7336, .T. ) ;
#6199 = MECHANICAL_DESIGN_GEOMETRIC_PRESENTATION_REPRESENTATION (  '', ( #2016 ), #951 ) ;
#6200 = CARTESIAN_POINT ( 'NONE',  ( 7.500000000000001776, 1.500000000000000000, 0.000000000000000000 ) ) ;
#6201 = FILL_AREA_STYLE_COLOUR ( '', #4881 ) ;
#6202 = STYLED_ITEM ( 'NONE', ( #6510 ), #4105 ) ;
#6203 = SURFACE_STYLE_USAGE ( .BOTH. , #470 ) ;
#6204 = LINE ( 'NONE', #539, #4463 ) ;
#6205 =( NAMED_UNIT ( * ) PLANE_ANGLE_UNIT ( ) SI_UNIT ( $, .RADIAN. ) );
#6206 = EDGE_CURVE ( 'NONE', #1671, #2744, #6214, .T. ) ;
#6207 = COLOUR_RGB ( '',0.000000000000000000, 0.000000000000000000, 1.000000000000000000 ) ;
#6208 = CARTESIAN_POINT ( 'NONE',  ( 11.80000000000000071, 18.39999999999999858, -14.00000000000000000 ) ) ;
#6209 = SURFACE_SIDE_STYLE ('',( #18 ) ) ;
#6210 = DIRECTION ( 'NONE',  ( -1.000000000000000000, 0.000000000000000000, -1.224646799147353207E-16 ) ) ;
#6211 = VERTEX_POINT ( 'NONE', #986 ) ;
#6212 = DIRECTION ( 'NONE',  ( 0.000000000000000000, 1.000000000000000000, 0.000000000000000000 ) ) ;
#6213 = VECTOR ( 'NONE', #3901, 1000.000000000000000 ) ;
#6214 = LINE ( 'NONE', #548, #1324 ) ;
#6215 = DIRECTION ( 'NONE',  ( -0.000000000000000000, 1.000000000000000000, 0.000000000000000000 ) ) ;
#6216 = CARTESIAN_POINT ( 'NONE',  ( 6.085786437626904188, 0.4000000000000000222, 11.40839202169004096 ) ) ;
#6217 =( GEOMETRIC_REPRESENTATION_CONTEXT ( 3 ) GLOBAL_UNCERTAINTY_ASSIGNED_CONTEXT ( ( #4834 ) ) GLOBAL_UNIT_ASSIGNED_CONTEXT ( ( #7310, #2806, #559 ) ) REPRESENTATION_CONTEXT ( 'NONE', 'WORKASPACE' ) );
#6218 = PRESENTATION_LAYER_ASSIGNMENT (  '', '', ( #4409 ) ) ;
#6219 = ORIENTED_EDGE ( 'NONE', *, *, #2931, .F. ) ;
#6220 = STYLED_ITEM ( 'NONE', ( #6014 ), #6409 ) ;
#6221 = DIRECTION ( 'NONE',  ( 0.000000000000000000, 0.000000000000000000, -1.000000000000000000 ) ) ;
#6222 = ORIENTED_EDGE ( 'NONE', *, *, #6334, .T. ) ;
#6223 = CARTESIAN_POINT ( 'NONE',  ( 0.3400000000000036326, 20.35000000000000497, 4.001964908660714748 ) ) ;
#6224 = CARTESIAN_POINT ( 'NONE',  ( 12.20000000000000284, 20.39999999999999858, -4.850000000000000533 ) ) ;
#6225 = LINE ( 'NONE', #2737, #5559 ) ;
#6226 = ORIENTED_EDGE ( 'NONE', *, *, #4299, .T. ) ;
#6227 = STYLED_ITEM ( 'NONE', ( #6296 ), #7343 ) ;
#6228 = PRESENTATION_LAYER_ASSIGNMENT (  '', '', ( #3328 ) ) ;
#6229 = DIRECTION ( 'NONE',  ( -1.000000000000000000, 0.000000000000000000, 0.000000000000000000 ) ) ;
#6230 =( NAMED_UNIT ( * ) SI_UNIT ( $, .STERADIAN. ) SOLID_ANGLE_UNIT ( ) );
#6231 = FILL_AREA_STYLE_COLOUR ( '', #868 ) ;
#6232 = ORIENTED_EDGE ( 'NONE', *, *, #3298, .F. ) ;
#6233 = ORIENTED_EDGE ( 'NONE', *, *, #1717, .F. ) ;
#6234 = EDGE_CURVE ( 'NONE', #1541, #3407, #3914, .T. ) ;
#6235 = UNCERTAINTY_MEASURE_WITH_UNIT (LENGTH_MEASURE( 1.000000000000000082E-05 ), #1172, 'distance_accuracy_value', 'NONE');
#6236 = SURFACE_STYLE_FILL_AREA ( #5668 ) ;
#6237 = FILL_AREA_STYLE_COLOUR ( '', #3860 ) ;
#6238 =( GEOMETRIC_REPRESENTATION_CONTEXT ( 3 ) GLOBAL_UNCERTAINTY_ASSIGNED_CONTEXT ( ( #7193 ) ) GLOBAL_UNIT_ASSIGNED_CONTEXT ( ( #5110, #6205, #981 ) ) REPRESENTATION_CONTEXT ( 'NONE', 'WORKASPACE' ) );
#6239 = VECTOR ( 'NONE', #6508, 1000.000000000000000 ) ;
#6240 = AXIS2_PLACEMENT_3D ( 'NONE', #7048, #6445, #5399 ) ;
#6241 = EDGE_CURVE ( 'NONE', #1005, #7275, #7287, .T. ) ;
#6242 = CARTESIAN_POINT ( 'NONE',  ( 8.400000000000000355, 1.000000000000000888, -4.899999999999996803 ) ) ;
#6243 = FILL_AREA_STYLE ('',( #2721 ) ) ;
#6244 = CARTESIAN_POINT ( 'NONE',  ( 10.20000000000000107, 0.5000000000000000000, -13.29999999999999893 ) ) ;
#6245 = LINE ( 'NONE', #1233, #6935 ) ;
#6246 =( LENGTH_UNIT ( ) NAMED_UNIT ( * ) SI_UNIT ( .MILLI., .METRE. ) );
#6247 = LINE ( 'NONE', #1127, #85 ) ;
#6248 = ORIENTED_EDGE ( 'NONE', *, *, #2839, .F. ) ;
#6249 = EDGE_CURVE ( 'NONE', #275, #6475, #123, .T. ) ;
#6250 =( GEOMETRIC_REPRESENTATION_CONTEXT ( 3 ) GLOBAL_UNCERTAINTY_ASSIGNED_CONTEXT ( ( #1049 ) ) GLOBAL_UNIT_ASSIGNED_CONTEXT ( ( #6088, #6005, #2595 ) ) REPRESENTATION_CONTEXT ( 'NONE', 'WORKASPACE' ) );
#6251 = VERTEX_POINT ( 'NONE', #3269 ) ;
#6252 = EDGE_CURVE ( 'NONE', #5389, #5709, #476, .T. ) ;
#6253 = VERTEX_POINT ( 'NONE', #86 ) ;
#6254 = CARTESIAN_POINT ( 'NONE',  ( 13.80000000000000071, 0.4000000000000000222, -11.40839202169004096 ) ) ;
#6255 = CARTESIAN_POINT ( 'NONE',  ( -2.299999999999997158, 0.5000000000000000000, 12.00000000000000000 ) ) ;
#6256 = DIRECTION ( 'NONE',  ( 0.000000000000000000, 0.000000000000000000, -1.000000000000000000 ) ) ;
#6257 =( NAMED_UNIT ( * ) SI_UNIT ( $, .STERADIAN. ) SOLID_ANGLE_UNIT ( ) );
#6258 = FILL_AREA_STYLE ('',( #4489 ) ) ;
#6259 = PRESENTATION_STYLE_ASSIGNMENT (( #173 ) ) ;
#6260 = ORIENTED_EDGE ( 'NONE', *, *, #41, .F. ) ;
#6261 = DIRECTION ( 'NONE',  ( -0.000000000000000000, 1.000000000000000000, -0.000000000000000000 ) ) ;
#6262 = ORIENTED_EDGE ( 'NONE', *, *, #363, .F. ) ;
#6263 = FILL_AREA_STYLE ('',( #5840 ) ) ;
#6264 = AXIS2_PLACEMENT_3D ( 'NONE', #1120, #2190, #577 ) ;
#6265 = ORIENTED_EDGE ( 'NONE', *, *, #2025, .T. ) ;
#6266 =( GEOMETRIC_REPRESENTATION_CONTEXT ( 3 ) GLOBAL_UNCERTAINTY_ASSIGNED_CONTEXT ( ( #6132 ) ) GLOBAL_UNIT_ASSIGNED_CONTEXT ( ( #6668, #3194, #1189 ) ) REPRESENTATION_CONTEXT ( 'NONE', 'WORKASPACE' ) );
#6267 = DIRECTION ( 'NONE',  ( 0.000000000000000000, -1.000000000000000000, 0.000000000000000000 ) ) ;
#6268 = SURFACE_STYLE_FILL_AREA ( #6243 ) ;
#6269 = COLOUR_RGB ( '',0.7921568627450980005, 0.8196078431372548767, 0.9333333333333333481 ) ;
#6270 = FILL_AREA_STYLE_COLOUR ( '', #1971 ) ;
#6271 = ADVANCED_FACE ( 'NONE', ( #5116 ), #156, .T. ) ;
#6272 = CARTESIAN_POINT ( 'NONE',  ( 7.500000000000002665, 0.4000000000000000222, 12.59160797830996259 ) ) ;
#6273 = DIRECTION ( 'NONE',  ( 0.000000000000000000, -1.000000000000000000, 0.000000000000000000 ) ) ;
#6274 = EDGE_LOOP ( 'NONE', ( #3470, #6467, #6337, #4294 ) ) ;
#6275 = AXIS2_PLACEMENT_3D ( 'NONE', #834, #3092, #5424 ) ;
#6276 = STYLED_ITEM ( 'NONE', ( #3476 ), #3368 ) ;
#6277 = CARTESIAN_POINT ( 'NONE',  ( 8.200000000000001066, 0.5000000000000003331, 16.00000000000000000 ) ) ;
#6278 = SURFACE_STYLE_FILL_AREA ( #2335 ) ;
#6279 = DIRECTION ( 'NONE',  ( 0.000000000000000000, -0.000000000000000000, -1.000000000000000000 ) ) ;
#6280 = ORIENTED_EDGE ( 'NONE', *, *, #4149, .T. ) ;
#6281 = ADVANCED_FACE ( 'NONE', ( #6973 ), #5719, .T. ) ;
#6282 = EDGE_CURVE ( 'NONE', #7268, #960, #2030, .T. ) ;
#6283 = VERTEX_POINT ( 'NONE', #6277 ) ;
#6284 =( NAMED_UNIT ( * ) SI_UNIT ( $, .STERADIAN. ) SOLID_ANGLE_UNIT ( ) );
#6285 = CARTESIAN_POINT ( 'NONE',  ( 7.000000000000000888, 20.29999999999999716, 0.000000000000000000 ) ) ;
#6286 = UNCERTAINTY_MEASURE_WITH_UNIT (LENGTH_MEASURE( 1.000000000000000082E-05 ), #3233, 'distance_accuracy_value', 'NONE');
#6287 = ORIENTED_EDGE ( 'NONE', *, *, #4148, .F. ) ;
#6288 = CARTESIAN_POINT ( 'NONE',  ( 8.200000000000001066, 83.05825363168716535, 16.00000000000000000 ) ) ;
#6289 = ORIENTED_EDGE ( 'NONE', *, *, #667, .T. ) ;
#6290 =( NAMED_UNIT ( * ) SI_UNIT ( $, .STERADIAN. ) SOLID_ANGLE_UNIT ( ) );
#6291 = UNCERTAINTY_MEASURE_WITH_UNIT (LENGTH_MEASURE( 1.000000000000000082E-05 ), #5335, 'distance_accuracy_value', 'NONE');
#6292 = VERTEX_POINT ( 'NONE', #4006 ) ;
#6293 = SURFACE_STYLE_USAGE ( .BOTH. , #5138 ) ;
#6294 = DIRECTION ( 'NONE',  ( 1.217349807703022609E-16, 0.000000000000000000, -1.000000000000000000 ) ) ;
#6295 = SURFACE_SIDE_STYLE ('',( #4001 ) ) ;
#6296 = PRESENTATION_STYLE_ASSIGNMENT (( #6405 ) ) ;
#6297 = PRESENTATION_LAYER_ASSIGNMENT (  '', '', ( #700 ) ) ;
#6298 = SURFACE_STYLE_FILL_AREA ( #16 ) ;
#6299 = ORIENTED_EDGE ( 'NONE', *, *, #6600, .F. ) ;
#6300 = VECTOR ( 'NONE', #6477, 1000.000000000000000 ) ;
#6301 = SURFACE_SIDE_STYLE ('',( #6867 ) ) ;
#6302 = ADVANCED_FACE ( 'NONE', ( #5148 ), #2934, .F. ) ;
#6303 = DIRECTION ( 'NONE',  ( -1.000000000000000000, 0.000000000000000000, -1.636531581110195902E-16 ) ) ;
#6304 = ORIENTED_EDGE ( 'NONE', *, *, #7, .T. ) ;
#6305 = AXIS2_PLACEMENT_3D ( 'NONE', #6184, #2078, #2145 ) ;
#6306 = DIRECTION ( 'NONE',  ( 0.000000000000000000, 1.000000000000000000, 0.000000000000000000 ) ) ;
#6307 = ORIENTED_EDGE ( 'NONE', *, *, #5565, .T. ) ;
#6308 = DIRECTION ( 'NONE',  ( 0.000000000000000000, 0.000000000000000000, -1.000000000000000000 ) ) ;
#6309 = AXIS2_PLACEMENT_3D ( 'NONE', #4658, #2970, #5266 ) ;
#6310 = SURFACE_SIDE_STYLE ('',( #1741 ) ) ;
#6311 = EDGE_CURVE ( 'NONE', #3407, #5298, #6604, .T. ) ;
#6312 = VECTOR ( 'NONE', #2272, 1000.000000000000000 ) ;
#6313 = COLOUR_RGB ( '',0.000000000000000000, 0.000000000000000000, 1.000000000000000000 ) ;
#6314 = ORIENTED_EDGE ( 'NONE', *, *, #4263, .F. ) ;
#6315 = DIRECTION ( 'NONE',  ( 0.000000000000000000, 1.000000000000000000, 0.000000000000000000 ) ) ;
#6316 = VECTOR ( 'NONE', #469, 1000.000000000000000 ) ;
#6317 = ORIENTED_EDGE ( 'NONE', *, *, #5095, .T. ) ;
#6318 =( LENGTH_UNIT ( ) NAMED_UNIT ( * ) SI_UNIT ( .MILLI., .METRE. ) );
#6319 = EDGE_CURVE ( 'NONE', #6063, #6253, #7054, .T. ) ;
#6320 = CARTESIAN_POINT ( 'NONE',  ( -11.35000000000000320, 0.5000000000000000000, 0.000000000000000000 ) ) ;
#6321 = CONICAL_SURFACE ( 'NONE', #1209, 0.7999999999794439320, 0.1745329252078423599 ) ;
#6322 = COLOUR_RGB ( '',0.000000000000000000, 0.000000000000000000, 1.000000000000000000 ) ;
#6323 = ORIENTED_EDGE ( 'NONE', *, *, #1305, .T. ) ;
#6324 = LINE ( 'NONE', #3543, #3714 ) ;
#6325 = MECHANICAL_DESIGN_GEOMETRIC_PRESENTATION_REPRESENTATION (  '', ( #1211 ), #258 ) ;
#6326 = SURFACE_SIDE_STYLE ('',( #672 ) ) ;
#6327 = SURFACE_STYLE_USAGE ( .BOTH. , #5860 ) ;
#6328 = VECTOR ( 'NONE', #4640, 1000.000000000000000 ) ;
#6329 = DIRECTION ( 'NONE',  ( 0.000000000000000000, 0.9848077530093370946, 0.1736481776832116408 ) ) ;
#6330 = ORIENTED_EDGE ( 'NONE', *, *, #683, .T. ) ;
#6331 = VECTOR ( 'NONE', #4456, 1000.000000000000000 ) ;
#6332 = DIRECTION ( 'NONE',  ( -0.000000000000000000, 1.000000000000000000, -0.000000000000000000 ) ) ;
#6333 =( NAMED_UNIT ( * ) PLANE_ANGLE_UNIT ( ) SI_UNIT ( $, .RADIAN. ) );
#6334 = EDGE_CURVE ( 'NONE', #7357, #3838, #7170, .T. ) ;
#6335 =( NAMED_UNIT ( * ) SI_UNIT ( $, .STERADIAN. ) SOLID_ANGLE_UNIT ( ) );
#6336 = SURFACE_STYLE_FILL_AREA ( #2456 ) ;
#6337 = ORIENTED_EDGE ( 'NONE', *, *, #6015, .T. ) ;
#6338 = LINE ( 'NONE', #5094, #1909 ) ;
#6339 = DIRECTION ( 'NONE',  ( -0.000000000000000000, -1.000000000000000000, -0.000000000000000000 ) ) ;
#6340 = FILL_AREA_STYLE ('',( #4048 ) ) ;
#6341 = SURFACE_STYLE_USAGE ( .BOTH. , #4557 ) ;
#6342 = VECTOR ( 'NONE', #4837, 1000.000000000000000 ) ;
#6343 = DIRECTION ( 'NONE',  ( 0.000000000000000000, 1.000000000000000000, 0.000000000000000000 ) ) ;
#6344 = VECTOR ( 'NONE', #2854, 1000.000000000000000 ) ;
#6345 = UNCERTAINTY_MEASURE_WITH_UNIT (LENGTH_MEASURE( 1.000000000000000082E-05 ), #6634, 'distance_accuracy_value', 'NONE');
#6346 = PLANE ( 'NONE',  #3814 ) ;
#6347 = EDGE_CURVE ( 'NONE', #3179, #2750, #6101, .T. ) ;
#6348 = SURFACE_STYLE_FILL_AREA ( #6808 ) ;
#6349 = COLOUR_RGB ( '',0.2509803921568627416, 0.2509803921568627416, 0.2509803921568627416 ) ;
#6350 = ORIENTED_EDGE ( 'NONE', *, *, #1441, .F. ) ;
#6351 = CARTESIAN_POINT ( 'NONE',  ( 8.400000000000000355, -3.199999999992542143, -5.699999999999998401 ) ) ;
#6352 =( NAMED_UNIT ( * ) SI_UNIT ( $, .STERADIAN. ) SOLID_ANGLE_UNIT ( ) );
#6353 = ORIENTED_EDGE ( 'NONE', *, *, #7089, .F. ) ;
#6354 = CARTESIAN_POINT ( 'NONE',  ( 12.80000000000000249, 1.000000000000000888, -15.00000000000000000 ) ) ;
#6355 = UNCERTAINTY_MEASURE_WITH_UNIT (LENGTH_MEASURE( 1.000000000000000082E-05 ), #2384, 'distance_accuracy_value', 'NONE');
#6356 = DIRECTION ( 'NONE',  ( -0.000000000000000000, -1.000000000000000000, 0.000000000000000000 ) ) ;
#6357 = EDGE_CURVE ( 'NONE', #3185, #653, #860, .T. ) ;
#6358 = VERTEX_POINT ( 'NONE', #3154 ) ;
#6359 =( LENGTH_UNIT ( ) NAMED_UNIT ( * ) SI_UNIT ( .MILLI., .METRE. ) );
#6360 = SURFACE_STYLE_FILL_AREA ( #3462 ) ;
#6361 = PRESENTATION_LAYER_ASSIGNMENT (  '', '', ( #5541 ) ) ;
#6362 = FACE_OUTER_BOUND ( 'NONE', #4546, .T. ) ;
#6363 = LINE ( 'NONE', #4066, #7313 ) ;
#6364 =( LENGTH_UNIT ( ) NAMED_UNIT ( * ) SI_UNIT ( .MILLI., .METRE. ) );
#6365 = PRESENTATION_LAYER_ASSIGNMENT (  '', '', ( #189 ) ) ;
#6366 =( GEOMETRIC_REPRESENTATION_CONTEXT ( 3 ) GLOBAL_UNCERTAINTY_ASSIGNED_CONTEXT ( ( #2557 ) ) GLOBAL_UNIT_ASSIGNED_CONTEXT ( ( #2257, #5712, #2230 ) ) REPRESENTATION_CONTEXT ( 'NONE', 'WORKASPACE' ) );
#6367 = ORIENTED_EDGE ( 'NONE', *, *, #3761, .F. ) ;
#6368 = ORIENTED_EDGE ( 'NONE', *, *, #5247, .T. ) ;
#6369 = STYLED_ITEM ( 'NONE', ( #417 ), #2430 ) ;
#6370 = SURFACE_STYLE_FILL_AREA ( #5827 ) ;
#6371 =( NAMED_UNIT ( * ) SI_UNIT ( $, .STERADIAN. ) SOLID_ANGLE_UNIT ( ) );
#6372 = SURFACE_SIDE_STYLE ('',( #193 ) ) ;
#6373 = MECHANICAL_DESIGN_GEOMETRIC_PRESENTATION_REPRESENTATION (  '', ( #3264 ), #910 ) ;
#6374 = CARTESIAN_POINT ( 'NONE',  ( -12.80000000000000426, 0.5000000000000000000, -12.00000000000000000 ) ) ;
#6375 = SURFACE_STYLE_FILL_AREA ( #749 ) ;
#6376 = COLOUR_RGB ( '',0.2509803921568627416, 0.2509803921568627416, 0.2509803921568627416 ) ;
#6377 = PRESENTATION_LAYER_ASSIGNMENT (  '', '', ( #2446 ) ) ;
#6378 = CARTESIAN_POINT ( 'NONE',  ( 6.599999999999998757, 0.5000000000000001110, -5.450000000000000178 ) ) ;
#6379 = ORIENTED_EDGE ( 'NONE', *, *, #5175, .F. ) ;
#6380 = SURFACE_STYLE_FILL_AREA ( #4617 ) ;
#6381 = SURFACE_STYLE_USAGE ( .BOTH. , #3048 ) ;
#6382 = LINE ( 'NONE', #830, #4069 ) ;
#6383 = SURFACE_SIDE_STYLE ('',( #6236 ) ) ;
#6384 = MECHANICAL_DESIGN_GEOMETRIC_PRESENTATION_REPRESENTATION (  '', ( #923 ), #6266 ) ;
#6385 = COLOUR_RGB ( '',0.000000000000000000, 0.000000000000000000, 1.000000000000000000 ) ;
#6386 = DIRECTION ( 'NONE',  ( 1.000000000000000000, 0.000000000000000000, -0.000000000000000000 ) ) ;
#6387 = CARTESIAN_POINT ( 'NONE',  ( -13.80000000000000071, 20.29999999999999716, -16.00000000000000000 ) ) ;
#6388 = EDGE_LOOP ( 'NONE', ( #3516, #4527, #7174, #3026 ) ) ;
#6389 = FILL_AREA_STYLE_COLOUR ( '', #151 ) ;
#6390 = EDGE_LOOP ( 'NONE', ( #2464, #5631, #2588, #3123 ) ) ;
#6391 = FILL_AREA_STYLE_COLOUR ( '', #3305 ) ;
#6392 = FACE_OUTER_BOUND ( 'NONE', #1852, .T. ) ;
#6393 = ORIENTED_EDGE ( 'NONE', *, *, #2285, .F. ) ;
#6394 = CARTESIAN_POINT ( 'NONE',  ( 8.500000000000000000, 0.5000000000000004441, 16.00000000000000000 ) ) ;
#6395 =( NAMED_UNIT ( * ) PLANE_ANGLE_UNIT ( ) SI_UNIT ( $, .RADIAN. ) );
#6396 = EDGE_CURVE ( 'NONE', #5709, #5103, #3631, .T. ) ;
#6397 = MECHANICAL_DESIGN_GEOMETRIC_PRESENTATION_REPRESENTATION (  '', ( #2228 ), #1766 ) ;
#6398 = ORIENTED_EDGE ( 'NONE', *, *, #5878, .F. ) ;
#6399 =( NAMED_UNIT ( * ) SI_UNIT ( $, .STERADIAN. ) SOLID_ANGLE_UNIT ( ) );
#6400 =( NAMED_UNIT ( * ) SI_UNIT ( $, .STERADIAN. ) SOLID_ANGLE_UNIT ( ) );
#6401 =( NAMED_UNIT ( * ) SI_UNIT ( $, .STERADIAN. ) SOLID_ANGLE_UNIT ( ) );
#6402 = FILL_AREA_STYLE_COLOUR ( '', #7293 ) ;
#6403 = SURFACE_SIDE_STYLE ('',( #4102 ) ) ;
#6404 = ADVANCED_FACE ( 'NONE', ( #3118 ), #4883, .F. ) ;
#6405 = SURFACE_STYLE_USAGE ( .BOTH. , #6858 ) ;
#6406 =( NAMED_UNIT ( * ) SI_UNIT ( $, .STERADIAN. ) SOLID_ANGLE_UNIT ( ) );
#6407 =( NAMED_UNIT ( * ) SI_UNIT ( $, .STERADIAN. ) SOLID_ANGLE_UNIT ( ) );
#6408 = VERTEX_POINT ( 'NONE', #2998 ) ;
#6409 = ADVANCED_FACE ( 'NONE', ( #1978 ), #5407, .T. ) ;
#6410 = PRESENTATION_STYLE_ASSIGNMENT (( #3555 ) ) ;
#6411 = MECHANICAL_DESIGN_GEOMETRIC_PRESENTATION_REPRESENTATION (  '', ( #700 ), #6194 ) ;
#6412 = CARTESIAN_POINT ( 'NONE',  ( -10.05000000000000426, 1.000000000000000888, 15.00000000000000000 ) ) ;
#6413 = SURFACE_STYLE_USAGE ( .BOTH. , #6489 ) ;
#6414 = ORIENTED_EDGE ( 'NONE', *, *, #4204, .T. ) ;
#6415 = STYLED_ITEM ( 'NONE', ( #1783 ), #3844 ) ;
#6416 = CARTESIAN_POINT ( 'NONE',  ( -9.150000000000002132, 40.93805269026350402, 13.79999999999999893 ) ) ;
#6417 = SURFACE_SIDE_STYLE ('',( #2217 ) ) ;
#6418 = ORIENTED_EDGE ( 'NONE', *, *, #1805, .F. ) ;
#6419 = CARTESIAN_POINT ( 'NONE',  ( -11.35000000000000320, 0.5000000000000000000, 0.000000000000000000 ) ) ;
#6420 = CARTESIAN_POINT ( 'NONE',  ( -13.50000000000000178, 20.29999999999999716, -15.69999999999999929 ) ) ;
#6421 = DIRECTION ( 'NONE',  ( -0.000000000000000000, 1.000000000000000000, -0.000000000000000000 ) ) ;
#6422 = FACE_OUTER_BOUND ( 'NONE', #1111, .T. ) ;
#6423 = PRESENTATION_LAYER_ASSIGNMENT (  '', '', ( #2950 ) ) ;
#6424 = FACE_OUTER_BOUND ( 'NONE', #803, .T. ) ;
#6425 = ORIENTED_EDGE ( 'NONE', *, *, #2120, .T. ) ;
#6426 = PRESENTATION_LAYER_ASSIGNMENT (  '', '', ( #1321 ) ) ;
#6427 = FACE_OUTER_BOUND ( 'NONE', #4336, .T. ) ;
#6428 = CLOSED_SHELL ( 'NONE', ( #4289, #3029, #5825, #1583, #5602, #6404 ) ) ;
#6429 = CIRCLE ( 'NONE', #5963, 0.09999999999999939493 ) ;
#6430 = ORIENTED_EDGE ( 'NONE', *, *, #1043, .T. ) ;
#6431 = SURFACE_STYLE_FILL_AREA ( #3572 ) ;
#6432 = ORIENTED_EDGE ( 'NONE', *, *, #5737, .F. ) ;
#6433 = PRESENTATION_LAYER_ASSIGNMENT (  '', '', ( #4630 ) ) ;
#6434 = CARTESIAN_POINT ( 'NONE',  ( 0.000000000000000000, 1.500000000000000000, 0.000000000000000000 ) ) ;
#6435 = MECHANICAL_DESIGN_GEOMETRIC_PRESENTATION_REPRESENTATION (  '', ( #6105 ), #2624 ) ;
#6436 = VECTOR ( 'NONE', #5526, 1000.000000000000000 ) ;
#6437 = ORIENTED_EDGE ( 'NONE', *, *, #5550, .F. ) ;
#6438 = EDGE_CURVE ( 'NONE', #2337, #5120, #3332, .T. ) ;
#6439 =( LENGTH_UNIT ( ) NAMED_UNIT ( * ) SI_UNIT ( .MILLI., .METRE. ) );
#6440 = CARTESIAN_POINT ( 'NONE',  ( 6.899999999999999467, 20.39999999999999858, -4.850000000000000533 ) ) ;
#6441 = DIRECTION ( 'NONE',  ( 1.000000000000000000, 0.000000000000000000, -1.101411730778925047E-16 ) ) ;
#6442 = SURFACE_STYLE_FILL_AREA ( #5782 ) ;
#6443 = PRESENTATION_LAYER_ASSIGNMENT (  '', '', ( #4531 ) ) ;
#6444 = PRESENTATION_LAYER_ASSIGNMENT (  '', '', ( #2636 ) ) ;
#6445 = DIRECTION ( 'NONE',  ( 0.000000000000000000, 0.000000000000000000, 1.000000000000000000 ) ) ;
#6446 = DIRECTION ( 'NONE',  ( 0.000000000000000000, 0.000000000000000000, -1.000000000000000000 ) ) ;
#6447 = EDGE_CURVE ( 'NONE', #480, #4043, #501, .T. ) ;
#6448 =( GEOMETRIC_REPRESENTATION_CONTEXT ( 3 ) GLOBAL_UNCERTAINTY_ASSIGNED_CONTEXT ( ( #3139 ) ) GLOBAL_UNIT_ASSIGNED_CONTEXT ( ( #3973, #2172, #6677 ) ) REPRESENTATION_CONTEXT ( 'NONE', 'WORKASPACE' ) );
#6449 = SURFACE_STYLE_USAGE ( .BOTH. , #4271 ) ;
#6450 = CARTESIAN_POINT ( 'NONE',  ( 13.49999999999999645, 83.05825363168716535, -16.00000000000000000 ) ) ;
#6451 = SURFACE_STYLE_USAGE ( .BOTH. , #6372 ) ;
#6452 = CARTESIAN_POINT ( 'NONE',  ( 8.400000000000000355, 0.5000000000000000000, -5.699999999999998401 ) ) ;
#6453 = MECHANICAL_DESIGN_GEOMETRIC_PRESENTATION_REPRESENTATION (  '', ( #6818 ), #2513 ) ;
#6454 = EDGE_CURVE ( 'NONE', #779, #2933, #1091, .T. ) ;
#6455 =( NAMED_UNIT ( * ) PLANE_ANGLE_UNIT ( ) SI_UNIT ( $, .RADIAN. ) );
#6456 = FILL_AREA_STYLE_COLOUR ( '', #6629 ) ;
#6457 = VERTEX_POINT ( 'NONE', #6136 ) ;
#6458 = SURFACE_STYLE_USAGE ( .BOTH. , #870 ) ;
#6459 = CARTESIAN_POINT ( 'NONE',  ( -9.850000000000001421, 20.29999999999999716, 0.2499999999999994726 ) ) ;
#6460 = DIRECTION ( 'NONE',  ( 0.000000000000000000, 0.000000000000000000, -1.000000000000000000 ) ) ;
#6461 = PRESENTATION_STYLE_ASSIGNMENT (( #5269 ) ) ;
#6462 = AXIS2_PLACEMENT_3D ( 'NONE', #3412, #757, #4737 ) ;
#6463 = EDGE_CURVE ( 'NONE', #4770, #4709, #5599, .T. ) ;
#6464 = DIRECTION ( 'NONE',  ( 0.000000000000000000, 0.000000000000000000, -1.000000000000000000 ) ) ;
#6465 = EDGE_LOOP ( 'NONE', ( #1769, #2726, #3598, #6619 ) ) ;
#6466 = CARTESIAN_POINT ( 'NONE',  ( -13.50000000000000178, 0.5000000000000003331, -16.00000000000000000 ) ) ;
#6467 = ORIENTED_EDGE ( 'NONE', *, *, #3559, .T. ) ;
#6469 = CIRCLE ( 'NONE', #3236, 0.09999999999999939493 ) ;
#6468 =( LENGTH_UNIT ( ) NAMED_UNIT ( * ) SI_UNIT ( .MILLI., .METRE. ) );
#6470 = SURFACE_STYLE_USAGE ( .BOTH. , #5773 ) ;
#6471 = ORIENTED_EDGE ( 'NONE', *, *, #1717, .T. ) ;
#6472 = VECTOR ( 'NONE', #1528, 1000.000000000000000 ) ;
#6473 = SURFACE_STYLE_FILL_AREA ( #4906 ) ;
#6474 = AXIS2_PLACEMENT_3D ( 'NONE', #5384, #3094, #5946 ) ;
#6475 = VERTEX_POINT ( 'NONE', #3859 ) ;
#6476 = LINE ( 'NONE', #3142, #1934 ) ;
#6477 = DIRECTION ( 'NONE',  ( -0.000000000000000000, -1.000000000000000000, -0.000000000000000000 ) ) ;
#6478 = CARTESIAN_POINT ( 'NONE',  ( 11.80000000000000071, 18.39999999999999858, -14.00000000000000000 ) ) ;
#6479 = PLANE ( 'NONE',  #4158 ) ;
#6480 =( LENGTH_UNIT ( ) NAMED_UNIT ( * ) SI_UNIT ( .MILLI., .METRE. ) );
#6481 = COLOUR_RGB ( '',0.000000000000000000, 0.000000000000000000, 1.000000000000000000 ) ;
#6482 = COLOUR_RGB ( '',0.2509803921568627416, 0.2509803921568627416, 0.2509803921568627416 ) ;
#6483 = FILL_AREA_STYLE ('',( #4267 ) ) ;
#6484 = UNCERTAINTY_MEASURE_WITH_UNIT (LENGTH_MEASURE( 1.000000000000000082E-05 ), #4538, 'distance_accuracy_value', 'NONE');
#6485 = FILL_AREA_STYLE ('',( #5861 ) ) ;
#6486 = SURFACE_STYLE_FILL_AREA ( #4188 ) ;
#6487 = CARTESIAN_POINT ( 'NONE',  ( -0.4999999999999972800, 0.5000000000000000000, 12.00000000000000000 ) ) ;
#6488 = COLOUR_RGB ( '',0.7921568627450980005, 0.8196078431372548767, 0.9333333333333333481 ) ;
#6489 = SURFACE_SIDE_STYLE ('',( #6375 ) ) ;
#6490 = EDGE_CURVE ( 'NONE', #6358, #6127, #2684, .T. ) ;
#6491 = CIRCLE ( 'NONE', #3257, 0.4000000000000010214 ) ;
#6492 = DIRECTION ( 'NONE',  ( 1.000000000000000000, 0.000000000000000000, 1.217349807703022609E-16 ) ) ;
#6493 = CARTESIAN_POINT ( 'NONE',  ( 2.580532357699878876, 20.38169872981078257, 1.779733821150062845 ) ) ;
#6494 = ORIENTED_EDGE ( 'NONE', *, *, #6319, .T. ) ;
#6495 = PRESENTATION_LAYER_ASSIGNMENT (  '', '', ( #4580 ) ) ;
#6496 = FILL_AREA_STYLE ('',( #789 ) ) ;
#6497 =( NAMED_UNIT ( * ) SI_UNIT ( $, .STERADIAN. ) SOLID_ANGLE_UNIT ( ) );
#6498 = CARTESIAN_POINT ( 'NONE',  ( 4.599999999999997868, 0.5000000000000000000, 11.30000000000000249 ) ) ;
#6499 = LINE ( 'NONE', #5941, #5661 ) ;
#6500 = DIRECTION ( 'NONE',  ( 0.000000000000000000, -0.000000000000000000, -1.000000000000000000 ) ) ;
#6501 = EDGE_CURVE ( 'NONE', #1490, #7268, #5642, .T. ) ;
#6502 = ADVANCED_FACE ( 'NONE', ( #4466 ), #2131, .F. ) ;
#6503 = AXIS2_PLACEMENT_3D ( 'NONE', #5168, #217, #1259 ) ;
#6504 = VECTOR ( 'NONE', #5650, 1000.000000000000000 ) ;
#6505 = SURFACE_STYLE_FILL_AREA ( #6542 ) ;
#6506 = ORIENTED_EDGE ( 'NONE', *, *, #2330, .T. ) ;
#6507 = SURFACE_STYLE_FILL_AREA ( #1958 ) ;
#6508 = DIRECTION ( 'NONE',  ( -2.077513144882404736E-16, 0.000000000000000000, 1.000000000000000000 ) ) ;
#6509 = EDGE_LOOP ( 'NONE', ( #2173, #6037, #6820, #5067, #358, #5219, #1526, #7113 ) ) ;
#6510 = PRESENTATION_STYLE_ASSIGNMENT (( #4706 ) ) ;
#6511 = STYLED_ITEM ( 'NONE', ( #5371 ), #2932 ) ;
#6512 = AXIS2_PLACEMENT_3D ( 'NONE', #979, #2017, #1980 ) ;
#6513 = ORIENTED_EDGE ( 'NONE', *, *, #4846, .T. ) ;
#6514 = FILL_AREA_STYLE_COLOUR ( '', #6708 ) ;
#6515 = COLOUR_RGB ( '',0.000000000000000000, 0.000000000000000000, 1.000000000000000000 ) ;
#6516 = EDGE_CURVE ( 'NONE', #3014, #4870, #1017, .T. ) ;
#6517 = ORIENTED_EDGE ( 'NONE', *, *, #4052, .T. ) ;
#6518 = CARTESIAN_POINT ( 'NONE',  ( -0.5583666804171343312, 20.39999999999999858, 3.682573985411887740 ) ) ;
#6519 = CARTESIAN_POINT ( 'NONE',  ( 0.3400000000000035216, 20.19999999999999929, 2.899999999999999911 ) ) ;
#6520 = CARTESIAN_POINT ( 'NONE',  ( 0.5491242864250214240, 20.19999999999999929, 3.716288221431089944 ) ) ;
#6521 = SURFACE_SIDE_STYLE ('',( #4795 ) ) ;
#6522 = CARTESIAN_POINT ( 'NONE',  ( -10.65000000000000036, 0.5000000000000004441, 1.050000000000000488 ) ) ;
#6523 =( LENGTH_UNIT ( ) NAMED_UNIT ( * ) SI_UNIT ( .MILLI., .METRE. ) );
#6524 =( GEOMETRIC_REPRESENTATION_CONTEXT ( 3 ) GLOBAL_UNCERTAINTY_ASSIGNED_CONTEXT ( ( #2910 ) ) GLOBAL_UNIT_ASSIGNED_CONTEXT ( ( #4918, #5596, #6166 ) ) REPRESENTATION_CONTEXT ( 'NONE', 'WORKASPACE' ) );
#6525 = CARTESIAN_POINT ( 'NONE',  ( 8.500000000000000000, 0.5000000000000000000, 12.59160797830996259 ) ) ;
#6526 = CARTESIAN_POINT ( 'NONE',  ( -9.150000000000000355, 0.5000000000000004441, -0.4499999999999996780 ) ) ;
#6527 = FACE_OUTER_BOUND ( 'NONE', #2700, .T. ) ;
#6528 = VERTEX_POINT ( 'NONE', #7285 ) ;
#6529 = FILL_AREA_STYLE ('',( #4727 ) ) ;
#6530 = CARTESIAN_POINT ( 'NONE',  ( -13.80000000000000071, 0.5000000000000000000, -12.59160797830996259 ) ) ;
#6531 = FILL_AREA_STYLE ('',( #2450 ) ) ;
#6532 =( NAMED_UNIT ( * ) PLANE_ANGLE_UNIT ( ) SI_UNIT ( $, .RADIAN. ) );
#6533 = CARTESIAN_POINT ( 'NONE',  ( 1.438170281582635379, 20.39999999999999858, 2.444972053949753921 ) ) ;
#6534 = SURFACE_STYLE_FILL_AREA ( #3557 ) ;
#6535 = ORIENTED_EDGE ( 'NONE', *, *, #1729, .F. ) ;
#6536 = PLANE ( 'NONE',  #1098 ) ;
#6537 = PRESENTATION_STYLE_ASSIGNMENT (( #306 ) ) ;
#6538 = ORIENTED_EDGE ( 'NONE', *, *, #7139, .F. ) ;
#6539 = ADVANCED_FACE ( 'NONE', ( #1055 ), #6745, .F. ) ;
#6540 = CIRCLE ( 'NONE', #3299, 0.2999999999999999334 ) ;
#6541 = CARTESIAN_POINT ( 'NONE',  ( 7.500000000000002665, 1.000000000000000000, 14.99999999999999645 ) ) ;
#6542 = FILL_AREA_STYLE ('',( #1442 ) ) ;
#6543 = ORIENTED_EDGE ( 'NONE', *, *, #5997, .T. ) ;
#6544 = DIRECTION ( 'NONE',  ( -1.000000000000000000, 0.000000000000000000, -0.000000000000000000 ) ) ;
#6545 = ADVANCED_FACE ( 'NONE', ( #4000 ), #6888, .F. ) ;
#6546 = ORIENTED_EDGE ( 'NONE', *, *, #2137, .F. ) ;
#6547 = CIRCLE ( 'NONE', #360, 0.2999999999999999334 ) ;
#6548 = VERTEX_POINT ( 'NONE', #4063 ) ;
#6549 = CARTESIAN_POINT ( 'NONE',  ( 13.80000000000000071, 0.5000000000000003331, -3.549999999999998490 ) ) ;
#6550 = DIRECTION ( 'NONE',  ( -0.000000000000000000, -1.000000000000000000, 0.000000000000000000 ) ) ;
#6551 = PRESENTATION_LAYER_ASSIGNMENT (  '', '', ( #1553 ) ) ;
#6552 = ORIENTED_EDGE ( 'NONE', *, *, #2137, .T. ) ;
#6553 = ADVANCED_FACE ( 'NONE', ( #6362 ), #605, .T. ) ;
#6554 = CARTESIAN_POINT ( 'NONE',  ( -0.1354365853392547614, 20.39999999999999503, 1.810466183721642697 ) ) ;
#6555 = COLOUR_RGB ( '',0.000000000000000000, 0.000000000000000000, 1.000000000000000000 ) ;
#6556 = ORIENTED_EDGE ( 'NONE', *, *, #1213, .T. ) ;
#6557 = DIRECTION ( 'NONE',  ( 0.000000000000000000, 0.000000000000000000, -1.000000000000000000 ) ) ;
#6558 = CARTESIAN_POINT ( 'NONE',  ( 1.100004878562069299, 20.19999999999999929, 3.263165922024197307 ) ) ;
#6559 = SURFACE_STYLE_USAGE ( .BOTH. , #6521 ) ;
#6560 = CARTESIAN_POINT ( 'NONE',  ( -13.80000000000000071, 0.5000000000000004441, 1.749999999999999778 ) ) ;
#6561 = AXIS2_PLACEMENT_3D ( 'NONE', #424, #12, #6666 ) ;
#6562 = FILL_AREA_STYLE_COLOUR ( '', #6269 ) ;
#6563 = CIRCLE ( 'NONE', #2033, 0.2999999999999999334 ) ;
#6564 = UNCERTAINTY_MEASURE_WITH_UNIT (LENGTH_MEASURE( 1.000000000000000082E-05 ), #7161, 'distance_accuracy_value', 'NONE');
#6565 = SURFACE_STYLE_FILL_AREA ( #4268 ) ;
#6566 =( NAMED_UNIT ( * ) PLANE_ANGLE_UNIT ( ) SI_UNIT ( $, .RADIAN. ) );
#6567 = AXIS2_PLACEMENT_3D ( 'NONE', #1785, #1826, #2891 ) ;
#6568 = FILL_AREA_STYLE ('',( #5403 ) ) ;
#6569 = SURFACE_STYLE_USAGE ( .BOTH. , #4841 ) ;
#6570 =( LENGTH_UNIT ( ) NAMED_UNIT ( * ) SI_UNIT ( .MILLI., .METRE. ) );
#6571 = CARTESIAN_POINT ( 'NONE',  ( -5.600000000000000533, 1.000000000000000444, 11.30000000000000249 ) ) ;
#6572 = CARTESIAN_POINT ( 'NONE',  ( 0.8154365853392980812, 20.39999999999999858, 3.989533816278344247 ) ) ;
#6573 =( GEOMETRIC_REPRESENTATION_CONTEXT ( 3 ) GLOBAL_UNCERTAINTY_ASSIGNED_CONTEXT ( ( #7244 ) ) GLOBAL_UNIT_ASSIGNED_CONTEXT ( ( #7097, #2375, #1433 ) ) REPRESENTATION_CONTEXT ( 'NONE', 'WORKASPACE' ) );
#6574 = CARTESIAN_POINT ( 'NONE',  ( -5.600000000000000533, -3.199999999992542143, 9.500000000000001776 ) ) ;
#6575 = ORIENTED_EDGE ( 'NONE', *, *, #1984, .T. ) ;
#6576 = SURFACE_STYLE_FILL_AREA ( #269 ) ;
#6577 = FILL_AREA_STYLE ('',( #270 ) ) ;
#6578 = DIRECTION ( 'NONE',  ( 0.000000000000000000, 0.000000000000000000, 1.000000000000000000 ) ) ;
#6579 = PRESENTATION_LAYER_ASSIGNMENT (  '', '', ( #2649 ) ) ;
#6580 = VECTOR ( 'NONE', #617, 1000.000000000000000 ) ;
#6581 = VERTEX_POINT ( 'NONE', #7160 ) ;
#6582 = EDGE_LOOP ( 'NONE', ( #1255, #1412, #343, #5987 ) ) ;
#6583 = CARTESIAN_POINT ( 'NONE',  ( -0.4948249572373578098, 20.19999999999999929, 3.032148419977696463 ) ) ;
#6584 = ORIENTED_EDGE ( 'NONE', *, *, #1856, .T. ) ;
#6585 = UNCERTAINTY_MEASURE_WITH_UNIT (LENGTH_MEASURE( 1.000000000000000082E-05 ), #3224, 'distance_accuracy_value', 'NONE');
#6586 = CARTESIAN_POINT ( 'NONE',  ( 13.80000000000000071, 83.05825363168716535, -15.69999999999999929 ) ) ;
#6587 = VECTOR ( 'NONE', #625, 1000.000000000000000 ) ;
#6588 = EDGE_CURVE ( 'NONE', #5165, #4596, #620, .T. ) ;
#6589 = MECHANICAL_DESIGN_GEOMETRIC_PRESENTATION_REPRESENTATION (  '', ( #3585 ), #4558 ) ;
#6590 = ORIENTED_EDGE ( 'NONE', *, *, #1051, .T. ) ;
#6591 = MECHANICAL_DESIGN_GEOMETRIC_PRESENTATION_REPRESENTATION (  '', ( #3587 ), #3709 ) ;
#6592 = VERTEX_POINT ( 'NONE', #2598 ) ;
#6593 = SURFACE_SIDE_STYLE ('',( #2050 ) ) ;
#6594 =( LENGTH_UNIT ( ) NAMED_UNIT ( * ) SI_UNIT ( .MILLI., .METRE. ) );
#6595 = UNCERTAINTY_MEASURE_WITH_UNIT (LENGTH_MEASURE( 1.000000000000000082E-05 ), #2916, 'distance_accuracy_value', 'NONE');
#6596 = CARTESIAN_POINT ( 'NONE',  ( 0.000000000000000000, 20.39999999999999858, 14.40000000000000391 ) ) ;
#6597 = DIRECTION ( 'NONE',  ( -1.000000000000000000, 0.000000000000000000, 0.000000000000000000 ) ) ;
#6598 = FILL_AREA_STYLE_COLOUR ( '', #5816 ) ;
#6599 = EDGE_CURVE ( 'NONE', #5053, #5557, #1307, .T. ) ;
#6600 = EDGE_CURVE ( 'NONE', #5250, #1432, #5128, .T. ) ;
#6601 = EDGE_CURVE ( 'NONE', #399, #2868, #5359, .T. ) ;
#6602 = CARTESIAN_POINT ( 'NONE',  ( -9.750000000000001776, 20.39999999999999858, 14.40000000000000391 ) ) ;
#6603 = AXIS2_PLACEMENT_3D ( 'NONE', #5731, #4621, #6803 ) ;
#6604 = LINE ( 'NONE', #229, #3206 ) ;
#6605 = DIRECTION ( 'NONE',  ( 0.000000000000000000, 0.000000000000000000, 1.000000000000000000 ) ) ;
#6606 = CARTESIAN_POINT ( 'NONE',  ( 1.452642509165777529, 20.39999999999999858, 3.318469935496879852 ) ) ;
#6607 = DIRECTION ( 'NONE',  ( 1.000000000000000000, 0.000000000000000000, 1.217349807703022609E-16 ) ) ;
#6608 = EDGE_LOOP ( 'NONE', ( #5010, #7200, #1957, #6233 ) ) ;
#6609 = COLOUR_RGB ( '',0.000000000000000000, 0.000000000000000000, 1.000000000000000000 ) ;
#6610 = EDGE_LOOP ( 'NONE', ( #3884, #2815, #5948, #4747, #6658, #3644, #4261, #1643, #6837, #5734, #5435, #6129 ) ) ;
#6611 = LINE ( 'NONE', #1026, #5795 ) ;
#6612 = CARTESIAN_POINT ( 'NONE',  ( -9.400000000000002132, 0.5000000000000000000, -1.399999999999998579 ) ) ;
#6613 = SURFACE_SIDE_STYLE ('',( #6026 ) ) ;
#6614 = VECTOR ( 'NONE', #2266, 1000.000000000000000 ) ;
#6615 = DIRECTION ( 'NONE',  ( 1.000000000000000000, 0.000000000000000000, 0.000000000000000000 ) ) ;
#6616 = ORIENTED_EDGE ( 'NONE', *, *, #2660, .F. ) ;
#6617 = COLOUR_RGB ( '',0.7921568627450980005, 0.8196078431372548767, 0.9333333333333333481 ) ;
#6618 = STYLED_ITEM ( 'NONE', ( #6825 ), #5601 ) ;
#6619 = ORIENTED_EDGE ( 'NONE', *, *, #1052, .F. ) ;
#6620 = ORIENTED_EDGE ( 'NONE', *, *, #6767, .F. ) ;
#6621 = CARTESIAN_POINT ( 'NONE',  ( -0.4536793830374879488, 20.19999999999999929, 3.183040514538880039 ) ) ;
#6622 = FILL_AREA_STYLE_COLOUR ( '', #4582 ) ;
#6623 = VERTEX_POINT ( 'NONE', #2477 ) ;
#6624 = CARTESIAN_POINT ( 'NONE',  ( 8.400000000000000355, -8.662741699796955075, -5.699999999999998401 ) ) ;
#6625 =( GEOMETRIC_REPRESENTATION_CONTEXT ( 3 ) GLOBAL_UNCERTAINTY_ASSIGNED_CONTEXT ( ( #6633 ) ) GLOBAL_UNIT_ASSIGNED_CONTEXT ( ( #2550, #4256, #3730 ) ) REPRESENTATION_CONTEXT ( 'NONE', 'WORKASPACE' ) );
#6626 = VECTOR ( 'NONE', #6755, 1000.000000000000000 ) ;
#6627 = SURFACE_SIDE_STYLE ('',( #3280 ) ) ;
#6628 = CARTESIAN_POINT ( 'NONE',  ( 6.999999999999999112, 20.29999999999999716, 14.50000000000000178 ) ) ;
#6629 = COLOUR_RGB ( '',0.000000000000000000, 0.000000000000000000, 1.000000000000000000 ) ;
#6630 = EDGE_LOOP ( 'NONE', ( #2692, #4704, #2118, #3134 ) ) ;
#6631 = ADVANCED_FACE ( 'NONE', ( #4101 ), #6479, .F. ) ;
#6632 = SURFACE_SIDE_STYLE ('',( #5104 ) ) ;
#6633 = UNCERTAINTY_MEASURE_WITH_UNIT (LENGTH_MEASURE( 1.000000000000000082E-05 ), #2550, 'distance_accuracy_value', 'NONE');
#6634 =( LENGTH_UNIT ( ) NAMED_UNIT ( * ) SI_UNIT ( .MILLI., .METRE. ) );
#6635 = SURFACE_STYLE_USAGE ( .BOTH. , #912 ) ;
#6636 = MECHANICAL_DESIGN_GEOMETRIC_PRESENTATION_REPRESENTATION (  '', ( #3038 ), #5691 ) ;
#6637 = DIRECTION ( 'NONE',  ( 0.000000000000000000, 0.000000000000000000, 1.000000000000000000 ) ) ;
#6638 = EDGE_CURVE ( 'NONE', #3944, #434, #3112, .T. ) ;
#6639 = PRESENTATION_STYLE_ASSIGNMENT (( #4390 ) ) ;
#6640 = CARTESIAN_POINT ( 'NONE',  ( -12.80000000000000249, 0.5000000000000000000, 0.7500000000000006661 ) ) ;
#6641 = SURFACE_STYLE_USAGE ( .BOTH. , #4396 ) ;
#6642 = ORIENTED_EDGE ( 'NONE', *, *, #5447, .F. ) ;
#6643 = EDGE_CURVE ( 'NONE', #5992, #5339, #6007, .T. ) ;
#6644 = DIRECTION ( 'NONE',  ( -2.655188993842048968E-16, 0.000000000000000000, -1.000000000000000000 ) ) ;
#6645 = CARTESIAN_POINT ( 'NONE',  ( 6.300000000000000711, 0.5000000000000004441, -5.450000000000000178 ) ) ;
#6646 =( NAMED_UNIT ( * ) SI_UNIT ( $, .STERADIAN. ) SOLID_ANGLE_UNIT ( ) );
#6647 = VERTEX_POINT ( 'NONE', #5929 ) ;
#6648 = FILL_AREA_STYLE ('',( #4898 ) ) ;
#6649 = VERTEX_POINT ( 'NONE', #4138 ) ;
#6650 = DIRECTION ( 'NONE',  ( 0.000000000000000000, 0.000000000000000000, -1.000000000000000000 ) ) ;
#6651 = CARTESIAN_POINT ( 'NONE',  ( -0.4381090118485898577, 20.20000000000000284, 2.577603489622075639 ) ) ;
#6652 = FILL_AREA_STYLE ('',( #2546 ) ) ;
#6653 = CYLINDRICAL_SURFACE ( 'NONE', #722, 0.2999999999999999334 ) ;
#6654 =( NAMED_UNIT ( * ) PLANE_ANGLE_UNIT ( ) SI_UNIT ( $, .RADIAN. ) );
#6655 = SURFACE_STYLE_FILL_AREA ( #6805 ) ;
#6656 =( NAMED_UNIT ( * ) SI_UNIT ( $, .STERADIAN. ) SOLID_ANGLE_UNIT ( ) );
#6657 = VERTEX_POINT ( 'NONE', #2991 ) ;
#6658 = ORIENTED_EDGE ( 'NONE', *, *, #5638, .T. ) ;
#6659 = FILL_AREA_STYLE_COLOUR ( '', #7332 ) ;
#6660 = UNCERTAINTY_MEASURE_WITH_UNIT (LENGTH_MEASURE( 1.000000000000000082E-05 ), #2805, 'distance_accuracy_value', 'NONE');
#6661 = SURFACE_SIDE_STYLE ('',( #2752 ) ) ;
#6662 =( NAMED_UNIT ( * ) SI_UNIT ( $, .STERADIAN. ) SOLID_ANGLE_UNIT ( ) );
#6663 = FACE_OUTER_BOUND ( 'NONE', #2544, .T. ) ;
#6664 = COLOUR_RGB ( '',0.2509803921568627416, 0.2509803921568627416, 0.2509803921568627416 ) ;
#6665 = VECTOR ( 'NONE', #5876, 1000.000000000000000 ) ;
#6666 = DIRECTION ( 'NONE',  ( 0.000000000000000000, 0.000000000000000000, 1.000000000000000000 ) ) ;
#6667 = DIRECTION ( 'NONE',  ( 0.000000000000000000, 0.000000000000000000, 1.000000000000000000 ) ) ;
#6668 =( LENGTH_UNIT ( ) NAMED_UNIT ( * ) SI_UNIT ( .MILLI., .METRE. ) );
#6669 = AXIS2_PLACEMENT_3D ( 'NONE', #709, #6332, #2865 ) ;
#6670 = EDGE_CURVE ( 'NONE', #5902, #2337, #5440, .T. ) ;
#6671 = VECTOR ( 'NONE', #7250, 1000.000000000000000 ) ;
#6672 = CARTESIAN_POINT ( 'NONE',  ( 0.3400000000000035771, 20.50000000000000000, 3.742157287525381903 ) ) ;
#6673 = ORIENTED_EDGE ( 'NONE', *, *, #2091, .T. ) ;
#6674 = SURFACE_STYLE_USAGE ( .BOTH. , #3268 ) ;
#6675 = DIRECTION ( 'NONE',  ( -1.000000000000000000, 0.000000000000000000, 0.000000000000000000 ) ) ;
#6676 =( LENGTH_UNIT ( ) NAMED_UNIT ( * ) SI_UNIT ( .MILLI., .METRE. ) );
#6677 =( NAMED_UNIT ( * ) SI_UNIT ( $, .STERADIAN. ) SOLID_ANGLE_UNIT ( ) );
#6678 = AXIS2_PLACEMENT_3D ( 'NONE', #5482, #5519, #416 ) ;
#6679 = VERTEX_POINT ( 'NONE', #3582 ) ;
#6680 = EDGE_CURVE ( 'NONE', #3959, #4513, #3070, .T. ) ;
#6681 = CYLINDRICAL_SURFACE ( 'NONE', #4633, 0.1000000000000002554 ) ;
#6682 = ORIENTED_EDGE ( 'NONE', *, *, #422, .T. ) ;
#6683 = FILL_AREA_STYLE ('',( #516 ) ) ;
#6684 = CIRCLE ( 'NONE', #2973, 0.2999999999999999334 ) ;
#6685 = DIRECTION ( 'NONE',  ( 0.000000000000000000, 1.000000000000000000, 0.000000000000000000 ) ) ;
#6686 = DIRECTION ( 'NONE',  ( 0.000000000000000000, -0.000000000000000000, -1.000000000000000000 ) ) ;
#6687 = EDGE_LOOP ( 'NONE', ( #662, #413, #1515, #7238 ) ) ;
#6688 = FACE_OUTER_BOUND ( 'NONE', #438, .T. ) ;
#6689 = COLOUR_RGB ( '',0.2509803921568627416, 0.2509803921568627416, 0.2509803921568627416 ) ;
#6690 = DIRECTION ( 'NONE',  ( 4.505775262277420984E-17, 0.000000000000000000, 1.000000000000000000 ) ) ;
#6691 = CARTESIAN_POINT ( 'NONE',  ( 11.60000000000000142, 40.93805269026350402, -13.79999999999999716 ) ) ;
#6692 = VECTOR ( 'NONE', #5080, 1000.000000000000000 ) ;
#6693 = EDGE_LOOP ( 'NONE', ( #1212, #3804, #4013, #5813 ) ) ;
#6694 = FILL_AREA_STYLE ('',( #4495 ) ) ;
#6695 = CARTESIAN_POINT ( 'NONE',  ( 0.3400000000000035216, 20.19999999999999929, 2.057842712474617919 ) ) ;
#6696 = FILL_AREA_STYLE ('',( #2713 ) ) ;
#6697 = SURFACE_STYLE_USAGE ( .BOTH. , #4995 ) ;
#6698 = UNCERTAINTY_MEASURE_WITH_UNIT (LENGTH_MEASURE( 1.000000000000000082E-05 ), #1, 'distance_accuracy_value', 'NONE');
#6699 = DIRECTION ( 'NONE',  ( -1.000000000000000000, 0.000000000000000000, -1.636531581110195902E-16 ) ) ;
#6700 = PRESENTATION_LAYER_ASSIGNMENT (  '', '', ( #2656 ) ) ;
#6701 = SURFACE_STYLE_FILL_AREA ( #4961 ) ;
#6702 = SURFACE_SIDE_STYLE ('',( #2158 ) ) ;
#6703 = SURFACE_STYLE_FILL_AREA ( #4428 ) ;
#6704 = DIRECTION ( 'NONE',  ( 0.000000000000000000, -1.000000000000000000, 0.000000000000000000 ) ) ;
#6705 = DIRECTION ( 'NONE',  ( -0.000000000000000000, 1.000000000000000000, 0.000000000000000000 ) ) ;
#6706 = COLOUR_RGB ( '',0.000000000000000000, 0.000000000000000000, 1.000000000000000000 ) ;
#6707 =( NAMED_UNIT ( * ) SI_UNIT ( $, .STERADIAN. ) SOLID_ANGLE_UNIT ( ) );
#6708 = COLOUR_RGB ( '',0.7921568627450980005, 0.8196078431372548767, 0.9333333333333333481 ) ;
#6709 = DIRECTION ( 'NONE',  ( 1.000000000000000000, 0.000000000000000000, 0.000000000000000000 ) ) ;
#6710 = LINE ( 'NONE', #1653, #6054 ) ;
#6711 = ORIENTED_EDGE ( 'NONE', *, *, #5186, .T. ) ;
#6712 = FACE_OUTER_BOUND ( 'NONE', #455, .T. ) ;
#6713 = CARTESIAN_POINT ( 'NONE',  ( -9.150000000000000355, 40.93805269026350402, -0.4499999999999996780 ) ) ;
#6714 = EDGE_CURVE ( 'NONE', #5069, #145, #775, .T. ) ;
#6715 = DIRECTION ( 'NONE',  ( -1.000000000000000000, 0.000000000000000000, 0.000000000000000000 ) ) ;
#6716 = FILL_AREA_STYLE ('',( #4400 ) ) ;
#6717 = STYLED_ITEM ( 'NONE', ( #1843 ), #5087 ) ;
#6718 = VERTEX_POINT ( 'NONE', #223 ) ;
#6719 =( NAMED_UNIT ( * ) PLANE_ANGLE_UNIT ( ) SI_UNIT ( $, .RADIAN. ) );
#6720 = VERTEX_POINT ( 'NONE', #2514 ) ;
#6721 = AXIS2_PLACEMENT_3D ( 'NONE', #6868, #616, #2866 ) ;
#6722 = CARTESIAN_POINT ( 'NONE',  ( -0.5020900515788574436, 20.20000000000000284, 2.793258040333643777 ) ) ;
#6723 = PRESENTATION_STYLE_ASSIGNMENT (( #4982 ) ) ;
#6724 = EDGE_CURVE ( 'NONE', #6457, #7017, #2043, .T. ) ;
#6725 = ORIENTED_EDGE ( 'NONE', *, *, #1535, .T. ) ;
#6726 = EDGE_CURVE ( 'NONE', #5240, #6795, #7203, .T. ) ;
#6727 = LINE ( 'NONE', #961, #1370 ) ;
#6728 = VECTOR ( 'NONE', #6137, 1000.000000000000000 ) ;
#6729 = CARTESIAN_POINT ( 'NONE',  ( -13.50000000000000178, 20.29999999999999716, 1.449999999999999956 ) ) ;
#6730 = FILL_AREA_STYLE ('',( #6231 ) ) ;
#6731 = ORIENTED_EDGE ( 'NONE', *, *, #2520, .T. ) ;
#6732 = DIRECTION ( 'NONE',  ( 0.000000000000000000, 0.000000000000000000, -1.000000000000000000 ) ) ;
#6733 = CIRCLE ( 'NONE', #5563, 0.2999999999999999334 ) ;
#6734 = ADVANCED_FACE ( 'NONE', ( #3326 ), #6092, .F. ) ;
#6735 = ORIENTED_EDGE ( 'NONE', *, *, #1249, .T. ) ;
#6736 = CARTESIAN_POINT ( 'NONE',  ( 1.141535313675242636, 20.20000000000000639, 2.640179763663077050 ) ) ;
#6737 = CIRCLE ( 'NONE', #7223, 0.7118365096521299673 ) ;
#6738 = UNCERTAINTY_MEASURE_WITH_UNIT (LENGTH_MEASURE( 1.000000000000000082E-05 ), #6318, 'distance_accuracy_value', 'NONE');
#6739 = SURFACE_STYLE_FILL_AREA ( #3253 ) ;
#6740 = SHAPE_DEFINITION_REPRESENTATION ( #2291, #850 ) ;
#6741 = MECHANICAL_DESIGN_GEOMETRIC_PRESENTATION_REPRESENTATION (  '', ( #2444 ), #6625 ) ;
#6742 = COLOUR_RGB ( '',0.2509803921568627416, 0.2509803921568627416, 0.2509803921568627416 ) ;
#6743 = FILL_AREA_STYLE_COLOUR ( '', #212 ) ;
#6744 = CARTESIAN_POINT ( 'NONE',  ( 5.637258300203053629, 20.39999999999999858, -14.40000000000000391 ) ) ;
#6745 = PLANE ( 'NONE',  #5971 ) ;
#6746 = VECTOR ( 'NONE', #5408, 1000.000000000000000 ) ;
#6747 = AXIS2_PLACEMENT_3D ( 'NONE', #6856, #5044, #2229 ) ;
#6748 = PRESENTATION_STYLE_ASSIGNMENT (( #4924 ) ) ;
#6749 = COLOUR_RGB ( '',0.000000000000000000, 0.000000000000000000, 1.000000000000000000 ) ;
#6750 = CARTESIAN_POINT ( 'NONE',  ( -11.60000000000000497, 0.5000000000000004441, -13.79999999999999893 ) ) ;
#6751 = STYLED_ITEM ( 'NONE', ( #4464 ), #3787 ) ;
#6752 = CYLINDRICAL_SURFACE ( 'NONE', #990, 0.1000000000000000056 ) ;
#6753 = DIRECTION ( 'NONE',  ( 0.000000000000000000, 1.000000000000000000, 0.000000000000000000 ) ) ;
#6754 = ORIENTED_EDGE ( 'NONE', *, *, #3560, .F. ) ;
#6755 = DIRECTION ( 'NONE',  ( -0.000000000000000000, 1.000000000000000000, -0.000000000000000000 ) ) ;
#6756 = LINE ( 'NONE', #5613, #965 ) ;
#6757 = CARTESIAN_POINT ( 'NONE',  ( 11.80000000000000071, 18.39999999999999858, -13.19999999999999929 ) ) ;
#6758 = ORIENTED_EDGE ( 'NONE', *, *, #2792, .T. ) ;
#6759 = PRESENTATION_LAYER_ASSIGNMENT (  '', '', ( #467 ) ) ;
#6760 = EDGE_CURVE ( 'NONE', #3656, #5206, #4771, .T. ) ;
#6761 = DIRECTION ( 'NONE',  ( 0.000000000000000000, 0.000000000000000000, 1.000000000000000000 ) ) ;
#6762 = ORIENTED_EDGE ( 'NONE', *, *, #4251, .F. ) ;
#6763 =( LENGTH_UNIT ( ) NAMED_UNIT ( * ) SI_UNIT ( .MILLI., .METRE. ) );
#6764 = FACE_OUTER_BOUND ( 'NONE', #4009, .T. ) ;
#6765 = ORIENTED_EDGE ( 'NONE', *, *, #4493, .T. ) ;
#6766 = PRESENTATION_STYLE_ASSIGNMENT (( #7233 ) ) ;
#6767 = EDGE_CURVE ( 'NONE', #4734, #4005, #2139, .T. ) ;
#6768 = VERTEX_POINT ( 'NONE', #6048 ) ;
#6769 = LINE ( 'NONE', #3355, #7318 ) ;
#6770 = ORIENTED_EDGE ( 'NONE', *, *, #4606, .F. ) ;
#6771 = CARTESIAN_POINT ( 'NONE',  ( 8.500000000000000000, 0.5000000000000000000, 12.00000000000000000 ) ) ;
#6772 = ORIENTED_EDGE ( 'NONE', *, *, #122, .F. ) ;
#6773 = CARTESIAN_POINT ( 'NONE',  ( 0.000000000000000000, 20.39999999999999858, 0.000000000000000000 ) ) ;
#6774 = VECTOR ( 'NONE', #6128, 1000.000000000000000 ) ;
#6775 = EDGE_CURVE ( 'NONE', #2733, #706, #4307, .T. ) ;
#6776 = ADVANCED_FACE ( 'NONE', ( #1530 ), #2086, .F. ) ;
#6777 = PRESENTATION_STYLE_ASSIGNMENT (( #2128 ) ) ;
#6778 = PLANE ( 'NONE',  #2363 ) ;
#6779 = FILL_AREA_STYLE ('',( #1608 ) ) ;
#6780 = CARTESIAN_POINT ( 'NONE',  ( 13.80000000000000071, 0.5000000000000003331, -15.69999999999999929 ) ) ;
#6781 = CARTESIAN_POINT ( 'NONE',  ( 10.19999999999999929, 0.5000000000000003331, -5.449999999999999289 ) ) ;
#6782 = SURFACE_SIDE_STYLE ('',( #4504 ) ) ;
#6783 = PRESENTATION_STYLE_ASSIGNMENT (( #3399 ) ) ;
#6784 = MECHANICAL_DESIGN_GEOMETRIC_PRESENTATION_REPRESENTATION (  '', ( #4880 ), #1678 ) ;
#6785 = DIRECTION ( 'NONE',  ( -4.505775262277420368E-17, 0.000000000000000000, 1.000000000000000000 ) ) ;
#6786 = CARTESIAN_POINT ( 'NONE',  ( 7.500000000000002665, 0.5000000000000000000, 0.000000000000000000 ) ) ;
#6787 = FACE_OUTER_BOUND ( 'NONE', #457, .T. ) ;
#6788 = EDGE_LOOP ( 'NONE', ( #2073, #947, #3812, #6379 ) ) ;
#6789 = VECTOR ( 'NONE', #6790, 1000.000000000000000 ) ;
#6790 = DIRECTION ( 'NONE',  ( -0.000000000000000000, 0.000000000000000000, 1.000000000000000000 ) ) ;
#6791 = ADVANCED_FACE ( 'NONE', ( #2677 ), #6321, .T. ) ;
#6792 = PLANE ( 'NONE',  #6027 ) ;
#6793 = SURFACE_STYLE_FILL_AREA ( #6716 ) ;
#6794 = VECTOR ( 'NONE', #7024, 1000.000000000000000 ) ;
#6795 = VERTEX_POINT ( 'NONE', #1290 ) ;
#6796 = PLANE ( 'NONE',  #2055 ) ;
#6797 = ORIENTED_EDGE ( 'NONE', *, *, #3540, .F. ) ;
#6798 = SURFACE_STYLE_USAGE ( .BOTH. , #4515 ) ;
#6799 = CARTESIAN_POINT ( 'NONE',  ( 6.387867965644039359, 18.39999999999999858, -15.91213203435596135 ) ) ;
#6800 =( LENGTH_UNIT ( ) NAMED_UNIT ( * ) SI_UNIT ( .MILLI., .METRE. ) );
#6801 = CARTESIAN_POINT ( 'NONE',  ( 4.599999999999997868, 0.5000000000000000000, 11.30000000000000071 ) ) ;
#6802 = COLOUR_RGB ( '',0.7921568627450980005, 0.8196078431372548767, 0.9333333333333333481 ) ;
#6803 = DIRECTION ( 'NONE',  ( 0.000000000000000000, 0.000000000000000000, 1.000000000000000000 ) ) ;
#6804 = COLOUR_RGB ( '',0.2509803921568627416, 0.2509803921568627416, 0.2509803921568627416 ) ;
#6805 = FILL_AREA_STYLE ('',( #4985 ) ) ;
#6806 =( GEOMETRIC_REPRESENTATION_CONTEXT ( 3 ) GLOBAL_UNCERTAINTY_ASSIGNED_CONTEXT ( ( #2397 ) ) GLOBAL_UNIT_ASSIGNED_CONTEXT ( ( #4512, #2202, #2827 ) ) REPRESENTATION_CONTEXT ( 'NONE', 'WORKASPACE' ) );
#6807 = ORIENTED_EDGE ( 'NONE', *, *, #6638, .T. ) ;
#6808 = FILL_AREA_STYLE ('',( #1777 ) ) ;
#6809 = ORIENTED_EDGE ( 'NONE', *, *, #5920, .F. ) ;
#6810 = LINE ( 'NONE', #6288, #5117 ) ;
#6811 = VERTEX_POINT ( 'NONE', #6985 ) ;
#6812 = STYLED_ITEM ( 'NONE', ( #3056 ), #1689 ) ;
#6813 = CARTESIAN_POINT ( 'NONE',  ( 0.3400000000000032441, 20.38169872981078612, 4.020266178849937866 ) ) ;
#6814 = UNCERTAINTY_MEASURE_WITH_UNIT (LENGTH_MEASURE( 1.000000000000000082E-05 ), #6835, 'distance_accuracy_value', 'NONE');
#6815 = DIRECTION ( 'NONE',  ( -1.000000000000000000, -0.000000000000000000, -0.000000000000000000 ) ) ;
#6816 = CARTESIAN_POINT ( 'NONE',  ( -11.65000000000000036, 20.29999999999999716, 1.749999999999999778 ) ) ;
#6817 = ADVANCED_FACE ( 'NONE', ( #6422 ), #3566, .F. ) ;
#6818 = STYLED_ITEM ( 'NONE', ( #4358 ), #7276 ) ;
#6819 = STYLED_ITEM ( 'NONE', ( #6829 ), #1358 ) ;
#6820 = ORIENTED_EDGE ( 'NONE', *, *, #2801, .F. ) ;
#6821 = SURFACE_STYLE_USAGE ( .BOTH. , #1157 ) ;
#6822 = PRESENTATION_STYLE_ASSIGNMENT (( #4962 ) ) ;
#6823 = EDGE_CURVE ( 'NONE', #1848, #5496, #3011, .T. ) ;
#6824 = ADVANCED_FACE ( 'NONE', ( #4165 ), #3956, .T. ) ;
#6825 = PRESENTATION_STYLE_ASSIGNMENT (( #2858 ) ) ;
#6826 =( NAMED_UNIT ( * ) PLANE_ANGLE_UNIT ( ) SI_UNIT ( $, .RADIAN. ) );
#6827 = CIRCLE ( 'NONE', #6462, 0.3000000000000016542 ) ;
#6828 = SURFACE_SIDE_STYLE ('',( #6298 ) ) ;
#6829 = PRESENTATION_STYLE_ASSIGNMENT (( #5647 ) ) ;
#6830 = VECTOR ( 'NONE', #6785, 1000.000000000000000 ) ;
#6831 = DIRECTION ( 'NONE',  ( 0.000000000000000000, 0.000000000000000000, -1.000000000000000000 ) ) ;
#6832 = ORIENTED_EDGE ( 'NONE', *, *, #5177, .F. ) ;
#6833 = COLOUR_RGB ( '',0.000000000000000000, 0.000000000000000000, 1.000000000000000000 ) ;
#6834 = SURFACE_STYLE_USAGE ( .BOTH. , #2369 ) ;
#6835 =( LENGTH_UNIT ( ) NAMED_UNIT ( * ) SI_UNIT ( .MILLI., .METRE. ) );
#6836 = AXIS2_PLACEMENT_3D ( 'NONE', #7077, #3138, #3101 ) ;
#6837 = ORIENTED_EDGE ( 'NONE', *, *, #2579, .T. ) ;
#6838 = AXIS2_PLACEMENT_3D ( 'NONE', #6122, #2704, #3312 ) ;
#6839 = ORIENTED_EDGE ( 'NONE', *, *, #6823, .F. ) ;
#6840 = CARTESIAN_POINT ( 'NONE',  ( 0.3400000000000036326, 20.20000000000000284, 1.948035091339285207 ) ) ;
#6841 = CARTESIAN_POINT ( 'NONE',  ( -13.50000000000000178, 0.5000000000000002220, 1.749999999999999778 ) ) ;
#6842 = LINE ( 'NONE', #594, #4888 ) ;
#6843 = MECHANICAL_DESIGN_GEOMETRIC_PRESENTATION_REPRESENTATION (  '', ( #4193 ), #1844 ) ;
#6844 =( NAMED_UNIT ( * ) PLANE_ANGLE_UNIT ( ) SI_UNIT ( $, .RADIAN. ) );
#6845 = ORIENTED_EDGE ( 'NONE', *, *, #6600, .T. ) ;
#6846 = DIRECTION ( 'NONE',  ( 0.000000000000000000, 0.000000000000000000, 1.000000000000000000 ) ) ;
#6847 = ORIENTED_EDGE ( 'NONE', *, *, #1770, .T. ) ;
#6848 = DIRECTION ( 'NONE',  ( -0.000000000000000000, 1.000000000000000000, 0.000000000000000000 ) ) ;
#6849 = AXIS2_PLACEMENT_3D ( 'NONE', #6882, #730, #3612 ) ;
#6850 = STYLED_ITEM ( 'NONE', ( #6783 ), #3161 ) ;
#6851 = ORIENTED_EDGE ( 'NONE', *, *, #409, .F. ) ;
#6852 = ADVANCED_FACE ( 'NONE', ( #3721 ), #5461, .F. ) ;
#6853 = AXIS2_PLACEMENT_3D ( 'NONE', #6185, #443, #6686 ) ;
#6854 = FILL_AREA_STYLE ('',( #701 ) ) ;
#6855 = SURFACE_SIDE_STYLE ('',( #642 ) ) ;
#6856 = CARTESIAN_POINT ( 'NONE',  ( 0.000000000000000000, 20.29999999999999716, -14.40000000000000391 ) ) ;
#6857 = DIRECTION ( 'NONE',  ( -0.000000000000000000, -0.000000000000000000, -1.000000000000000000 ) ) ;
#6858 = SURFACE_SIDE_STYLE ('',( #1309 ) ) ;
#6859 = VECTOR ( 'NONE', #5851, 1000.000000000000000 ) ;
#6860 = CARTESIAN_POINT ( 'NONE',  ( 11.60000000000000142, 0.5000000000000004441, -13.79999999999999716 ) ) ;
#6861 = EDGE_CURVE ( 'NONE', #3407, #5689, #3105, .T. ) ;
#6862 = LINE ( 'NONE', #5258, #464 ) ;
#6863 = VECTOR ( 'NONE', #6550, 1000.000000000000000 ) ;
#6864 = EDGE_LOOP ( 'NONE', ( #827, #4249, #5279, #155 ) ) ;
#6865 =( GEOMETRIC_REPRESENTATION_CONTEXT ( 3 ) GLOBAL_UNCERTAINTY_ASSIGNED_CONTEXT ( ( #3854 ) ) GLOBAL_UNIT_ASSIGNED_CONTEXT ( ( #6570, #4923, #3707 ) ) REPRESENTATION_CONTEXT ( 'NONE', 'WORKASPACE' ) );
#6866 = PRESENTATION_LAYER_ASSIGNMENT (  '', '', ( #4375 ) ) ;
#6867 = SURFACE_STYLE_FILL_AREA ( #4579 ) ;
#6868 = CARTESIAN_POINT ( 'NONE',  ( -11.38578643762690668, 0.4000000000000000222, -12.59160797830996259 ) ) ;
#6869 = EDGE_LOOP ( 'NONE', ( #4905, #1253, #1236, #838, #2637, #4563, #514, #1301 ) ) ;
#6870 = EDGE_CURVE ( 'NONE', #4807, #3282, #6684, .T. ) ;
#6871 = VERTEX_POINT ( 'NONE', #3792 ) ;
#6872 = CARTESIAN_POINT ( 'NONE',  ( 0.3400000000000037437, 20.20000000000000284, 3.851964908660714837 ) ) ;
#6873 = CARTESIAN_POINT ( 'NONE',  ( 12.25857864376269291, 20.39999999999999858, -4.791421356237310469 ) ) ;
#6874 = DIRECTION ( 'NONE',  ( 0.000000000000000000, -1.000000000000000000, 0.000000000000000000 ) ) ;
#6875 =( NAMED_UNIT ( * ) SI_UNIT ( $, .STERADIAN. ) SOLID_ANGLE_UNIT ( ) );
#6876 = UNCERTAINTY_MEASURE_WITH_UNIT (LENGTH_MEASURE( 1.000000000000000082E-05 ), #2603, 'distance_accuracy_value', 'NONE');
#6877 = COLOUR_RGB ( '',0.000000000000000000, 0.000000000000000000, 1.000000000000000000 ) ;
#6878 = LINE ( 'NONE', #1812, #1088 ) ;
#6879 = SURFACE_STYLE_FILL_AREA ( #4561 ) ;
#6880 = EDGE_LOOP ( 'NONE', ( #6642, #4208, #3099, #5807, #1508, #402, #992, #7305, #2764, #5757, #2709, #1818 ) ) ;
#6881 = CYLINDRICAL_SURFACE ( 'NONE', #832, 0.4000000000000010214 ) ;
#6882 = CARTESIAN_POINT ( 'NONE',  ( -12.50000000000000178, 0.5000000000000000000, 0.4500000000000007327 ) ) ;
#6883 = ORIENTED_EDGE ( 'NONE', *, *, #4999, .F. ) ;
#6884 = UNCERTAINTY_MEASURE_WITH_UNIT (LENGTH_MEASURE( 1.000000000000000082E-05 ), #2405, 'distance_accuracy_value', 'NONE');
#6885 = CARTESIAN_POINT ( 'NONE',  ( 13.80000000000000071, 83.05825363168716535, -8.375735931288156522 ) ) ;
#6886 = VERTEX_POINT ( 'NONE', #950 ) ;
#6887 = CARTESIAN_POINT ( 'NONE',  ( 12.80000000000000249, 0.4166666666666667407, -11.50699335140836865 ) ) ;
#6888 = CYLINDRICAL_SURFACE ( 'NONE', #6567, 0.09999999999999939493 ) ;
#6889 = LINE ( 'NONE', #1271, #866 ) ;
#6890 = FILL_AREA_STYLE_COLOUR ( '', #6488 ) ;
#6891 = AXIS2_PLACEMENT_3D ( 'NONE', #1227, #5213, #1863 ) ;
#6892 = VERTEX_POINT ( 'NONE', #5379 ) ;
#6893 =( GEOMETRIC_REPRESENTATION_CONTEXT ( 3 ) GLOBAL_UNCERTAINTY_ASSIGNED_CONTEXT ( ( #6595 ) ) GLOBAL_UNIT_ASSIGNED_CONTEXT ( ( #2916, #633, #1815 ) ) REPRESENTATION_CONTEXT ( 'NONE', 'WORKASPACE' ) );
#6894 =( LENGTH_UNIT ( ) NAMED_UNIT ( * ) SI_UNIT ( .MILLI., .METRE. ) );
#6895 = SURFACE_SIDE_STYLE ('',( #1028 ) ) ;
#6896 = DIRECTION ( 'NONE',  ( 0.000000000000000000, -1.000000000000000000, 0.000000000000000000 ) ) ;
#6897 = EDGE_CURVE ( 'NONE', #5780, #7387, #5982, .T. ) ;
#6898 = AXIS2_PLACEMENT_3D ( 'NONE', #6254, #5695, #1951 ) ;
#6899 = CARTESIAN_POINT ( 'NONE',  ( -10.35000000000000142, 1.000000000000000888, 15.00000000000000000 ) ) ;
#6900 = CARTESIAN_POINT ( 'NONE',  ( -10.05000000000000426, 1.000000000000000888, 14.69999999999999929 ) ) ;
#6901 = EDGE_LOOP ( 'NONE', ( #4913, #6314 ) ) ;
#6902 = CARTESIAN_POINT ( 'NONE',  ( 2.243929817321432818, 20.19999999999999929, 1.948035091339284985 ) ) ;
#6903 = DIRECTION ( 'NONE',  ( -0.000000000000000000, 1.000000000000000000, -0.000000000000000000 ) ) ;
#6904 = CARTESIAN_POINT ( 'NONE',  ( 6.175735931288076408, 18.39999999999999858, -16.00000000000000000 ) ) ;
#6905 = VECTOR ( 'NONE', #5524, 1000.000000000000000 ) ;
#6906 = CARTESIAN_POINT ( 'NONE',  ( 8.800000000000000711, 0.5000000000000004441, -2.949999999999998401 ) ) ;
#6907 = CARTESIAN_POINT ( 'NONE',  ( 7.800000000000000711, 1.000000000000000888, -4.249999999999998224 ) ) ;
#6908 = CIRCLE ( 'NONE', #6097, 0.2999999999999999334 ) ;
#6909 = EDGE_CURVE ( 'NONE', #767, #848, #6111, .T. ) ;
#6910 = EDGE_CURVE ( 'NONE', #520, #5120, #2760, .T. ) ;
#6911 = STYLED_ITEM ( 'NONE', ( #2961 ), #6271 ) ;
#6912 = PRESENTATION_STYLE_ASSIGNMENT (( #4666 ) ) ;
#6913 = ORIENTED_EDGE ( 'NONE', *, *, #1083, .T. ) ;
#6914 = ORIENTED_EDGE ( 'NONE', *, *, #855, .T. ) ;
#6915 = SURFACE_SIDE_STYLE ('',( #4627 ) ) ;
#6916 = ORIENTED_EDGE ( 'NONE', *, *, #2895, .F. ) ;
#6917 = DIRECTION ( 'NONE',  ( -0.000000000000000000, -1.000000000000000000, -0.000000000000000000 ) ) ;
#6918 = PRESENTATION_LAYER_ASSIGNMENT (  '', '', ( #5028 ) ) ;
#6919 = ORIENTED_EDGE ( 'NONE', *, *, #294, .T. ) ;
#6920 = DIRECTION ( 'NONE',  ( 0.000000000000000000, -1.000000000000000000, 0.000000000000000000 ) ) ;
#6921 = CARTESIAN_POINT ( 'NONE',  ( 0.000000000000000000, 1.500000000000000000, -4.249999999999999112 ) ) ;
#6922 = MECHANICAL_DESIGN_GEOMETRIC_PRESENTATION_REPRESENTATION (  '', ( #4424 ), #4777 ) ;
#6923 = DIRECTION ( 'NONE',  ( -1.101411730778925047E-16, 0.000000000000000000, -1.000000000000000000 ) ) ;
#6924 = FILL_AREA_STYLE ('',( #2290 ) ) ;
#6925 = CIRCLE ( 'NONE', #2766, 1.799999999999999600 ) ;
#6926 = AXIS2_PLACEMENT_3D ( 'NONE', #6452, #864, #1357 ) ;
#6927 = PRESENTATION_STYLE_ASSIGNMENT (( #114 ) ) ;
#6928 = ORIENTED_EDGE ( 'NONE', *, *, #3377, .T. ) ;
#6929 = EDGE_LOOP ( 'NONE', ( #3375, #2415, #4282, #1917 ) ) ;
#6930 = FILL_AREA_STYLE ('',( #1278 ) ) ;
#6931 = SURFACE_STYLE_FILL_AREA ( #1940 ) ;
#6932 = MECHANICAL_DESIGN_GEOMETRIC_PRESENTATION_REPRESENTATION (  '', ( #2656 ), #2988 ) ;
#6933 = LINE ( 'NONE', #7014, #5985 ) ;
#6934 = ORIENTED_EDGE ( 'NONE', *, *, #6311, .T. ) ;
#6935 = VECTOR ( 'NONE', #5787, 1000.000000000000000 ) ;
#6936 = PRESENTATION_LAYER_ASSIGNMENT (  '', '', ( #2995 ) ) ;
#6937 = SURFACE_STYLE_FILL_AREA ( #199 ) ;
#6938 = SURFACE_STYLE_USAGE ( .BOTH. , #5229 ) ;
#6939 = ORIENTED_EDGE ( 'NONE', *, *, #1994, .F. ) ;
#6940 = DIRECTION ( 'NONE',  ( 0.000000000000000000, 0.000000000000000000, 1.000000000000000000 ) ) ;
#6941 = EDGE_CURVE ( 'NONE', #6649, #5557, #3336, .T. ) ;
#6942 = FILL_AREA_STYLE_COLOUR ( '', #4401 ) ;
#6943 = CARTESIAN_POINT ( 'NONE',  ( 10.20000000000000107, 1.000000000000000888, -13.79999999999999893 ) ) ;
#6944 =( LENGTH_UNIT ( ) NAMED_UNIT ( * ) SI_UNIT ( .MILLI., .METRE. ) );
#6945 = PRESENTATION_STYLE_ASSIGNMENT (( #1175 ) ) ;
#6946 =( NAMED_UNIT ( * ) PLANE_ANGLE_UNIT ( ) SI_UNIT ( $, .RADIAN. ) );
#6947 = FILL_AREA_STYLE_COLOUR ( '', #1193 ) ;
#6948 = PRESENTATION_LAYER_ASSIGNMENT (  '', '', ( #3460 ) ) ;
#6949 = VERTEX_POINT ( 'NONE', #3680 ) ;
#6950 = EDGE_CURVE ( 'NONE', #7357, #2673, #3816, .T. ) ;
#6951 = EDGE_CURVE ( 'NONE', #2584, #3717, #2072, .T. ) ;
#6952 = AXIS2_PLACEMENT_3D ( 'NONE', #7036, #4130, #6038 ) ;
#6953 = EDGE_LOOP ( 'NONE', ( #5846, #6995, #6280, #1179 ) ) ;
#6954 = DIRECTION ( 'NONE',  ( -0.000000000000000000, -1.000000000000000000, -0.000000000000000000 ) ) ;
#6955 = CARTESIAN_POINT ( 'NONE',  ( 12.50000000000000178, 1.500000000000000000, -14.69999999999999929 ) ) ;
#6956 = VERTEX_POINT ( 'NONE', #2107 ) ;
#6957 = CARTESIAN_POINT ( 'NONE',  ( -2.037134898078309053, 20.39999999999999858, 4.088567449039155477 ) ) ;
#6958 = CARTESIAN_POINT ( 'NONE',  ( -10.35000000000000142, 1.000000000000000888, 1.050000000000000044 ) ) ;
#6959 = VECTOR ( 'NONE', #6715, 1000.000000000000000 ) ;
#6960 = ORIENTED_EDGE ( 'NONE', *, *, #462, .F. ) ;
#6961 = ADVANCED_FACE ( 'NONE', ( #5942 ), #5983, .T. ) ;
#6962 = SURFACE_SIDE_STYLE ('',( #1759 ) ) ;
#6963 = VECTOR ( 'NONE', #1981, 1000.000000000000000 ) ;
#6964 =( NAMED_UNIT ( * ) SI_UNIT ( $, .STERADIAN. ) SOLID_ANGLE_UNIT ( ) );
#6965 = CARTESIAN_POINT ( 'NONE',  ( 4.599999999999997868, -2.700000000174895831, 9.500000000000001776 ) ) ;
#6966 = FILL_AREA_STYLE ('',( #110 ) ) ;
#6967 = PRESENTATION_STYLE_ASSIGNMENT (( #3034 ) ) ;
#6968 = CARTESIAN_POINT ( 'NONE',  ( 6.300000000000000711, 0.5000000000000004441, -5.450000000000000178 ) ) ;
#6969 = PRESENTATION_LAYER_ASSIGNMENT (  '', '', ( #4462 ) ) ;
#6970 = VECTOR ( 'NONE', #3333, 1000.000000000000000 ) ;
#6971 = ORIENTED_EDGE ( 'NONE', *, *, #5323, .T. ) ;
#6972 = VECTOR ( 'NONE', #1677, 1000.000000000000000 ) ;
#6973 = FACE_OUTER_BOUND ( 'NONE', #6953, .T. ) ;
#6974 = MECHANICAL_DESIGN_GEOMETRIC_PRESENTATION_REPRESENTATION (  '', ( #5308 ), #309 ) ;
#6975 = DIRECTION ( 'NONE',  ( 1.000000000000000000, 0.000000000000000000, 0.000000000000000000 ) ) ;
#6976 = FILL_AREA_STYLE ('',( #5973 ) ) ;
#6977 = PLANE ( 'NONE',  #4306 ) ;
#6978 = ORIENTED_EDGE ( 'NONE', *, *, #2025, .F. ) ;
#6979 = PRESENTATION_LAYER_ASSIGNMENT (  '', '', ( #5794 ) ) ;
#6980 = CIRCLE ( 'NONE', #2693, 0.3000000000000016542 ) ;
#6981 = VERTEX_POINT ( 'NONE', #5579 ) ;
#6982 = PLANE ( 'NONE',  #4355 ) ;
#6983 = LINE ( 'NONE', #4162, #4625 ) ;
#6984 = DIRECTION ( 'NONE',  ( -0.000000000000000000, 1.000000000000000000, -0.000000000000000000 ) ) ;
#6985 = CARTESIAN_POINT ( 'NONE',  ( 12.80000000000000249, 1.500000000000000000, -14.70000000000000107 ) ) ;
#6986 =( GEOMETRIC_REPRESENTATION_CONTEXT ( 3 ) GLOBAL_UNCERTAINTY_ASSIGNED_CONTEXT ( ( #4226 ) ) GLOBAL_UNIT_ASSIGNED_CONTEXT ( ( #1056, #2256, #2286 ) ) REPRESENTATION_CONTEXT ( 'NONE', 'WORKASPACE' ) );
#6987 = AXIS2_PLACEMENT_3D ( 'NONE', #5716, #6273, #2410 ) ;
#6988 = EDGE_CURVE ( 'NONE', #4018, #4178, #7383, .T. ) ;
#6989 = LINE ( 'NONE', #6387, #5436 ) ;
#6990 = ORIENTED_EDGE ( 'NONE', *, *, #5217, .T. ) ;
#6991 = FILL_AREA_STYLE ('',( #2429 ) ) ;
#6992 = STYLED_ITEM ( 'NONE', ( #5107 ), #3842 ) ;
#6993 = ORIENTED_EDGE ( 'NONE', *, *, #6008, .T. ) ;
#6994 = CARTESIAN_POINT ( 'NONE',  ( 7.500000000000002665, 0.4166666666666667407, 12.49300664859163668 ) ) ;
#6995 = ORIENTED_EDGE ( 'NONE', *, *, #4623, .F. ) ;
#6996 = CARTESIAN_POINT ( 'NONE',  ( 13.80000000000000071, 0.5000000000000000000, 0.000000000000000000 ) ) ;
#6997 = ADVANCED_FACE ( 'NONE', ( #4441 ), #3904, .F. ) ;
#6998 = VECTOR ( 'NONE', #6106, 1000.000000000000000 ) ;
#6999 = ORIENTED_EDGE ( 'NONE', *, *, #1315, .F. ) ;
#7000 = LINE ( 'NONE', #1692, #6692 ) ;
#7001 = B_SPLINE_CURVE_WITH_KNOTS ( 'NONE', 3,
 ( #6119, #3873, #7144, #1628, #1038, #4448, #3725, #4904, #4295, #5468, #2035, #6035, #3840, #6651, #359, #6722, #3275, #6583, #2736, #1520, #6621, #995, #6079, #5583, #3177, #7266, #957, #2626, #482, #7308, #3212, #1069 ),
 .UNSPECIFIED., .F., .F.,
 ( 4, 1, 2, 2, 2, 1, 1, 2, 2, 2, 1, 2, 2, 2, 1, 1, 2, 2, 4 ),
 ( 0.000000000000000000, 0.06249999999999923672, 0.09374999999999879263, 0.1249999999999983347, 0.2499999999999970579, 0.3124999999999962808, 0.3437499999999958922, 0.3593749999999957256, 0.3749999999999955036, 0.4999999999999965583, 0.5624999999999970024, 0.5937499999999975575, 0.6249999999999980016, 0.7499999999999995559, 0.8125000000000004441, 0.8437500000000006661, 0.8593750000000006661, 0.8750000000000007772, 1.000000000000000000 ),
 .UNSPECIFIED. ) ;
#7002 =( LENGTH_UNIT ( ) NAMED_UNIT ( * ) SI_UNIT ( .MILLI., .METRE. ) );
#7003 = DIRECTION ( 'NONE',  ( 0.000000000000000000, 1.000000000000000000, 0.000000000000000000 ) ) ;
#7004 = DIRECTION ( 'NONE',  ( 0.000000000000000000, 0.000000000000000000, -1.000000000000000000 ) ) ;
#7005 = DIRECTION ( 'NONE',  ( 0.000000000000000000, 0.000000000000000000, 1.000000000000000000 ) ) ;
#7006 = UNCERTAINTY_MEASURE_WITH_UNIT (LENGTH_MEASURE( 1.000000000000000082E-05 ), #5799, 'distance_accuracy_value', 'NONE');
#7007 = CARTESIAN_POINT ( 'NONE',  ( -10.05000000000000426, 1.500000000000000000, 14.69999999999999929 ) ) ;
#7008 = DIRECTION ( 'NONE',  ( 0.000000000000000000, 0.000000000000000000, 1.000000000000000000 ) ) ;
#7009 = ADVANCED_FACE ( 'NONE', ( #1732 ), #4164, .T. ) ;
#7010 = EDGE_CURVE ( 'NONE', #1559, #1641, #31, .T. ) ;
#7011 =( NAMED_UNIT ( * ) SI_UNIT ( $, .STERADIAN. ) SOLID_ANGLE_UNIT ( ) );
#7012 = ORIENTED_EDGE ( 'NONE', *, *, #3648, .T. ) ;
#7013 = DIRECTION ( 'NONE',  ( -0.000000000000000000, 1.000000000000000000, -0.000000000000000000 ) ) ;
#7014 = CARTESIAN_POINT ( 'NONE',  ( 6.085786437626904188, 0.4166666666666669627, 12.49300664859163668 ) ) ;
#7015 = EDGE_CURVE ( 'NONE', #3005, #5882, #5636, .T. ) ;
#7016 = CARTESIAN_POINT ( 'NONE',  ( 6.599999999999997868, 1.000000000000000888, 15.00000000000000000 ) ) ;
#7017 = VERTEX_POINT ( 'NONE', #5756 ) ;
#7018 =( NAMED_UNIT ( * ) SI_UNIT ( $, .STERADIAN. ) SOLID_ANGLE_UNIT ( ) );
#7019 = CARTESIAN_POINT ( 'NONE',  ( -12.80000000000000426, 0.5000000000000000000, -15.00000000000000000 ) ) ;
#7020 = VERTEX_POINT ( 'NONE', #4038 ) ;
#7021 =( NAMED_UNIT ( * ) SI_UNIT ( $, .STERADIAN. ) SOLID_ANGLE_UNIT ( ) );
#7022 = CARTESIAN_POINT ( 'NONE',  ( 0.000000000000000000, 20.39999999999999858, -14.40000000000000391 ) ) ;
#7023 = CARTESIAN_POINT ( 'NONE',  ( 12.30000000000000071, 20.29999999999999716, -7.878679656440443324 ) ) ;
#7024 = DIRECTION ( 'NONE',  ( -0.7071067811865517916, 0.000000000000000000, -0.7071067811865432429 ) ) ;
#7025 = LINE ( 'NONE', #2537, #6020 ) ;
#7026 = PRESENTATION_STYLE_ASSIGNMENT (( #1151 ) ) ;
#7027 = AXIS2_PLACEMENT_3D ( 'NONE', #2942, #3494, #1217 ) ;
#7028 = ORIENTED_EDGE ( 'NONE', *, *, #4452, .T. ) ;
#7029 = CIRCLE ( 'NONE', #836, 0.3000000000000016542 ) ;
#7030 = SURFACE_SIDE_STYLE ('',( #3095 ) ) ;
#7031 = VECTOR ( 'NONE', #3947, 1000.000000000000000 ) ;
#7032 = PRESENTATION_LAYER_ASSIGNMENT (  '', '', ( #2851 ) ) ;
#7033 = ORIENTED_EDGE ( 'NONE', *, *, #2755, .F. ) ;
#7034 = DIRECTION ( 'NONE',  ( 0.000000000000000000, -1.000000000000000000, 0.000000000000000000 ) ) ;
#7035 = ORIENTED_EDGE ( 'NONE', *, *, #84, .F. ) ;
#7036 = CARTESIAN_POINT ( 'NONE',  ( -12.50000000000000355, 0.5000000000000000000, -14.69999999999999929 ) ) ;
#7037 = MECHANICAL_DESIGN_GEOMETRIC_PRESENTATION_REPRESENTATION (  '', ( #5365 ), #2497 ) ;
#7038 = UNCERTAINTY_MEASURE_WITH_UNIT (LENGTH_MEASURE( 1.000000000000000082E-05 ), #1899, 'distance_accuracy_value', 'NONE');
#7039 = AXIS2_PLACEMENT_3D ( 'NONE', #7007, #4145, #6446 ) ;
#7040 = PRESENTATION_LAYER_ASSIGNMENT (  '', '', ( #1331 ) ) ;
#7041 = EDGE_LOOP ( 'NONE', ( #4715, #2901, #3267, #6797 ) ) ;
#7042 = FACE_OUTER_BOUND ( 'NONE', #329, .T. ) ;
#7043 =( NAMED_UNIT ( * ) SI_UNIT ( $, .STERADIAN. ) SOLID_ANGLE_UNIT ( ) );
#7044 = EDGE_CURVE ( 'NONE', #5557, #6649, #1469, .T. ) ;
#7045 = PRESENTATION_STYLE_ASSIGNMENT (( #5397 ) ) ;
#7046 = SURFACE_SIDE_STYLE ('',( #7124 ) ) ;
#7047 =( GEOMETRIC_REPRESENTATION_CONTEXT ( 3 ) GLOBAL_UNCERTAINTY_ASSIGNED_CONTEXT ( ( #7038 ) ) GLOBAL_UNIT_ASSIGNED_CONTEXT ( ( #1899, #4266, #7082 ) ) REPRESENTATION_CONTEXT ( 'NONE', 'WORKASPACE' ) );
#7048 = CARTESIAN_POINT ( 'NONE',  ( 0.000000000000000000, 0.000000000000000000, 0.000000000000000000 ) ) ;
#7049 = MECHANICAL_DESIGN_GEOMETRIC_PRESENTATION_REPRESENTATION (  '', ( #5017 ), #1574 ) ;
#7050 = AXIS2_PLACEMENT_3D ( 'NONE', #3643, #4286, #2619 ) ;
#7051 = FACE_OUTER_BOUND ( 'NONE', #5465, .T. ) ;
#7052 = EDGE_CURVE ( 'NONE', #634, #6768, #87, .T. ) ;
#7053 = ADVANCED_FACE ( 'NONE', ( #5223 ), #6977, .F. ) ;
#7054 = LINE ( 'NONE', #1938, #4404 ) ;
#7055 = CARTESIAN_POINT ( 'NONE',  ( -2.299999999999997158, 0.5000000000000000000, 12.00000000000000000 ) ) ;
#7056 = AXIS2_PLACEMENT_3D ( 'NONE', #2465, #2500, #6544 ) ;
#7057 = DIRECTION ( 'NONE',  ( 0.000000000000000000, -0.000000000000000000, 1.000000000000000000 ) ) ;
#7058 = FACE_OUTER_BOUND ( 'NONE', #5685, .T. ) ;
#7059 = PRESENTATION_LAYER_ASSIGNMENT (  '', '', ( #5870 ) ) ;
#7060 = MECHANICAL_DESIGN_GEOMETRIC_PRESENTATION_REPRESENTATION (  '', ( #6819 ), #2877 ) ;
#7061 =( LENGTH_UNIT ( ) NAMED_UNIT ( * ) SI_UNIT ( .MILLI., .METRE. ) );
#7062 = ORIENTED_EDGE ( 'NONE', *, *, #6726, .F. ) ;
#7063 = PRESENTATION_STYLE_ASSIGNMENT (( #4774 ) ) ;
#7064 = SURFACE_SIDE_STYLE ('',( #1406 ) ) ;
#7065 = LINE ( 'NONE', #1439, #3596 ) ;
#7066 =( LENGTH_UNIT ( ) NAMED_UNIT ( * ) SI_UNIT ( .MILLI., .METRE. ) );
#7067 = MECHANICAL_DESIGN_GEOMETRIC_PRESENTATION_REPRESENTATION (  '', ( #646 ), #4793 ) ;
#7068 = SURFACE_STYLE_FILL_AREA ( #3607 ) ;
#7069 = VERTEX_POINT ( 'NONE', #56 ) ;
#7070 = SURFACE_STYLE_USAGE ( .BOTH. , #7030 ) ;
#7071 = ORIENTED_EDGE ( 'NONE', *, *, #1305, .F. ) ;
#7073 = AXIS2_PLACEMENT_3D ( 'NONE', #3337, #3967, #3932 ) ;
#7072 =( LENGTH_UNIT ( ) NAMED_UNIT ( * ) SI_UNIT ( .MILLI., .METRE. ) );
#7074 = CARTESIAN_POINT ( 'NONE',  ( 12.30000000000000249, 20.29999999999999716, -4.750000000000000000 ) ) ;
#7075 = ORIENTED_EDGE ( 'NONE', *, *, #2048, .T. ) ;
#7076 =( GEOMETRIC_REPRESENTATION_CONTEXT ( 3 ) GLOBAL_UNCERTAINTY_ASSIGNED_CONTEXT ( ( #6884 ) ) GLOBAL_UNIT_ASSIGNED_CONTEXT ( ( #2405, #2990, #186 ) ) REPRESENTATION_CONTEXT ( 'NONE', 'WORKASPACE' ) );
#7077 = CARTESIAN_POINT ( 'NONE',  ( 4.599999999999997868, -2.700000000174895831, 9.500000000000001776 ) ) ;
#7078 = LINE ( 'NONE', #6586, #6863 ) ;
#7079 = VERTEX_POINT ( 'NONE', #1198 ) ;
#7080 = CARTESIAN_POINT ( 'NONE',  ( 0.1532196269210599759, 20.40000000000000213, 4.078136031551789387 ) ) ;
#7081 = DIRECTION ( 'NONE',  ( -0.000000000000000000, -1.000000000000000000, 0.000000000000000000 ) ) ;
#7082 =( NAMED_UNIT ( * ) SI_UNIT ( $, .STERADIAN. ) SOLID_ANGLE_UNIT ( ) );
#7083 = DIRECTION ( 'NONE',  ( 0.000000000000000000, 1.000000000000000000, 0.000000000000000000 ) ) ;
#7084 = AXIS2_PLACEMENT_3D ( 'NONE', #4739, #4701, #4243 ) ;
#7085 = CARTESIAN_POINT ( 'NONE',  ( 0.000000000000000000, 0.000000000000000000, 0.000000000000000000 ) ) ;
#7086 = UNCERTAINTY_MEASURE_WITH_UNIT (LENGTH_MEASURE( 1.000000000000000082E-05 ), #5099, 'distance_accuracy_value', 'NONE');
#7087 =( NAMED_UNIT ( * ) SI_UNIT ( $, .STERADIAN. ) SOLID_ANGLE_UNIT ( ) );
#7088 = LINE ( 'NONE', #4724, #1359 ) ;
#7089 = EDGE_CURVE ( 'NONE', #4847, #5689, #6933, .T. ) ;
#7090 = DIRECTION ( 'NONE',  ( 0.000000000000000000, 1.000000000000000000, 0.000000000000000000 ) ) ;
#7091 = VERTEX_POINT ( 'NONE', #5188 ) ;
#7092 = FILL_AREA_STYLE_COLOUR ( '', #1400 ) ;
#7093 = CARTESIAN_POINT ( 'NONE',  ( 0.4913192580636079887, 20.40000000000000568, 4.088567449039158141 ) ) ;
#7094 = MECHANICAL_DESIGN_GEOMETRIC_PRESENTATION_REPRESENTATION (  '', ( #5555 ), #2903 ) ;
#7095 = PRESENTATION_LAYER_ASSIGNMENT (  '', '', ( #4341 ) ) ;
#7096 = EDGE_CURVE ( 'NONE', #4051, #5496, #1317, .T. ) ;
#7097 =( LENGTH_UNIT ( ) NAMED_UNIT ( * ) SI_UNIT ( .MILLI., .METRE. ) );
#7098 = PRESENTATION_STYLE_ASSIGNMENT (( #4810 ) ) ;
#7099 = ORIENTED_EDGE ( 'NONE', *, *, #2630, .F. ) ;
#7100 = PRESENTATION_LAYER_ASSIGNMENT (  '', '', ( #5432 ) ) ;
#7101 = PRESENTATION_LAYER_ASSIGNMENT (  '', '', ( #4218 ) ) ;
#7102 =( NAMED_UNIT ( * ) SI_UNIT ( $, .STERADIAN. ) SOLID_ANGLE_UNIT ( ) );
#7103 = DIRECTION ( 'NONE',  ( 0.000000000000000000, 0.000000000000000000, -1.000000000000000000 ) ) ;
#7104 = VERTEX_POINT ( 'NONE', #5292 ) ;
#7105 = AXIS2_PLACEMENT_3D ( 'NONE', #208, #171, #241 ) ;
#7106 = EDGE_CURVE ( 'NONE', #2880, #1949, #1365, .T. ) ;
#7107 = VERTEX_POINT ( 'NONE', #4844 ) ;
#7108 = DIRECTION ( 'NONE',  ( -0.000000000000000000, -1.000000000000000000, -0.000000000000000000 ) ) ;
#7109 = ORIENTED_EDGE ( 'NONE', *, *, #4800, .T. ) ;
#7110 = PRESENTATION_STYLE_ASSIGNMENT (( #1296 ) ) ;
#7111 = MECHANICAL_DESIGN_GEOMETRIC_PRESENTATION_REPRESENTATION (  '', ( #6511 ), #4833 ) ;
#7112 = VECTOR ( 'NONE', #3822, 1000.000000000000000 ) ;
#7113 = ORIENTED_EDGE ( 'NONE', *, *, #5638, .F. ) ;
#7114 = SURFACE_STYLE_USAGE ( .BOTH. , #1421 ) ;
#7115 = VECTOR ( 'NONE', #3370, 1000.000000000000000 ) ;
#7116 = FILL_AREA_STYLE_COLOUR ( '', #4963 ) ;
#7117 = ORIENTED_EDGE ( 'NONE', *, *, #2955, .T. ) ;
#7118 = CARTESIAN_POINT ( 'NONE',  ( -0.6161843385158939368, 20.40000000000000213, 2.175401051494815885 ) ) ;
#7119 = ORIENTED_EDGE ( 'NONE', *, *, #2004, .F. ) ;
#7120 = CARTESIAN_POINT ( 'NONE',  ( 12.80000000000000249, 1.000000000000000888, -4.249999999999999112 ) ) ;
#7121 = SURFACE_SIDE_STYLE ('',( #7179 ) ) ;
#7122 = CARTESIAN_POINT ( 'NONE',  ( 1.030708351962583924, 20.19999999999999929, 3.388127551246266744 ) ) ;
#7123 = UNCERTAINTY_MEASURE_WITH_UNIT (LENGTH_MEASURE( 1.000000000000000082E-05 ), #5205, 'distance_accuracy_value', 'NONE');
#7124 = SURFACE_STYLE_FILL_AREA ( #4796 ) ;
#7125 = DIRECTION ( 'NONE',  ( 0.000000000000000000, 0.000000000000000000, 1.000000000000000000 ) ) ;
#7126 = CARTESIAN_POINT ( 'NONE',  ( -9.400000000000002132, -8.662741699796955075, -3.199999999999997957 ) ) ;
#7127 = DIRECTION ( 'NONE',  ( 0.000000000000000000, 0.000000000000000000, -1.000000000000000000 ) ) ;
#7128 =( LENGTH_UNIT ( ) NAMED_UNIT ( * ) SI_UNIT ( .MILLI., .METRE. ) );
#7129 = SURFACE_SIDE_STYLE ('',( #381 ) ) ;
#7130 = CARTESIAN_POINT ( 'NONE',  ( 1.528500154176172021, 20.40000000000000213, 2.749207685811207558 ) ) ;
#7131 =( NAMED_UNIT ( * ) PLANE_ANGLE_UNIT ( ) SI_UNIT ( $, .RADIAN. ) );
#7132 = ORIENTED_EDGE ( 'NONE', *, *, #1627, .F. ) ;
#7133 = DIRECTION ( 'NONE',  ( 1.000000000000000000, 0.000000000000000000, 0.000000000000000000 ) ) ;
#7134 =( LENGTH_UNIT ( ) NAMED_UNIT ( * ) SI_UNIT ( .MILLI., .METRE. ) );
#7135 = VERTEX_POINT ( 'NONE', #782 ) ;
#7136 = CARTESIAN_POINT ( 'NONE',  ( 4.599999999999997868, -3.199999999992542143, 9.811836509656984617 ) ) ;
#7137 = CARTESIAN_POINT ( 'NONE',  ( 11.59999999999999964, 0.5000000000000004441, -5.449999999999999289 ) ) ;
#7138 = DIRECTION ( 'NONE',  ( -0.000000000000000000, -1.000000000000000000, 0.000000000000000000 ) ) ;
#7139 = EDGE_CURVE ( 'NONE', #3358, #1007, #3697, .T. ) ;
#7140 = CARTESIAN_POINT ( 'NONE',  ( 10.20000000000000107, 0.5000000000000000000, -13.29999999999999893 ) ) ;
#7141 = PRESENTATION_LAYER_ASSIGNMENT (  '', '', ( #2016 ) ) ;
#7142 = VERTEX_POINT ( 'NONE', #1431 ) ;
#7143 = ORIENTED_EDGE ( 'NONE', *, *, #492, .F. ) ;
#7144 = CARTESIAN_POINT ( 'NONE',  ( 0.2077027082084978993, 20.19999999999999218, 2.065233874215844256 ) ) ;
#7145 = DIRECTION ( 'NONE',  ( 0.000000000000000000, 0.000000000000000000, 1.000000000000000000 ) ) ;
#7146 = MECHANICAL_DESIGN_GEOMETRIC_PRESENTATION_REPRESENTATION (  '', ( #5485 ), #606 ) ;
#7147 = EDGE_CURVE ( 'NONE', #4938, #1963, #4805, .T. ) ;
#7148 = ORIENTED_EDGE ( 'NONE', *, *, #4522, .T. ) ;
#7149 = EDGE_CURVE ( 'NONE', #7091, #4363, #5381, .T. ) ;
#7150 = EDGE_CURVE ( 'NONE', #2944, #5276, #901, .T. ) ;
#7151 = PRESENTATION_STYLE_ASSIGNMENT (( #882 ) ) ;
#7152 = VECTOR ( 'NONE', #6135, 1000.000000000000000 ) ;
#7153 = ORIENTED_EDGE ( 'NONE', *, *, #5509, .F. ) ;
#7154 = PRESENTATION_STYLE_ASSIGNMENT (( #5628 ) ) ;
#7155 = CARTESIAN_POINT ( 'NONE',  ( 12.20000000000000284, 20.29999999999999716, 0.000000000000000000 ) ) ;
#7156 = PRESENTATION_LAYER_ASSIGNMENT (  '', '', ( #6911 ) ) ;
#7157 = ORIENTED_EDGE ( 'NONE', *, *, #4991, .T. ) ;
#7158 = FILL_AREA_STYLE ('',( #4753 ) ) ;
#7159 = SURFACE_STYLE_FILL_AREA ( #373 ) ;
#7160 = CARTESIAN_POINT ( 'NONE',  ( 5.678679656440361434, 20.29999999999999716, -14.50000000000000000 ) ) ;
#7161 =( LENGTH_UNIT ( ) NAMED_UNIT ( * ) SI_UNIT ( .MILLI., .METRE. ) );
#7162 =( NAMED_UNIT ( * ) SI_UNIT ( $, .STERADIAN. ) SOLID_ANGLE_UNIT ( ) );
#7163 = UNCERTAINTY_MEASURE_WITH_UNIT (LENGTH_MEASURE( 1.000000000000000082E-05 ), #4248, 'distance_accuracy_value', 'NONE');
#7164 = CARTESIAN_POINT ( 'NONE',  ( -10.65000000000000391, 1.500000000000000000, 0.7499999999999998890 ) ) ;
#7165 = FILL_AREA_STYLE_COLOUR ( '', #1235 ) ;
#7166 = VECTOR ( 'NONE', #7330, 1000.000000000000114 ) ;
#7167 = FILL_AREA_STYLE ('',( #1499 ) ) ;
#7168 = VECTOR ( 'NONE', #3547, 1000.000000000000000 ) ;
#7169 =( GEOMETRIC_REPRESENTATION_CONTEXT ( 3 ) GLOBAL_UNCERTAINTY_ASSIGNED_CONTEXT ( ( #1450 ) ) GLOBAL_UNIT_ASSIGNED_CONTEXT ( ( #3286, #4422, #2185 ) ) REPRESENTATION_CONTEXT ( 'NONE', 'WORKASPACE' ) );
#7170 = LINE ( 'NONE', #4187, #370 ) ;
#7171 = FILL_AREA_STYLE_COLOUR ( '', #83 ) ;
#7172 = DIRECTION ( 'NONE',  ( 0.000000000000000000, -0.000000000000000000, -1.000000000000000000 ) ) ;
#7173 = CARTESIAN_POINT ( 'NONE',  ( 4.599999999999997868, 1.000000000000000000, 9.500000000000001776 ) ) ;
#7174 = ORIENTED_EDGE ( 'NONE', *, *, #7367, .T. ) ;
#7175 = AXIS2_PLACEMENT_3D ( 'NONE', #3939, #477, #6144 ) ;
#7176 = DIRECTION ( 'NONE',  ( -0.000000000000000000, 1.000000000000000000, -0.000000000000000000 ) ) ;
#7177 = CARTESIAN_POINT ( 'NONE',  ( 2.643929817321432285, 20.39999999999999858, 4.051964908660713682 ) ) ;
#7178 = ORIENTED_EDGE ( 'NONE', *, *, #4052, .F. ) ;
#7179 = SURFACE_STYLE_FILL_AREA ( #348 ) ;
#7180 = PRESENTATION_STYLE_ASSIGNMENT (( #792 ) ) ;
#7181 = CARTESIAN_POINT ( 'NONE',  ( -2.299999999999997158, 1.000000000000000888, 15.00000000000000000 ) ) ;
#7182 = PRESENTATION_LAYER_ASSIGNMENT (  '', '', ( #6124 ) ) ;
#7183 = CARTESIAN_POINT ( 'NONE',  ( 11.80000000000000071, 18.39999999999999858, -14.00000000000000000 ) ) ;
#7184 = EDGE_CURVE ( 'NONE', #4125, #4322, #3754, .T. ) ;
#7185 = CARTESIAN_POINT ( 'NONE',  ( 1.300000000000002487, 40.93805269026350402, 13.80000000000000071 ) ) ;
#7186 = ORIENTED_EDGE ( 'NONE', *, *, #1183, .F. ) ;
#7187 = DIRECTION ( 'NONE',  ( 0.000000000000000000, 1.000000000000000000, 0.000000000000000000 ) ) ;
#7188 = VERTEX_POINT ( 'NONE', #2097 ) ;
#7189 = CARTESIAN_POINT ( 'NONE',  ( 8.400000000000000355, -3.199999999992542143, -6.411836509643005222 ) ) ;
#7190 = CARTESIAN_POINT ( 'NONE',  ( 12.50000000000000178, 1.000000000000000888, -4.549999999999998934 ) ) ;
#7191 = EDGE_LOOP ( 'NONE', ( #591, #884, #569, #619 ) ) ;
#7192 = SURFACE_STYLE_FILL_AREA ( #6187 ) ;
#7193 = UNCERTAINTY_MEASURE_WITH_UNIT (LENGTH_MEASURE( 1.000000000000000082E-05 ), #5110, 'distance_accuracy_value', 'NONE');
#7194 = DIRECTION ( 'NONE',  ( 0.000000000000000000, 0.000000000000000000, 1.000000000000000000 ) ) ;
#7195 = PRESENTATION_LAYER_ASSIGNMENT (  '', '', ( #646 ) ) ;
#7196 = EDGE_CURVE ( 'NONE', #7142, #6211, #1701, .T. ) ;
#7197 =( LENGTH_UNIT ( ) NAMED_UNIT ( * ) SI_UNIT ( .MILLI., .METRE. ) );
#7198 = CARTESIAN_POINT ( 'NONE',  ( -0.7726425091657797006, 20.39999999999999858, 2.481530064503143507 ) ) ;
#7199 = AXIS2_PLACEMENT_3D ( 'NONE', #4305, #286, #4223 ) ;
#7200 = ORIENTED_EDGE ( 'NONE', *, *, #4530, .T. ) ;
#7201 = CARTESIAN_POINT ( 'NONE',  ( 0.9765074802820844502, 20.19999999999999574, 3.454535190689794533 ) ) ;
#7202 = UNCERTAINTY_MEASURE_WITH_UNIT (LENGTH_MEASURE( 1.000000000000000082E-05 ), #3961, 'distance_accuracy_value', 'NONE');
#7203 = LINE ( 'NONE', #4382, #257 ) ;
#7204 = CYLINDRICAL_SURFACE ( 'NONE', #4351, 0.09999999999999939493 ) ;
#7205 = SURFACE_SIDE_STYLE ('',( #7245 ) ) ;
#7206 = CYLINDRICAL_SURFACE ( 'NONE', #2887, 0.3000000000000016542 ) ;
#7207 = MECHANICAL_DESIGN_GEOMETRIC_PRESENTATION_REPRESENTATION (  '', ( #5063 ), #2996 ) ;
#7208 = EDGE_CURVE ( 'NONE', #7107, #6033, #942, .T. ) ;
#7209 = DIRECTION ( 'NONE',  ( 1.122798366328030394E-16, 0.000000000000000000, -1.000000000000000000 ) ) ;
#7210 = CARTESIAN_POINT ( 'NONE',  ( -10.35000000000000142, 0.5000000000000000000, 0.7499999999999988898 ) ) ;
#7211 = CARTESIAN_POINT ( 'NONE',  ( 1.518194914556907804, 20.39999999999999858, 3.086631448658788912 ) ) ;
#7212 = SURFACE_SIDE_STYLE ('',( #6062 ) ) ;
#7213 =( GEOMETRIC_REPRESENTATION_CONTEXT ( 3 ) GLOBAL_UNCERTAINTY_ASSIGNED_CONTEXT ( ( #636 ) ) GLOBAL_UNIT_ASSIGNED_CONTEXT ( ( #4729, #5570, #1609 ) ) REPRESENTATION_CONTEXT ( 'NONE', 'WORKASPACE' ) );
#7214 =( LENGTH_UNIT ( ) NAMED_UNIT ( * ) SI_UNIT ( .MILLI., .METRE. ) );
#7215 = CARTESIAN_POINT ( 'NONE',  ( 0.3400000000000035216, 20.39999999999999858, 4.088567449039156365 ) ) ;
#7216 = VERTEX_POINT ( 'NONE', #383 ) ;
#7217 = LINE ( 'NONE', #5012, #6626 ) ;
#7218 =( NAMED_UNIT ( * ) PLANE_ANGLE_UNIT ( ) SI_UNIT ( $, .RADIAN. ) );
#7219 = AXIS2_PLACEMENT_3D ( 'NONE', #102, #5919, #5242 ) ;
#7220 = CARTESIAN_POINT ( 'NONE',  ( 11.59999999999999964, 1.000000000000000888, 15.00000000000000000 ) ) ;
#7221 = MECHANICAL_DESIGN_GEOMETRIC_PRESENTATION_REPRESENTATION (  '', ( #2797 ), #4949 ) ;
#7222 = COLOUR_RGB ( '',0.000000000000000000, 0.000000000000000000, 1.000000000000000000 ) ;
#7223 = AXIS2_PLACEMENT_3D ( 'NONE', #840, #958, #879 ) ;
#7224 =( LENGTH_UNIT ( ) NAMED_UNIT ( * ) SI_UNIT ( .MILLI., .METRE. ) );
#7225 = ORIENTED_EDGE ( 'NONE', *, *, #5969, .F. ) ;
#7226 = CARTESIAN_POINT ( 'NONE',  ( -1.563929817321426441, 20.19999999999999929, 3.851964908660715725 ) ) ;
#7227 = CARTESIAN_POINT ( 'NONE',  ( -11.65000000000000036, 20.29999999999999716, 2.049999999999999822 ) ) ;
#7228 = PRESENTATION_STYLE_ASSIGNMENT (( #4940 ) ) ;
#7229 = ORIENTED_EDGE ( 'NONE', *, *, #5169, .F. ) ;
#7230 = CARTESIAN_POINT ( 'NONE',  ( -11.35000000000000320, 0.5000000000000004441, 16.00000000000000000 ) ) ;
#7231 = VECTOR ( 'NONE', #495, 1000.000000000000000 ) ;
#7232 = PRESENTATION_LAYER_ASSIGNMENT (  '', '', ( #1861 ) ) ;
#7233 = SURFACE_STYLE_USAGE ( .BOTH. , #7312 ) ;
#7234 = MECHANICAL_DESIGN_GEOMETRIC_PRESENTATION_REPRESENTATION (  '', ( #4089 ), #2214 ) ;
#7235 = VECTOR ( 'NONE', #5290, 1000.000000000000000 ) ;
#7236 = DIRECTION ( 'NONE',  ( -0.000000000000000000, 1.000000000000000000, -0.000000000000000000 ) ) ;
#7237 =( GEOMETRIC_REPRESENTATION_CONTEXT ( 3 ) GLOBAL_UNCERTAINTY_ASSIGNED_CONTEXT ( ( #5706 ) ) GLOBAL_UNIT_ASSIGNED_CONTEXT ( ( #687, #5760, #124 ) ) REPRESENTATION_CONTEXT ( 'NONE', 'WORKASPACE' ) );
#7238 = ORIENTED_EDGE ( 'NONE', *, *, #6599, .F. ) ;
#7239 = LINE ( 'NONE', #7320, #819 ) ;
#7240 = ORIENTED_EDGE ( 'NONE', *, *, #6454, .F. ) ;
#7241 = FILL_AREA_STYLE ('',( #6659 ) ) ;
#7242 = CARTESIAN_POINT ( 'NONE',  ( 12.80000000000000249, 0.5000000000000000000, -4.249999999999999112 ) ) ;
#7243 = EDGE_CURVE ( 'NONE', #65, #2002, #392, .T. ) ;
#7244 = UNCERTAINTY_MEASURE_WITH_UNIT (LENGTH_MEASURE( 1.000000000000000082E-05 ), #7097, 'distance_accuracy_value', 'NONE');
#7245 = SURFACE_STYLE_FILL_AREA ( #2127 ) ;
#7246 = SURFACE_STYLE_USAGE ( .BOTH. , #893 ) ;
#7247 = SURFACE_STYLE_USAGE ( .BOTH. , #2718 ) ;
#7248 = CARTESIAN_POINT ( 'NONE',  ( 4.599999999999998757, 0.5000000000000000000, 7.700000000000002842 ) ) ;
#7249 = MECHANICAL_DESIGN_GEOMETRIC_PRESENTATION_REPRESENTATION (  '', ( #1885 ), #3879 ) ;
#7250 = DIRECTION ( 'NONE',  ( -0.000000000000000000, 1.000000000000000000, 0.000000000000000000 ) ) ;
#7251 = ADVANCED_FACE ( 'NONE', ( #3592 ), #5899, .T. ) ;
#7252 = DIRECTION ( 'NONE',  ( -1.000000000000000000, -0.000000000000000000, -0.000000000000000000 ) ) ;
#7253 = LINE ( 'NONE', #4843, #6728 ) ;
#7254 = PRESENTATION_STYLE_ASSIGNMENT (( #1650 ) ) ;
#7255 =( NAMED_UNIT ( * ) SI_UNIT ( $, .STERADIAN. ) SOLID_ANGLE_UNIT ( ) );
#7256 = MANIFOLD_SOLID_BREP ( 'Imported8', #5015 ) ;
#7257 = CIRCLE ( 'NONE', #806, 0.7118365096549437165 ) ;
#7258 =( GEOMETRIC_REPRESENTATION_CONTEXT ( 3 ) GLOBAL_UNCERTAINTY_ASSIGNED_CONTEXT ( ( #2847 ) ) GLOBAL_UNIT_ASSIGNED_CONTEXT ( ( #345, #2102, #3716 ) ) REPRESENTATION_CONTEXT ( 'NONE', 'WORKASPACE' ) );
#7259 = DIRECTION ( 'NONE',  ( -0.000000000000000000, 1.000000000000000000, -0.000000000000000000 ) ) ;
#7260 = VERTEX_POINT ( 'NONE', #6750 ) ;
#7261 = CARTESIAN_POINT ( 'NONE',  ( -9.400000000000002132, -2.699999999999900258, -3.199999999999997957 ) ) ;
#7262 = CARTESIAN_POINT ( 'NONE',  ( -10.35000000000000142, 0.4000000000000000222, 12.59160797830996259 ) ) ;
#7263 = ORIENTED_EDGE ( 'NONE', *, *, #1183, .T. ) ;
#7264 = MANIFOLD_SOLID_BREP ( 'Imported5', #837 ) ;
#7265 = ORIENTED_EDGE ( 'NONE', *, *, #3510, .F. ) ;
#7266 = CARTESIAN_POINT ( 'NONE',  ( -0.06195844049999930242, 20.19999999999999929, 3.641136805148503353 ) ) ;
#7267 = SURFACE_STYLE_USAGE ( .BOTH. , #5543 ) ;
#7268 = VERTEX_POINT ( 'NONE', #7375 ) ;
#7269 = AXIS2_PLACEMENT_3D ( 'NONE', #3283, #3883, #967 ) ;
#7270 =( LENGTH_UNIT ( ) NAMED_UNIT ( * ) SI_UNIT ( .MILLI., .METRE. ) );
#7271 = STYLED_ITEM ( 'NONE', ( #1342 ), #3926 ) ;
#7272 = LINE ( 'NONE', #5629, #6331 ) ;
#7273 = ORIENTED_EDGE ( 'NONE', *, *, #1465, .F. ) ;
#7274 = CARTESIAN_POINT ( 'NONE',  ( 7.200000000000001954, 1.500000000000000000, 15.00000000000000000 ) ) ;
#7275 = VERTEX_POINT ( 'NONE', #505 ) ;
#7276 = MANIFOLD_SOLID_BREP ( 'Imported7', #2956 ) ;
#7277 = UNCERTAINTY_MEASURE_WITH_UNIT (LENGTH_MEASURE( 1.000000000000000082E-05 ), #403, 'distance_accuracy_value', 'NONE');
#7278 =( NAMED_UNIT ( * ) SI_UNIT ( $, .STERADIAN. ) SOLID_ANGLE_UNIT ( ) );
#7279 = CARTESIAN_POINT ( 'NONE',  ( 13.80000000000000071, 83.05825363168716535, 16.00000000000000000 ) ) ;
#7280 = B_SPLINE_CURVE_WITH_KNOTS ( 'NONE', 3,
 ( #1383, #5326, #6047, #6520, #934, #2555, #3186, #4264, #7201, #7122, #5480, #6558, #4794, #1458, #222, #3621, #4137, #3069, #254, #6736, #7361, #414, #2818, #3851, #2085, #3921, #3885, #4992, #2785, #3251, #3359, #6695 ),
 .UNSPECIFIED., .F., .F.,
 ( 4, 1, 2, 2, 2, 1, 1, 2, 2, 2, 1, 2, 2, 2, 1, 1, 2, 2, 4 ),
 ( 0.000000000000000000, 0.06249999999999975020, 0.09374999999999968081, 0.1249999999999996114, 0.2499999999999991118, 0.3124999999999988343, 0.3437499999999986677, 0.3593749999999983902, 0.3749999999999981126, 0.4999999999999966693, 0.5624999999999960032, 0.5937499999999958922, 0.6249999999999957812, 0.7499999999999968914, 0.8124999999999974465, 0.8437499999999978906, 0.8593749999999980016, 0.8749999999999981126, 1.000000000000000000 ),
 .UNSPECIFIED. ) ;
#7281 = EDGE_CURVE ( 'NONE', #1490, #6292, #740, .T. ) ;
#7282 = CARTESIAN_POINT ( 'NONE',  ( 4.599999999999997868, -2.700000000000025491, 9.500000000000001776 ) ) ;
#7283 = MECHANICAL_DESIGN_GEOMETRIC_PRESENTATION_REPRESENTATION (  '', ( #4139 ), #1680 ) ;
#7284 = LINE ( 'NONE', #1087, #3911 ) ;
#7285 = CARTESIAN_POINT ( 'NONE',  ( 8.500000000000000000, 0.5000000000000000000, 11.40839202169004096 ) ) ;
#7286 = CARTESIAN_POINT ( 'NONE',  ( -8.935786437626903833, 0.4166666666666671848, 12.49300664859163668 ) ) ;
#7287 = CIRCLE ( 'NONE', #843, 1.799999999999999600 ) ;
#7288 = FILL_AREA_STYLE ('',( #3825 ) ) ;
#7289 = CARTESIAN_POINT ( 'NONE',  ( 13.80000000000000071, 0.5000000000000000000, -11.40839202169004096 ) ) ;
#7290 = AXIS2_PLACEMENT_3D ( 'NONE', #7126, #4958, #4385 ) ;
#7291 = EDGE_CURVE ( 'NONE', #2542, #251, #2231, .T. ) ;
#7292 = EDGE_CURVE ( 'NONE', #7301, #2584, #6363, .T. ) ;
#7293 = COLOUR_RGB ( '',0.000000000000000000, 0.000000000000000000, 1.000000000000000000 ) ;
#7294 = SURFACE_STYLE_USAGE ( .BOTH. , #4474 ) ;
#7295 = ORIENTED_EDGE ( 'NONE', *, *, #1573, .F. ) ;
#7296 = FACE_OUTER_BOUND ( 'NONE', #3619, .T. ) ;
#7297 = DIRECTION ( 'NONE',  ( 0.000000000000000000, 0.000000000000000000, -1.000000000000000000 ) ) ;
#7298 = PRESENTATION_STYLE_ASSIGNMENT (( #1130 ) ) ;
#7299 = VECTOR ( 'NONE', #3147, 1000.000000000000000 ) ;
#7300 = CIRCLE ( 'NONE', #144, 1.800000000000001155 ) ;
#7301 = VERTEX_POINT ( 'NONE', #5783 ) ;
#7302 = EDGE_CURVE ( 'NONE', #4005, #5724, #5140, .T. ) ;
#7303 = SURFACE_STYLE_USAGE ( .BOTH. , #953 ) ;
#7304 = CIRCLE ( 'NONE', #2365, 0.09999999999999939493 ) ;
#7305 = ORIENTED_EDGE ( 'NONE', *, *, #809, .F. ) ;
#7306 = DIRECTION ( 'NONE',  ( -0.000000000000000000, 1.000000000000000000, -0.000000000000000000 ) ) ;
#7307 = STYLED_ITEM ( 'NONE', ( #7298 ), #6997 ) ;
#7308 = CARTESIAN_POINT ( 'NONE',  ( 0.1293999421695297691, 20.20000000000000639, 3.722447522882111670 ) ) ;
#7309 = FILL_AREA_STYLE ('',( #1104 ) ) ;
#7310 =( LENGTH_UNIT ( ) NAMED_UNIT ( * ) SI_UNIT ( .MILLI., .METRE. ) );
#7311 =( LENGTH_UNIT ( ) NAMED_UNIT ( * ) SI_UNIT ( .MILLI., .METRE. ) );
#7312 = SURFACE_SIDE_STYLE ('',( #5096 ) ) ;
#7313 = VECTOR ( 'NONE', #77, 1000.000000000000000 ) ;
#7314 = DIRECTION ( 'NONE',  ( 0.000000000000000000, 0.000000000000000000, 1.000000000000000000 ) ) ;
#7315 = ORIENTED_EDGE ( 'NONE', *, *, #5698, .F. ) ;
#7316 = LINE ( 'NONE', #2707, #3769 ) ;
#7317 = FACE_OUTER_BOUND ( 'NONE', #1320, .T. ) ;
#7318 = VECTOR ( 'NONE', #2151, 1000.000000000000000 ) ;
#7319 = ORIENTED_EDGE ( 'NONE', *, *, #398, .T. ) ;
#7320 = CARTESIAN_POINT ( 'NONE',  ( -9.150000000000002132, 40.93805269026350402, 13.79999999999999893 ) ) ;
#7321 = ORIENTED_EDGE ( 'NONE', *, *, #3605, .F. ) ;
#7322 = FILL_AREA_STYLE ('',( #458 ) ) ;
#7323 = SURFACE_SIDE_STYLE ('',( #4994 ) ) ;
#7324 = APPLICATION_PROTOCOL_DEFINITION ( 'draft international standard', 'automotive_design', 1998, #2845 ) ;
#7325 = UNCERTAINTY_MEASURE_WITH_UNIT (LENGTH_MEASURE( 1.000000000000000082E-05 ), #536, 'distance_accuracy_value', 'NONE');
#7326 =( GEOMETRIC_REPRESENTATION_CONTEXT ( 3 ) GLOBAL_UNCERTAINTY_ASSIGNED_CONTEXT ( ( #5995 ) ) GLOBAL_UNIT_ASSIGNED_CONTEXT ( ( #2825, #4511, #5686 ) ) REPRESENTATION_CONTEXT ( 'NONE', 'WORKASPACE' ) );
#7327 = CYLINDRICAL_SURFACE ( 'NONE', #4488, 0.2999999999999999334 ) ;
#7328 = CARTESIAN_POINT ( 'NONE',  ( 5.678679656440363210, 20.35857864376268367, -14.50000000000000178 ) ) ;
#7329 = AXIS2_PLACEMENT_3D ( 'NONE', #1976, #3661, #5967 ) ;
#7330 = DIRECTION ( 'NONE',  ( 2.126576849775160206E-17, 0.9848077530093370946, -0.1736481776832116408 ) ) ;
#7331 = CARTESIAN_POINT ( 'NONE',  ( -2.299999999999997158, 0.5000000000000000000, 13.79999999999999893 ) ) ;
#7332 = COLOUR_RGB ( '',0.000000000000000000, 0.000000000000000000, 1.000000000000000000 ) ;
#7333 = DIRECTION ( 'NONE',  ( 0.000000000000000000, 0.000000000000000000, 1.000000000000000000 ) ) ;
#7334 = EDGE_CURVE ( 'NONE', #4051, #3874, #6889, .T. ) ;
#7335 = ORIENTED_EDGE ( 'NONE', *, *, #3550, .T. ) ;
#7336 = LINE ( 'NONE', #4972, #6789 ) ;
#7337 = PRESENTATION_STYLE_ASSIGNMENT (( #2071 ) ) ;
#7338 = EDGE_CURVE ( 'NONE', #1892, #175, #2635, .T. ) ;
#7339 = AXIS2_PLACEMENT_3D ( 'NONE', #2807, #1705, #5234 ) ;
#7340 = ORIENTED_EDGE ( 'NONE', *, *, #4148, .T. ) ;
#7341 = CARTESIAN_POINT ( 'NONE',  ( 13.50000000000000355, 0.5000000000000004441, -15.69999999999999929 ) ) ;
#7342 = CARTESIAN_POINT ( 'NONE',  ( -11.35000000000000320, 20.29999999999999716, 16.00000000000000000 ) ) ;
#7343 = MANIFOLD_SOLID_BREP ( 'Imported3', #5123 ) ;
#7344 = ORIENTED_EDGE ( 'NONE', *, *, #6951, .F. ) ;
#7345 = LINE ( 'NONE', #3209, #5185 ) ;
#7346 = AXIS2_PLACEMENT_3D ( 'NONE', #1240, #6215, #5792 ) ;
#7347 = CYLINDRICAL_SURFACE ( 'NONE', #3310, 0.4000000000000010214 ) ;
#7348 = FILL_AREA_STYLE ('',( #4555 ) ) ;
#7349 = LINE ( 'NONE', #1551, #366 ) ;
#7350 = PLANE ( 'NONE',  #7339 ) ;
#7351 = EDGE_CURVE ( 'NONE', #3093, #634, #1828, .T. ) ;
#7352 = SURFACE_SIDE_STYLE ('',( #6655 ) ) ;
#7353 = VECTOR ( 'NONE', #1538, 1000.000000000000000 ) ;
#7354 = PRESENTATION_LAYER_ASSIGNMENT (  '', '', ( #5294 ) ) ;
#7355 = SURFACE_STYLE_USAGE ( .BOTH. , #2418 ) ;
#7356 = DIRECTION ( 'NONE',  ( -0.000000000000000000, -1.000000000000000000, 0.000000000000000000 ) ) ;
#7357 = VERTEX_POINT ( 'NONE', #4002 ) ;
#7358 = CIRCLE ( 'NONE', #1750, 1.799999999999999822 ) ;
#7359 = AXIS2_PLACEMENT_3D ( 'NONE', #4240, #4735, #4697 ) ;
#7360 = APPLICATION_CONTEXT ( 'automotive_design' ) ;
#7361 = CARTESIAN_POINT ( 'NONE',  ( 1.133679383037464961, 20.20000000000000284, 2.616959485461100687 ) ) ;
#7362 = UNCERTAINTY_MEASURE_WITH_UNIT (LENGTH_MEASURE( 1.000000000000000082E-05 ), #6763, 'distance_accuracy_value', 'NONE');
#7363 =( NAMED_UNIT ( * ) PLANE_ANGLE_UNIT ( ) SI_UNIT ( $, .RADIAN. ) );
#7364 = DIRECTION ( 'NONE',  ( 0.000000000000000000, -0.000000000000000000, -1.000000000000000000 ) ) ;
#7365 = COLOUR_RGB ( '',0.000000000000000000, 0.000000000000000000, 1.000000000000000000 ) ;
#7366 = VECTOR ( 'NONE', #4437, 1000.000000000000000 ) ;
#7367 = EDGE_CURVE ( 'NONE', #4303, #2265, #1190, .T. ) ;
#7368 = FACE_OUTER_BOUND ( 'NONE', #2392, .T. ) ;
#7369 = CARTESIAN_POINT ( 'NONE',  ( 12.80000000000000249, 1.000000000000000888, -14.70000000000000107 ) ) ;
#7370 = PRESENTATION_STYLE_ASSIGNMENT (( #1569 ) ) ;
#7371 = AXIS2_PLACEMENT_3D ( 'NONE', #7055, #6975, #5220 ) ;
#7372 = LINE ( 'NONE', #5674, #4838 ) ;
#7373 = AXIS2_PLACEMENT_3D ( 'NONE', #6965, #5893, #1787 ) ;
#7374 = LINE ( 'NONE', #7331, #1138 ) ;
#7375 = CARTESIAN_POINT ( 'NONE',  ( -10.35000000000000142, 0.5000000000000000000, 1.050000000000000044 ) ) ;
#7376 = DIRECTION ( 'NONE',  ( 0.000000000000000000, -1.000000000000000000, 0.000000000000000000 ) ) ;
#7377 = AXIS2_PLACEMENT_3D ( 'NONE', #1086, #3329, #6637 ) ;
#7378 = SURFACE_STYLE_FILL_AREA ( #582 ) ;
#7379 = DIRECTION ( 'NONE',  ( 0.000000000000000000, 0.000000000000000000, 1.000000000000000000 ) ) ;
#7380 = ORIENTED_EDGE ( 'NONE', *, *, #6941, .F. ) ;
#7381 = LINE ( 'NONE', #4167, #1869 ) ;
#7382 =( LENGTH_UNIT ( ) NAMED_UNIT ( * ) SI_UNIT ( .MILLI., .METRE. ) );
#7383 = LINE ( 'NONE', #3304, #4902 ) ;
#7384 = ORIENTED_EDGE ( 'NONE', *, *, #1763, .F. ) ;
#7385 = PRESENTATION_LAYER_ASSIGNMENT (  '', '', ( #2929 ) ) ;
#7386 = DIRECTION ( 'NONE',  ( 0.000000000000000000, 0.000000000000000000, 1.000000000000000000 ) ) ;
#7387 = VERTEX_POINT ( 'NONE', #3434 ) ;
#7388 = CARTESIAN_POINT ( 'NONE',  ( 2.434122196186101927, 20.25490381056766509, 3.947061098093049392 ) ) ;
#7389 = ADVANCED_FACE ( 'NONE', ( #5749 ), #5216, .T. ) ;
#7390 = DIRECTION ( 'NONE',  ( -0.000000000000000000, 0.000000000000000000, 1.000000000000000000 ) ) ;
#7391 = CYLINDRICAL_SURFACE ( 'NONE', #5663, 0.09999999999999939493 ) ;
#7392 = NEXT_ASSEMBLY_USAGE_OCCURRENCE ( 'NAUO1', ' ', ' ', #380, #1690, $ ) ;
ENDSEC;
END-ISO-10303-21;
